2026-04-26 08:16:21.826    INFO  cn.imhtb.live.AntLiveApplication - Starting AntLiveApplication using Java 21.0.8 on DESKTOP-B9L3SV4 with PID 20284 (E:\Antigravity\live-broadcasting\backend\target\classes started by kishi in E:\Antigravity\live-broadcasting\backend)
2026-04-26 08:16:21.829    INFO  cn.imhtb.live.AntLiveApplication - The following profiles are active: local
2026-04-26 08:16:21.829    DEBUG org.springframework.boot.SpringApplication - Loading source class cn.imhtb.live.AntLiveApplication
2026-04-26 08:16:21.880    DEBUG org.springframework.boot.web.servlet.context.AnnotationConfigServletWebServerApplicationContext - Refreshing org.springframework.boot.web.servlet.context.AnnotationConfigServletWebServerApplicationContext@5af3a0f
2026-04-26 08:16:22.713    INFO  org.springframework.data.repository.config.RepositoryConfigurationDelegate - Multiple Spring Data modules found, entering strict repository configuration mode!
2026-04-26 08:16:22.713    INFO  org.springframework.data.repository.config.RepositoryConfigurationDelegate - Bootstrapping Spring Data Redis repositories in DEFAULT mode.
2026-04-26 08:16:22.732    DEBUG org.springframework.boot.autoconfigure.AutoConfigurationPackages - @EnableAutoConfiguration was declared on a class in the package 'cn.imhtb.live'. Automatic @Repository and @Entity scanning is enabled.
2026-04-26 08:16:22.766    INFO  org.springframework.data.repository.config.RepositoryConfigurationDelegate - Finished Spring Data repository scanning in 38 ms. Found 0 Redis repository interfaces.
2026-04-26 08:16:23.512    INFO  org.springframework.context.support.PostProcessorRegistrationDelegate$BeanPostProcessorChecker - Bean 'org.springframework.security.access.expression.method.DefaultMethodSecurityExpressionHandler@30036a18' of type [org.springframework.security.access.expression.method.DefaultMethodSecurityExpressionHandler] is not eligible for getting processed by all BeanPostProcessors (for example: not eligible for auto-proxying)
2026-04-26 08:16:23.514    INFO  org.springframework.context.support.PostProcessorRegistrationDelegate$BeanPostProcessorChecker - Bean 'methodSecurityMetadataSource' of type [org.springframework.security.access.method.DelegatingMethodSecurityMetadataSource] is not eligible for getting processed by all BeanPostProcessors (for example: not eligible for auto-proxying)
2026-04-26 08:16:23.723    DEBUG org.springframework.boot.web.embedded.tomcat.TomcatServletWebServerFactory - Code archive: E:\Antigravity\live-broadcasting\.m2repo\org\springframework\boot\spring-boot\2.5.8\spring-boot-2.5.8.jar
2026-04-26 08:16:23.723    DEBUG org.springframework.boot.web.embedded.tomcat.TomcatServletWebServerFactory - Code archive: E:\Antigravity\live-broadcasting\.m2repo\org\springframework\boot\spring-boot\2.5.8\spring-boot-2.5.8.jar
2026-04-26 08:16:23.723    DEBUG org.springframework.boot.web.embedded.tomcat.TomcatServletWebServerFactory - None of the document roots [src/main/webapp, public, static] point to a directory and will be ignored.
2026-04-26 08:16:23.738    INFO  org.springframework.boot.web.embedded.tomcat.TomcatWebServer - Tomcat initialized with port(s): 8088 (http)
2026-04-26 08:16:23.834    DEBUG org.springframework.boot.web.servlet.context.ServletWebServerApplicationContext - Published root WebApplicationContext as ServletContext attribute with name [org.springframework.web.context.WebApplicationContext.ROOT]
2026-04-26 08:16:23.834    INFO  org.springframework.boot.web.servlet.context.ServletWebServerApplicationContext - Root WebApplicationContext: initialization completed in 1954 ms
2026-04-26 08:16:23.868    DEBUG org.springframework.boot.web.servlet.ServletContextInitializerBeans - Mapping filters: springSecurityFilterChain urls=[/*] order=-100, characterEncodingFilter urls=[/*] order=-2147483648, formContentFilter urls=[/*] order=-9900, requestContextFilter urls=[/*] order=-105, corsFilter urls=[/*] order=2147483647
2026-04-26 08:16:23.869    DEBUG org.springframework.boot.web.servlet.ServletContextInitializerBeans - Mapping servlets: dispatcherServlet urls=[/]
2026-04-26 08:16:23.893    DEBUG org.springframework.boot.web.servlet.filter.OrderedRequestContextFilter - Filter 'requestContextFilter' configured for use
2026-04-26 08:16:23.893    DEBUG org.springframework.web.filter.CorsFilter - Filter 'corsFilter' configured for use
2026-04-26 08:16:23.893    DEBUG org.springframework.boot.web.servlet.filter.OrderedCharacterEncodingFilter - Filter 'characterEncodingFilter' configured for use
2026-04-26 08:16:23.893    DEBUG org.springframework.boot.web.servlet.DelegatingFilterProxyRegistrationBean$1 - Filter 'springSecurityFilterChain' configured for use
2026-04-26 08:16:23.894    DEBUG org.springframework.boot.web.servlet.filter.OrderedFormContentFilter - Filter 'formContentFilter' configured for use
2026-04-26 08:16:25.537    DEBUG o.s.boot.context.properties.source.ConfigurationPropertySourcesPropertyResolver$DefaultResolver - Found key 'aliyun.sms.accessKeyId' in PropertySource 'Config resource 'class path resource [application.yml]' via location 'optional:classpath:/'' with value of type String
2026-04-26 08:16:25.537    DEBUG o.s.boot.context.properties.source.ConfigurationPropertySourcesPropertyResolver$DefaultResolver - Found key 'aliyun.sms.accessKeySecret' in PropertySource 'Config resource 'class path resource [application.yml]' via location 'optional:classpath:/'' with value of type String
2026-04-26 08:16:25.538    DEBUG o.s.boot.context.properties.source.ConfigurationPropertySourcesPropertyResolver$DefaultResolver - Found key 'aliyun.sms.signName' in PropertySource 'Config resource 'class path resource [application.yml]' via location 'optional:classpath:/'' with value of type String
2026-04-26 08:16:25.538    DEBUG o.s.boot.context.properties.source.ConfigurationPropertySourcesPropertyResolver$DefaultResolver - Found key 'aliyun.sms.templateCode' in PropertySource 'Config resource 'class path resource [application.yml]' via location 'optional:classpath:/'' with value of type String
2026-04-26 08:16:25.539    DEBUG o.s.boot.context.properties.source.ConfigurationPropertySourcesPropertyResolver$DefaultResolver - Found key 'aliyun.sms.templateParam' in PropertySource 'Config resource 'class path resource [application.yml]' via location 'optional:classpath:/'' with value of type String
2026-04-26 08:16:25.539    DEBUG o.s.boot.context.properties.source.ConfigurationPropertySourcesPropertyResolver$DefaultResolver - Found key 'aliyun.sms.countryCode' in PropertySource 'Config resource 'class path resource [application.yml]' via location 'optional:classpath:/'' with value of type String
2026-04-26 08:16:25.540    DEBUG o.s.boot.context.properties.source.ConfigurationPropertySourcesPropertyResolver$DefaultResolver - Found key 'aliyun.sms.schemeName' in PropertySource 'Config resource 'class path resource [application.yml]' via location 'optional:classpath:/'' with value of type String
2026-04-26 08:16:25.540    DEBUG o.s.boot.context.properties.source.ConfigurationPropertySourcesPropertyResolver$DefaultResolver - Found key 'aliyun.sms.smsUpExtendCode' in PropertySource 'Config resource 'class path resource [application.yml]' via location 'optional:classpath:/'' with value of type String
2026-04-26 08:16:25.540    DEBUG o.s.boot.context.properties.source.ConfigurationPropertySourcesPropertyResolver$DefaultResolver - Found key 'aliyun.sms.codeLength' in PropertySource 'Config resource 'class path resource [application.yml]' via location 'optional:classpath:/'' with value of type Integer
2026-04-26 08:16:25.541    DEBUG o.s.boot.context.properties.source.ConfigurationPropertySourcesPropertyResolver$DefaultResolver - Found key 'aliyun.sms.codeType' in PropertySource 'Config resource 'class path resource [application.yml]' via location 'optional:classpath:/'' with value of type Integer
2026-04-26 08:16:25.541    DEBUG o.s.boot.context.properties.source.ConfigurationPropertySourcesPropertyResolver$DefaultResolver - Found key 'aliyun.sms.validTimeSeconds' in PropertySource 'Config resource 'class path resource [application.yml]' via location 'optional:classpath:/'' with value of type Integer
2026-04-26 08:16:25.541    DEBUG o.s.boot.context.properties.source.ConfigurationPropertySourcesPropertyResolver$DefaultResolver - Found key 'aliyun.sms.duplicatePolicy' in PropertySource 'Config resource 'class path resource [application.yml]' via location 'optional:classpath:/'' with value of type Integer
2026-04-26 08:16:25.542    DEBUG o.s.boot.context.properties.source.ConfigurationPropertySourcesPropertyResolver$DefaultResolver - Found key 'aliyun.sms.intervalSeconds' in PropertySource 'Config resource 'class path resource [application.yml]' via location 'optional:classpath:/'' with value of type Integer
2026-04-26 08:16:25.542    DEBUG o.s.boot.context.properties.source.ConfigurationPropertySourcesPropertyResolver$DefaultResolver - Found key 'aliyun.sms.returnVerifyCode' in PropertySource 'Config resource 'class path resource [application.yml]' via location 'optional:classpath:/'' with value of type Boolean
2026-04-26 08:16:26.221    INFO  cn.imhtb.live.modules.server.netty.WebSocketServer - websocket server start success, port : 10022
2026-04-26 08:16:26.672    DEBUG org.springframework.web.servlet.mvc.method.annotation.RequestMappingHandlerMapping - 132 mappings in 'requestMappingHandlerMapping'
2026-04-26 08:16:26.915    INFO  org.springframework.security.web.DefaultSecurityFilterChain - Will secure any request with [org.springframework.security.web.context.request.async.WebAsyncManagerIntegrationFilter@5b6637f3, org.springframework.security.web.context.SecurityContextPersistenceFilter@49a0fe14, org.springframework.security.web.header.HeaderWriterFilter@1e8c741c, org.springframework.web.filter.CorsFilter@16a09809, org.springframework.security.web.authentication.logout.LogoutFilter@6441da2c, cn.imhtb.live.common.filter.JwtAuthenticationFilter@5dc218e2, cn.imhtb.live.common.filter.JwtAuthorizationFilter@11d474a, org.springframework.security.web.savedrequest.RequestCacheAwareFilter@4ed7db72, org.springframework.security.web.servletapi.SecurityContextHolderAwareRequestFilter@30ae3c46, org.springframework.security.web.authentication.AnonymousAuthenticationFilter@4be6531a, org.springframework.security.web.session.SessionManagementFilter@6db64abf, org.springframework.security.web.access.ExceptionTranslationFilter@7eb006bd, org.springframework.security.web.access.intercept.FilterSecurityInterceptor@6c79a7c1]
2026-04-26 08:16:26.939    DEBUG org.springframework.web.socket.server.support.WebSocketHandlerMapping - Patterns [/ws/browser-live] in 'webSocketHandlerMapping'
2026-04-26 08:16:27.051    DEBUG org.springframework.web.servlet.mvc.method.annotation.RequestMappingHandlerAdapter - ControllerAdvice beans: 0 @ModelAttribute, 0 @InitBinder, 1 RequestBodyAdvice, 1 ResponseBodyAdvice
2026-04-26 08:16:27.079    INFO  org.springframework.boot.autoconfigure.web.servlet.WelcomePageHandlerMapping - Adding welcome page: class path resource [static/index.html]
2026-04-26 08:16:27.121    DEBUG org.springframework.web.servlet.handler.SimpleUrlHandlerMapping - Patterns [/webjars/**, /**] in 'resourceHandlerMapping'
2026-04-26 08:16:27.134    DEBUG org.springframework.web.servlet.mvc.method.annotation.ExceptionHandlerExceptionResolver - ControllerAdvice beans: 1 @ExceptionHandler, 1 ResponseBodyAdvice
2026-04-26 08:16:27.381    INFO  org.springframework.boot.web.embedded.tomcat.TomcatWebServer - Tomcat started on port(s): 8088 (http) with context path ''
2026-04-26 08:16:27.836    DEBUG org.springframework.boot.autoconfigure.logging.ConditionEvaluationReportLoggingListener - 


============================
CONDITIONS EVALUATION REPORT
============================


Positive matches:
-----------------

   AopAutoConfiguration matched:
      - @ConditionalOnProperty (spring.aop.auto=true) matched (OnPropertyCondition)

   AopAutoConfiguration.AspectJAutoProxyingConfiguration matched:
      - @ConditionalOnClass found required class 'org.aspectj.weaver.Advice' (OnClassCondition)

   AopAutoConfiguration.AspectJAutoProxyingConfiguration.CglibAutoProxyConfiguration matched:
      - @ConditionalOnProperty (spring.aop.proxy-target-class=true) matched (OnPropertyCondition)

   CacheAutoConfiguration matched:
      - @ConditionalOnClass found required class 'org.springframework.cache.CacheManager' (OnClassCondition)
      - @ConditionalOnBean (types: org.springframework.cache.interceptor.CacheAspectSupport; SearchStrategy: all) found bean 'cacheInterceptor'; @ConditionalOnMissingBean (names: cacheResolver types: org.springframework.cache.CacheManager; SearchStrategy: all) did not find any beans (OnBeanCondition)

   CacheAutoConfiguration#cacheManagerCustomizers matched:
      - @ConditionalOnMissingBean (types: org.springframework.boot.autoconfigure.cache.CacheManagerCustomizers; SearchStrategy: all) did not find any beans (OnBeanCondition)

   DataSourceAutoConfiguration matched:
      - @ConditionalOnClass found required classes 'javax.sql.DataSource', 'org.springframework.jdbc.datasource.embedded.EmbeddedDatabaseType' (OnClassCondition)
      - @ConditionalOnMissingBean (types: io.r2dbc.spi.ConnectionFactory; SearchStrategy: all) did not find any beans (OnBeanCondition)

   DataSourceConfiguration.Generic matched:
      - @ConditionalOnProperty (spring.datasource.type) matched (OnPropertyCondition)

   DataSourceInitializationConfiguration matched:
      - @ConditionalOnClass found required class 'org.springframework.jdbc.datasource.init.DatabasePopulator' (OnClassCondition)
      - @ConditionalOnSingleCandidate (types: javax.sql.DataSource; SearchStrategy: all) found a primary bean from beans 'dataSource'; @ConditionalOnMissingBean (types: org.springframework.boot.sql.init.AbstractScriptDatabaseInitializer; SearchStrategy: all) did not find any beans (OnBeanCondition)

   DataSourceJmxConfiguration matched:
      - @ConditionalOnProperty (spring.jmx.enabled=true) matched (OnPropertyCondition)

   DataSourceJmxConfiguration.Hikari matched:
      - @ConditionalOnClass found required class 'com.zaxxer.hikari.HikariDataSource' (OnClassCondition)

   DataSourcePoolMetadataProvidersConfiguration.HikariPoolDataSourceMetadataProviderConfiguration matched:
      - @ConditionalOnClass found required class 'com.zaxxer.hikari.HikariDataSource' (OnClassCondition)

   DataSourceTransactionManagerAutoConfiguration matched:
      - @ConditionalOnClass found required classes 'org.springframework.jdbc.core.JdbcTemplate', 'org.springframework.transaction.TransactionManager' (OnClassCondition)

   DataSourceTransactionManagerAutoConfiguration.JdbcTransactionManagerConfiguration matched:
      - @ConditionalOnSingleCandidate (types: javax.sql.DataSource; SearchStrategy: all) found a primary bean from beans 'dataSource' (OnBeanCondition)

   DataSourceTransactionManagerAutoConfiguration.JdbcTransactionManagerConfiguration#transactionManager matched:
      - @ConditionalOnMissingBean (types: org.springframework.transaction.TransactionManager; SearchStrategy: all) did not find any beans (OnBeanCondition)

   DdlAutoConfiguration matched:
      - @ConditionalOnClass found required class 'com.baomidou.mybatisplus.extension.ddl.IDdl' (OnClassCondition)

   DispatcherServletAutoConfiguration matched:
      - @ConditionalOnClass found required class 'org.springframework.web.servlet.DispatcherServlet' (OnClassCondition)
      - found 'session' scope (OnWebApplicationCondition)

   DispatcherServletAutoConfiguration.DispatcherServletConfiguration matched:
      - @ConditionalOnClass found required class 'javax.servlet.ServletRegistration' (OnClassCondition)
      - Default DispatcherServlet did not find dispatcher servlet beans (DispatcherServletAutoConfiguration.DefaultDispatcherServletCondition)

   DispatcherServletAutoConfiguration.DispatcherServletRegistrationConfiguration matched:
      - @ConditionalOnClass found required class 'javax.servlet.ServletRegistration' (OnClassCondition)
      - DispatcherServlet Registration did not find servlet registration bean (DispatcherServletAutoConfiguration.DispatcherServletRegistrationCondition)

   DispatcherServletAutoConfiguration.DispatcherServletRegistrationConfiguration#dispatcherServletRegistration matched:
      - @ConditionalOnBean (names: dispatcherServlet types: org.springframework.web.servlet.DispatcherServlet; SearchStrategy: all) found bean 'dispatcherServlet' (OnBeanCondition)

   DocConfig matched:
      - @ConditionalOnWebApplication (required) found 'session' scope (OnWebApplicationCondition)

   DruidDataSourceAutoConfigure matched:
      - @ConditionalOnClass found required class 'com.alibaba.druid.pool.DruidDataSource' (OnClassCondition)

   DruidDataSourceAutoConfigure#dataSource matched:
      - @ConditionalOnMissingBean (types: javax.sql.DataSource; SearchStrategy: all) did not find any beans (OnBeanCondition)

   EmbeddedWebServerFactoryCustomizerAutoConfiguration matched:
      - @ConditionalOnWebApplication (required) found 'session' scope (OnWebApplicationCondition)

   EmbeddedWebServerFactoryCustomizerAutoConfiguration.TomcatWebServerFactoryCustomizerConfiguration matched:
      - @ConditionalOnClass found required classes 'org.apache.catalina.startup.Tomcat', 'org.apache.coyote.UpgradeProtocol' (OnClassCondition)

   ErrorMvcAutoConfiguration matched:
      - @ConditionalOnClass found required classes 'javax.servlet.Servlet', 'org.springframework.web.servlet.DispatcherServlet' (OnClassCondition)
      - found 'session' scope (OnWebApplicationCondition)

   ErrorMvcAutoConfiguration#basicErrorController matched:
      - @ConditionalOnMissingBean (types: org.springframework.boot.web.servlet.error.ErrorController; SearchStrategy: current) did not find any beans (OnBeanCondition)

   ErrorMvcAutoConfiguration#errorAttributes matched:
      - @ConditionalOnMissingBean (types: org.springframework.boot.web.servlet.error.ErrorAttributes; SearchStrategy: current) did not find any beans (OnBeanCondition)

   ErrorMvcAutoConfiguration.DefaultErrorViewResolverConfiguration#conventionErrorViewResolver matched:
      - @ConditionalOnBean (types: org.springframework.web.servlet.DispatcherServlet; SearchStrategy: all) found bean 'dispatcherServlet'; @ConditionalOnMissingBean (types: org.springframework.boot.autoconfigure.web.servlet.error.ErrorViewResolver; SearchStrategy: all) did not find any beans (OnBeanCondition)

   ErrorMvcAutoConfiguration.WhitelabelErrorViewConfiguration matched:
      - @ConditionalOnProperty (server.error.whitelabel.enabled) matched (OnPropertyCondition)
      - ErrorTemplate Missing did not find error template view (ErrorMvcAutoConfiguration.ErrorTemplateMissingCondition)

   ErrorMvcAutoConfiguration.WhitelabelErrorViewConfiguration#beanNameViewResolver matched:
      - @ConditionalOnMissingBean (types: org.springframework.web.servlet.view.BeanNameViewResolver; SearchStrategy: all) did not find any beans (OnBeanCondition)

   ErrorMvcAutoConfiguration.WhitelabelErrorViewConfiguration#defaultErrorView matched:
      - @ConditionalOnMissingBean (names: error; SearchStrategy: all) did not find any beans (OnBeanCondition)

   FileStorageAutoConfiguration matched:
      - @ConditionalOnMissingBean (types: org.dromara.x.file.storage.core.FileStorageService; SearchStrategy: all) did not find any beans (OnBeanCondition)

   FileStorageAutoConfiguration#contentTypeDetect matched:
      - @ConditionalOnMissingBean (types: org.dromara.x.file.storage.core.tika.ContentTypeDetect; SearchStrategy: all) did not find any beans (OnBeanCondition)

   FileStorageAutoConfiguration#tikaFactory matched:
      - @ConditionalOnMissingBean (types: org.dromara.x.file.storage.core.tika.TikaFactory; SearchStrategy: all) did not find any beans (OnBeanCondition)

   FileStorageAutoConfiguration.FileStorageLocalFileAccessAutoConfiguration matched:
      - @ConditionalOnClass found required class 'org.springframework.web.servlet.config.annotation.WebMvcConfigurer' (OnClassCondition)

   GsonAutoConfiguration matched:
      - @ConditionalOnClass found required class 'com.google.gson.Gson' (OnClassCondition)

   GsonAutoConfiguration#gson matched:
      - @ConditionalOnMissingBean (types: com.google.gson.Gson; SearchStrategy: all) did not find any beans (OnBeanCondition)

   GsonAutoConfiguration#gsonBuilder matched:
      - @ConditionalOnMissingBean (types: com.google.gson.GsonBuilder; SearchStrategy: all) did not find any beans (OnBeanCondition)

   GsonHttpMessageConvertersConfiguration matched:
      - @ConditionalOnClass found required class 'com.google.gson.Gson' (OnClassCondition)

   HttpEncodingAutoConfiguration matched:
      - @ConditionalOnClass found required class 'org.springframework.web.filter.CharacterEncodingFilter' (OnClassCondition)
      - found 'session' scope (OnWebApplicationCondition)
      - @ConditionalOnProperty (server.servlet.encoding.enabled) matched (OnPropertyCondition)

   HttpEncodingAutoConfiguration#characterEncodingFilter matched:
      - @ConditionalOnMissingBean (types: org.springframework.web.filter.CharacterEncodingFilter; SearchStrategy: all) did not find any beans (OnBeanCondition)

   HttpMessageConvertersAutoConfiguration matched:
      - @ConditionalOnClass found required class 'org.springframework.http.converter.HttpMessageConverter' (OnClassCondition)
      - NoneNestedConditions 0 matched 1 did not; NestedCondition on HttpMessageConvertersAutoConfiguration.NotReactiveWebApplicationCondition.ReactiveWebApplication did not find reactive web application classes (HttpMessageConvertersAutoConfiguration.NotReactiveWebApplicationCondition)

   HttpMessageConvertersAutoConfiguration#messageConverters matched:
      - @ConditionalOnMissingBean (types: org.springframework.boot.autoconfigure.http.HttpMessageConverters; SearchStrategy: all) did not find any beans (OnBeanCondition)

   HttpMessageConvertersAutoConfiguration.StringHttpMessageConverterConfiguration matched:
      - @ConditionalOnClass found required class 'org.springframework.http.converter.StringHttpMessageConverter' (OnClassCondition)

   HttpMessageConvertersAutoConfiguration.StringHttpMessageConverterConfiguration#stringHttpMessageConverter matched:
      - @ConditionalOnMissingBean (types: org.springframework.http.converter.StringHttpMessageConverter; SearchStrategy: all) did not find any beans (OnBeanCondition)

   InterceptorConfig#collectInterceptor matched:
      - @ConditionalOnBean (types: cn.imhtb.live.common.interceptor.TokenInterceptor; SearchStrategy: all) found bean 'tokenInterceptor' (OnBeanCondition)

   JCacheCacheConfiguration matched:
      - @ConditionalOnClass found required classes 'javax.cache.Caching', 'org.springframework.cache.jcache.JCacheCacheManager' (OnClassCondition)
      - Cache org.springframework.boot.autoconfigure.cache.JCacheCacheConfiguration automatic cache type (CacheCondition)
      - AnyNestedCondition 1 matched 1 did not; NestedCondition on JCacheCacheConfiguration.JCacheAvailableCondition.CustomJCacheCacheManager @ConditionalOnSingleCandidate (types: javax.cache.CacheManager; SearchStrategy: all) did not find any beans; NestedCondition on JCacheCacheConfiguration.JCacheAvailableCondition.JCacheProvider JCache found single JSR-107 provider (JCacheCacheConfiguration.JCacheAvailableCondition)
      - @ConditionalOnMissingBean (types: org.springframework.cache.CacheManager; SearchStrategy: all) did not find any beans (OnBeanCondition)

   JCacheCacheConfiguration#jCacheCacheManager matched:
      - @ConditionalOnMissingBean (types: javax.cache.CacheManager; SearchStrategy: all) did not find any beans (OnBeanCondition)

   JacksonAutoConfiguration matched:
      - @ConditionalOnClass found required class 'com.fasterxml.jackson.databind.ObjectMapper' (OnClassCondition)

   JacksonAutoConfiguration.Jackson2ObjectMapperBuilderCustomizerConfiguration matched:
      - @ConditionalOnClass found required class 'org.springframework.http.converter.json.Jackson2ObjectMapperBuilder' (OnClassCondition)

   JacksonAutoConfiguration.JacksonObjectMapperBuilderConfiguration matched:
      - @ConditionalOnClass found required class 'org.springframework.http.converter.json.Jackson2ObjectMapperBuilder' (OnClassCondition)

   JacksonAutoConfiguration.JacksonObjectMapperBuilderConfiguration#jacksonObjectMapperBuilder matched:
      - @ConditionalOnMissingBean (types: org.springframework.http.converter.json.Jackson2ObjectMapperBuilder; SearchStrategy: all) did not find any beans (OnBeanCondition)

   JacksonAutoConfiguration.JacksonObjectMapperConfiguration matched:
      - @ConditionalOnClass found required class 'org.springframework.http.converter.json.Jackson2ObjectMapperBuilder' (OnClassCondition)

   JacksonAutoConfiguration.JacksonObjectMapperConfiguration#jacksonObjectMapper matched:
      - @ConditionalOnMissingBean (types: com.fasterxml.jackson.databind.ObjectMapper; SearchStrategy: all) did not find any beans (OnBeanCondition)

   JacksonAutoConfiguration.ParameterNamesModuleConfiguration matched:
      - @ConditionalOnClass found required class 'com.fasterxml.jackson.module.paramnames.ParameterNamesModule' (OnClassCondition)

   JacksonAutoConfiguration.ParameterNamesModuleConfiguration#parameterNamesModule matched:
      - @ConditionalOnMissingBean (types: com.fasterxml.jackson.module.paramnames.ParameterNamesModule; SearchStrategy: all) did not find any beans (OnBeanCondition)

   JacksonHttpMessageConvertersConfiguration.MappingJackson2HttpMessageConverterConfiguration matched:
      - @ConditionalOnClass found required class 'com.fasterxml.jackson.databind.ObjectMapper' (OnClassCondition)
      - @ConditionalOnProperty (spring.mvc.converters.preferred-json-mapper=jackson) matched (OnPropertyCondition)
      - @ConditionalOnBean (types: com.fasterxml.jackson.databind.ObjectMapper; SearchStrategy: all) found bean 'jacksonObjectMapper' (OnBeanCondition)

   JacksonHttpMessageConvertersConfiguration.MappingJackson2HttpMessageConverterConfiguration#mappingJackson2HttpMessageConverter matched:
      - @ConditionalOnMissingBean (types: org.springframework.http.converter.json.MappingJackson2HttpMessageConverter ignored: org.springframework.hateoas.server.mvc.TypeConstrainedMappingJackson2HttpMessageConverter,org.springframework.data.rest.webmvc.alps.AlpsJsonHttpMessageConverter; SearchStrategy: all) did not find any beans (OnBeanCondition)

   JdbcTemplateAutoConfiguration matched:
      - @ConditionalOnClass found required classes 'javax.sql.DataSource', 'org.springframework.jdbc.core.JdbcTemplate' (OnClassCondition)
      - @ConditionalOnSingleCandidate (types: javax.sql.DataSource; SearchStrategy: all) found a primary bean from beans 'dataSource' (OnBeanCondition)

   JdbcTemplateConfiguration matched:
      - @ConditionalOnMissingBean (types: org.springframework.jdbc.core.JdbcOperations; SearchStrategy: all) did not find any beans (OnBeanCondition)

   LettuceConnectionConfiguration matched:
      - @ConditionalOnClass found required class 'io.lettuce.core.RedisClient' (OnClassCondition)
      - @ConditionalOnProperty (spring.redis.client-type=lettuce) matched (OnPropertyCondition)

   LettuceConnectionConfiguration#lettuceClientResources matched:
      - @ConditionalOnMissingBean (types: io.lettuce.core.resource.ClientResources; SearchStrategy: all) did not find any beans (OnBeanCondition)

   LettuceConnectionConfiguration#redisConnectionFactory matched:
      - @ConditionalOnMissingBean (types: org.springframework.data.redis.connection.RedisConnectionFactory; SearchStrategy: all) did not find any beans (OnBeanCondition)

   LifecycleAutoConfiguration#defaultLifecycleProcessor matched:
      - @ConditionalOnMissingBean (names: lifecycleProcessor; SearchStrategy: current) did not find any beans (OnBeanCondition)

   MailSenderAutoConfiguration matched:
      - @ConditionalOnClass found required classes 'javax.mail.internet.MimeMessage', 'javax.activation.MimeType', 'org.springframework.mail.MailSender' (OnClassCondition)
      - AnyNestedCondition 1 matched 1 did not; NestedCondition on MailSenderAutoConfiguration.MailSenderCondition.JndiNameProperty @ConditionalOnProperty (spring.mail.jndi-name) did not find property 'jndi-name'; NestedCondition on MailSenderAutoConfiguration.MailSenderCondition.HostProperty @ConditionalOnProperty (spring.mail.host) matched (MailSenderAutoConfiguration.MailSenderCondition)
      - @ConditionalOnMissingBean (types: org.springframework.mail.MailSender; SearchStrategy: all) did not find any beans (OnBeanCondition)

   MailSenderPropertiesConfiguration matched:
      - @ConditionalOnProperty (spring.mail.host) matched (OnPropertyCondition)

   MailSenderPropertiesConfiguration#mailSender matched:
      - @ConditionalOnMissingBean (types: org.springframework.mail.javamail.JavaMailSender; SearchStrategy: all) did not find any beans (OnBeanCondition)

   MultipartAutoConfiguration matched:
      - @ConditionalOnClass found required classes 'javax.servlet.Servlet', 'org.springframework.web.multipart.support.StandardServletMultipartResolver', 'javax.servlet.MultipartConfigElement' (OnClassCondition)
      - found 'session' scope (OnWebApplicationCondition)
      - @ConditionalOnProperty (spring.servlet.multipart.enabled) matched (OnPropertyCondition)

   MultipartAutoConfiguration#multipartConfigElement matched:
      - @ConditionalOnMissingBean (types: javax.servlet.MultipartConfigElement,org.springframework.web.multipart.commons.CommonsMultipartResolver; SearchStrategy: all) did not find any beans (OnBeanCondition)

   MultipartAutoConfiguration#multipartResolver matched:
      - @ConditionalOnMissingBean (types: org.springframework.web.multipart.MultipartResolver; SearchStrategy: all) did not find any beans (OnBeanCondition)

   MybatisPlusAutoConfiguration matched:
      - @ConditionalOnClass found required classes 'org.apache.ibatis.session.SqlSessionFactory', 'org.mybatis.spring.SqlSessionFactoryBean' (OnClassCondition)
      - @ConditionalOnSingleCandidate (types: javax.sql.DataSource; SearchStrategy: all) found a primary bean from beans 'dataSource' (OnBeanCondition)

   MybatisPlusAutoConfiguration#sqlSessionFactory matched:
      - @ConditionalOnMissingBean (types: org.apache.ibatis.session.SqlSessionFactory; SearchStrategy: all) did not find any beans (OnBeanCondition)

   MybatisPlusAutoConfiguration#sqlSessionTemplate matched:
      - @ConditionalOnMissingBean (types: org.mybatis.spring.SqlSessionTemplate; SearchStrategy: all) did not find any beans (OnBeanCondition)

   MybatisPlusLanguageDriverAutoConfiguration matched:
      - @ConditionalOnClass found required class 'org.apache.ibatis.scripting.LanguageDriver' (OnClassCondition)

   NamedParameterJdbcTemplateConfiguration matched:
      - @ConditionalOnSingleCandidate (types: org.springframework.jdbc.core.JdbcTemplate; SearchStrategy: all) found a primary bean from beans 'jdbcTemplate'; @ConditionalOnMissingBean (types: org.springframework.jdbc.core.namedparam.NamedParameterJdbcOperations; SearchStrategy: all) did not find any beans (OnBeanCondition)

   NettyAutoConfiguration matched:
      - @ConditionalOnClass found required class 'io.netty.util.NettyRuntime' (OnClassCondition)

   PersistenceExceptionTranslationAutoConfiguration matched:
      - @ConditionalOnClass found required class 'org.springframework.dao.annotation.PersistenceExceptionTranslationPostProcessor' (OnClassCondition)

   PersistenceExceptionTranslationAutoConfiguration#persistenceExceptionTranslationPostProcessor matched:
      - @ConditionalOnProperty (spring.dao.exceptiontranslation.enabled) matched (OnPropertyCondition)
      - @ConditionalOnMissingBean (types: org.springframework.dao.annotation.PersistenceExceptionTranslationPostProcessor; SearchStrategy: all) did not find any beans (OnBeanCondition)

   PropertyPlaceholderAutoConfiguration#propertySourcesPlaceholderConfigurer matched:
      - @ConditionalOnMissingBean (types: org.springframework.context.support.PropertySourcesPlaceholderConfigurer; SearchStrategy: current) did not find any beans (OnBeanCondition)

   RedisAutoConfiguration matched:
      - @ConditionalOnClass found required class 'org.springframework.data.redis.core.RedisOperations' (OnClassCondition)

   RedisAutoConfiguration#redisTemplate matched:
      - @ConditionalOnSingleCandidate (types: org.springframework.data.redis.connection.RedisConnectionFactory; SearchStrategy: all) found a primary bean from beans 'redisConnectionFactory'; @ConditionalOnMissingBean (names: redisTemplate; SearchStrategy: all) did not find any beans (OnBeanCondition)

   RedisAutoConfiguration#stringRedisTemplate matched:
      - @ConditionalOnSingleCandidate (types: org.springframework.data.redis.connection.RedisConnectionFactory; SearchStrategy: all) found a primary bean from beans 'redisConnectionFactory'; @ConditionalOnMissingBean (types: org.springframework.data.redis.core.StringRedisTemplate; SearchStrategy: all) did not find any beans (OnBeanCondition)

   RedisReactiveAutoConfiguration matched:
      - @ConditionalOnClass found required classes 'org.springframework.data.redis.connection.ReactiveRedisConnectionFactory', 'org.springframework.data.redis.core.ReactiveRedisTemplate', 'reactor.core.publisher.Flux' (OnClassCondition)

   RedisReactiveAutoConfiguration#reactiveRedisTemplate matched:
      - @ConditionalOnBean (types: org.springframework.data.redis.connection.ReactiveRedisConnectionFactory; SearchStrategy: all) found bean 'redisConnectionFactory'; @ConditionalOnMissingBean (names: reactiveRedisTemplate; SearchStrategy: all) did not find any beans (OnBeanCondition)

   RedisReactiveAutoConfiguration#reactiveStringRedisTemplate matched:
      - @ConditionalOnBean (types: org.springframework.data.redis.connection.ReactiveRedisConnectionFactory; SearchStrategy: all) found bean 'redisConnectionFactory'; @ConditionalOnMissingBean (names: reactiveStringRedisTemplate; SearchStrategy: all) did not find any beans (OnBeanCondition)

   RedisRepositoriesAutoConfiguration matched:
      - @ConditionalOnClass found required class 'org.springframework.data.redis.repository.configuration.EnableRedisRepositories' (OnClassCondition)
      - @ConditionalOnProperty (spring.data.redis.repositories.enabled=true) matched (OnPropertyCondition)
      - @ConditionalOnBean (types: org.springframework.data.redis.connection.RedisConnectionFactory; SearchStrategy: all) found bean 'redisConnectionFactory'; @ConditionalOnMissingBean (types: org.springframework.data.redis.repository.support.RedisRepositoryFactoryBean; SearchStrategy: all) did not find any beans (OnBeanCondition)

   RestTemplateAutoConfiguration matched:
      - @ConditionalOnClass found required class 'org.springframework.web.client.RestTemplate' (OnClassCondition)
      - NoneNestedConditions 0 matched 1 did not; NestedCondition on RestTemplateAutoConfiguration.NotReactiveWebApplicationCondition.ReactiveWebApplication did not find reactive web application classes (RestTemplateAutoConfiguration.NotReactiveWebApplicationCondition)

   RestTemplateAutoConfiguration#restTemplateBuilder matched:
      - @ConditionalOnMissingBean (types: org.springframework.boot.web.client.RestTemplateBuilder; SearchStrategy: all) did not find any beans (OnBeanCondition)

   RestTemplateAutoConfiguration#restTemplateBuilderConfigurer matched:
      - @ConditionalOnMissingBean (types: org.springframework.boot.autoconfigure.web.client.RestTemplateBuilderConfigurer; SearchStrategy: all) did not find any beans (OnBeanCondition)

   SecurityAutoConfiguration matched:
      - @ConditionalOnClass found required class 'org.springframework.security.authentication.DefaultAuthenticationEventPublisher' (OnClassCondition)

   SecurityAutoConfiguration#authenticationEventPublisher matched:
      - @ConditionalOnMissingBean (types: org.springframework.security.authentication.AuthenticationEventPublisher; SearchStrategy: all) did not find any beans (OnBeanCondition)

   SecurityFilterAutoConfiguration matched:
      - @ConditionalOnClass found required classes 'org.springframework.security.web.context.AbstractSecurityWebApplicationInitializer', 'org.springframework.security.config.http.SessionCreationPolicy' (OnClassCondition)
      - found 'session' scope (OnWebApplicationCondition)

   SecurityFilterAutoConfiguration#securityFilterChainRegistration matched:
      - @ConditionalOnBean (names: springSecurityFilterChain; SearchStrategy: all) found bean 'springSecurityFilterChain' (OnBeanCondition)

   ServletWebServerFactoryAutoConfiguration matched:
      - @ConditionalOnClass found required class 'javax.servlet.ServletRequest' (OnClassCondition)
      - found 'session' scope (OnWebApplicationCondition)

   ServletWebServerFactoryAutoConfiguration#tomcatServletWebServerFactoryCustomizer matched:
      - @ConditionalOnClass found required class 'org.apache.catalina.startup.Tomcat' (OnClassCondition)

   ServletWebServerFactoryConfiguration.EmbeddedTomcat matched:
      - @ConditionalOnClass found required classes 'javax.servlet.Servlet', 'org.apache.catalina.startup.Tomcat', 'org.apache.coyote.UpgradeProtocol' (OnClassCondition)
      - @ConditionalOnMissingBean (types: org.springframework.boot.web.servlet.server.ServletWebServerFactory; SearchStrategy: current) did not find any beans (OnBeanCondition)

   SpringDataWebAutoConfiguration matched:
      - @ConditionalOnClass found required classes 'org.springframework.data.web.PageableHandlerMethodArgumentResolver', 'org.springframework.web.servlet.config.annotation.WebMvcConfigurer' (OnClassCondition)
      - found 'session' scope (OnWebApplicationCondition)
      - @ConditionalOnMissingBean (types: org.springframework.data.web.PageableHandlerMethodArgumentResolver; SearchStrategy: all) did not find any beans (OnBeanCondition)

   SpringDataWebAutoConfiguration#pageableCustomizer matched:
      - @ConditionalOnMissingBean (types: org.springframework.data.web.config.PageableHandlerMethodArgumentResolverCustomizer; SearchStrategy: all) did not find any beans (OnBeanCondition)

   SpringDataWebAutoConfiguration#sortCustomizer matched:
      - @ConditionalOnMissingBean (types: org.springframework.data.web.config.SortHandlerMethodArgumentResolverCustomizer; SearchStrategy: all) did not find any beans (OnBeanCondition)

   SpringFileStorageProperties matched:
      - @ConditionalOnMissingBean (types: org.dromara.x.file.storage.spring.SpringFileStorageProperties; SearchStrategy: all) did not find any beans (OnBeanCondition)

   SqlInitializationAutoConfiguration matched:
      - @ConditionalOnProperty (spring.sql.init.enabled) matched (OnPropertyCondition)
      - NoneNestedConditions 0 matched 1 did not; NestedCondition on SqlInitializationAutoConfiguration.SqlInitializationModeCondition.ModeIsNever @ConditionalOnProperty (spring.sql.init.mode=never) did not find property 'mode' (SqlInitializationAutoConfiguration.SqlInitializationModeCondition)
      - @ConditionalOnMissingBean (types: org.springframework.boot.sql.init.AbstractScriptDatabaseInitializer; SearchStrategy: all) did not find any beans (OnBeanCondition)

   Swagger2DocumentationWebMvcConfiguration matched:
      - @ConditionalOnClass found required class 'springfox.documentation.spring.web.SpringfoxWebMvcConfiguration' (OnClassCondition)

   TaskExecutionAutoConfiguration matched:
      - @ConditionalOnClass found required class 'org.springframework.scheduling.concurrent.ThreadPoolTaskExecutor' (OnClassCondition)

   TaskExecutionAutoConfiguration#applicationTaskExecutor matched:
      - @ConditionalOnMissingBean (types: java.util.concurrent.Executor; SearchStrategy: all) did not find any beans (OnBeanCondition)

   TaskExecutionAutoConfiguration#taskExecutorBuilder matched:
      - @ConditionalOnMissingBean (types: org.springframework.boot.task.TaskExecutorBuilder; SearchStrategy: all) did not find any beans (OnBeanCondition)

   TaskSchedulingAutoConfiguration matched:
      - @ConditionalOnClass found required class 'org.springframework.scheduling.concurrent.ThreadPoolTaskScheduler' (OnClassCondition)

   TaskSchedulingAutoConfiguration#taskSchedulerBuilder matched:
      - @ConditionalOnMissingBean (types: org.springframework.boot.task.TaskSchedulerBuilder; SearchStrategy: all) did not find any beans (OnBeanCondition)

   TransactionAutoConfiguration matched:
      - @ConditionalOnClass found required class 'org.springframework.transaction.PlatformTransactionManager' (OnClassCondition)

   TransactionAutoConfiguration#platformTransactionManagerCustomizers matched:
      - @ConditionalOnMissingBean (types: org.springframework.boot.autoconfigure.transaction.TransactionManagerCustomizers; SearchStrategy: all) did not find any beans (OnBeanCondition)

   TransactionAutoConfiguration.EnableTransactionManagementConfiguration matched:
      - @ConditionalOnBean (types: org.springframework.transaction.TransactionManager; SearchStrategy: all) found bean 'transactionManager'; @ConditionalOnMissingBean (types: org.springframework.transaction.annotation.AbstractTransactionManagementConfiguration; SearchStrategy: all) did not find any beans (OnBeanCondition)

   TransactionAutoConfiguration.EnableTransactionManagementConfiguration.CglibAutoProxyConfiguration matched:
      - @ConditionalOnProperty (spring.aop.proxy-target-class=true) matched (OnPropertyCondition)

   TransactionAutoConfiguration.TransactionTemplateConfiguration matched:
      - @ConditionalOnSingleCandidate (types: org.springframework.transaction.PlatformTransactionManager; SearchStrategy: all) found a primary bean from beans 'transactionManager' (OnBeanCondition)

   TransactionAutoConfiguration.TransactionTemplateConfiguration#transactionTemplate matched:
      - @ConditionalOnMissingBean (types: org.springframework.transaction.support.TransactionOperations; SearchStrategy: all) did not find any beans (OnBeanCondition)

   ValidationAutoConfiguration matched:
      - @ConditionalOnClass found required class 'javax.validation.executable.ExecutableValidator' (OnClassCondition)
      - @ConditionalOnResource found location classpath:META-INF/services/javax.validation.spi.ValidationProvider (OnResourceCondition)

   ValidationAutoConfiguration#defaultValidator matched:
      - @ConditionalOnMissingBean (types: javax.validation.Validator; SearchStrategy: all) did not find any beans (OnBeanCondition)

   ValidationAutoConfiguration#methodValidationPostProcessor matched:
      - @ConditionalOnMissingBean (types: org.springframework.validation.beanvalidation.MethodValidationPostProcessor; SearchStrategy: current) did not find any beans (OnBeanCondition)

   WebMvcAutoConfiguration matched:
      - @ConditionalOnClass found required classes 'javax.servlet.Servlet', 'org.springframework.web.servlet.DispatcherServlet', 'org.springframework.web.servlet.config.annotation.WebMvcConfigurer' (OnClassCondition)
      - found 'session' scope (OnWebApplicationCondition)
      - @ConditionalOnMissingBean (types: org.springframework.web.servlet.config.annotation.WebMvcConfigurationSupport; SearchStrategy: all) did not find any beans (OnBeanCondition)

   WebMvcAutoConfiguration#formContentFilter matched:
      - @ConditionalOnProperty (spring.mvc.formcontent.filter.enabled) matched (OnPropertyCondition)
      - @ConditionalOnMissingBean (types: org.springframework.web.filter.FormContentFilter; SearchStrategy: all) did not find any beans (OnBeanCondition)

   WebMvcAutoConfiguration.EnableWebMvcConfiguration#flashMapManager matched:
      - @ConditionalOnMissingBean (names: flashMapManager; SearchStrategy: all) did not find any beans (OnBeanCondition)

   WebMvcAutoConfiguration.EnableWebMvcConfiguration#localeResolver matched:
      - @ConditionalOnMissingBean (names: localeResolver; SearchStrategy: all) did not find any beans (OnBeanCondition)

   WebMvcAutoConfiguration.EnableWebMvcConfiguration#themeResolver matched:
      - @ConditionalOnMissingBean (names: themeResolver; SearchStrategy: all) did not find any beans (OnBeanCondition)

   WebMvcAutoConfiguration.WebMvcAutoConfigurationAdapter#defaultViewResolver matched:
      - @ConditionalOnMissingBean (types: org.springframework.web.servlet.view.InternalResourceViewResolver; SearchStrategy: all) did not find any beans (OnBeanCondition)

   WebMvcAutoConfiguration.WebMvcAutoConfigurationAdapter#requestContextFilter matched:
      - @ConditionalOnMissingBean (types: org.springframework.web.context.request.RequestContextListener,org.springframework.web.filter.RequestContextFilter; SearchStrategy: all) did not find any beans (OnBeanCondition)

   WebMvcAutoConfiguration.WebMvcAutoConfigurationAdapter#viewResolver matched:
      - @ConditionalOnBean (types: org.springframework.web.servlet.ViewResolver; SearchStrategy: all) found beans 'defaultViewResolver', 'beanNameViewResolver', 'mvcViewResolver'; @ConditionalOnMissingBean (names: viewResolver types: org.springframework.web.servlet.view.ContentNegotiatingViewResolver; SearchStrategy: all) did not find any beans (OnBeanCondition)

   WebSocketMessagingAutoConfiguration matched:
      - @ConditionalOnClass found required class 'org.springframework.web.socket.config.annotation.WebSocketMessageBrokerConfigurer' (OnClassCondition)
      - found 'session' scope (OnWebApplicationCondition)

   WebSocketServletAutoConfiguration matched:
      - @ConditionalOnClass found required classes 'javax.servlet.Servlet', 'javax.websocket.server.ServerContainer' (OnClassCondition)
      - found 'session' scope (OnWebApplicationCondition)

   WebSocketServletAutoConfiguration.TomcatWebSocketConfiguration matched:
      - @ConditionalOnClass found required classes 'org.apache.catalina.startup.Tomcat', 'org.apache.tomcat.websocket.server.WsSci' (OnClassCondition)

   WebSocketServletAutoConfiguration.TomcatWebSocketConfiguration#websocketServletWebServerCustomizer matched:
      - @ConditionalOnMissingBean (names: websocketServletWebServerCustomizer; SearchStrategy: all) did not find any beans (OnBeanCondition)


Negative matches:
-----------------

   ActiveMQAutoConfiguration:
      Did not match:
         - @ConditionalOnClass did not find required class 'javax.jms.ConnectionFactory' (OnClassCondition)

   AopAutoConfiguration.AspectJAutoProxyingConfiguration.JdkDynamicAutoProxyConfiguration:
      Did not match:
         - @ConditionalOnProperty (spring.aop.proxy-target-class=false) did not find property 'proxy-target-class' (OnPropertyCondition)

   AopAutoConfiguration.ClassProxyingConfiguration:
      Did not match:
         - @ConditionalOnMissingClass found unwanted class 'org.aspectj.weaver.Advice' (OnClassCondition)

   ArtemisAutoConfiguration:
      Did not match:
         - @ConditionalOnClass did not find required class 'javax.jms.ConnectionFactory' (OnClassCondition)

   BatchAutoConfiguration:
      Did not match:
         - @ConditionalOnClass did not find required class 'org.springframework.batch.core.launch.JobLauncher' (OnClassCondition)

   CacheAutoConfiguration.CacheManagerEntityManagerFactoryDependsOnPostProcessor:
      Did not match:
         - @ConditionalOnClass did not find required class 'org.springframework.orm.jpa.LocalContainerEntityManagerFactoryBean' (OnClassCondition)

   CaffeineCacheConfiguration:
      Did not match:
         - @ConditionalOnMissingBean (types: org.springframework.cache.CacheManager; SearchStrategy: all) found beans of type 'org.springframework.cache.CacheManager' cacheManager (OnBeanCondition)
      Matched:
         - @ConditionalOnClass found required classes 'com.github.benmanes.caffeine.cache.Caffeine', 'org.springframework.cache.caffeine.CaffeineCacheManager' (OnClassCondition)
         - Cache org.springframework.boot.autoconfigure.cache.CaffeineCacheConfiguration automatic cache type (CacheCondition)

   CassandraAutoConfiguration:
      Did not match:
         - @ConditionalOnClass did not find required class 'com.datastax.oss.driver.api.core.CqlSession' (OnClassCondition)

   CassandraDataAutoConfiguration:
      Did not match:
         - @ConditionalOnClass did not find required class 'com.datastax.oss.driver.api.core.CqlSession' (OnClassCondition)

   CassandraReactiveDataAutoConfiguration:
      Did not match:
         - @ConditionalOnClass did not find required class 'com.datastax.oss.driver.api.core.CqlSession' (OnClassCondition)

   CassandraReactiveRepositoriesAutoConfiguration:
      Did not match:
         - @ConditionalOnClass did not find required class 'org.springframework.data.cassandra.ReactiveSession' (OnClassCondition)

   CassandraRepositoriesAutoConfiguration:
      Did not match:
         - @ConditionalOnClass did not find required class 'com.datastax.oss.driver.api.core.CqlSession' (OnClassCondition)

   ClientHttpConnectorAutoConfiguration:
      Did not match:
         - @ConditionalOnClass did not find required class 'org.springframework.web.reactive.function.client.WebClient' (OnClassCondition)

   CodecsAutoConfiguration:
      Did not match:
         - @ConditionalOnClass did not find required class 'org.springframework.web.reactive.function.client.WebClient' (OnClassCondition)

   CouchbaseAutoConfiguration:
      Did not match:
         - @ConditionalOnClass did not find required class 'com.couchbase.client.java.Cluster' (OnClassCondition)

   CouchbaseCacheConfiguration:
      Did not match:
         - @ConditionalOnClass did not find required class 'com.couchbase.client.java.Cluster' (OnClassCondition)

   CouchbaseDataAutoConfiguration:
      Did not match:
         - @ConditionalOnClass did not find required class 'com.couchbase.client.java.Bucket' (OnClassCondition)

   CouchbaseReactiveDataAutoConfiguration:
      Did not match:
         - @ConditionalOnClass did not find required class 'com.couchbase.client.java.Cluster' (OnClassCondition)

   CouchbaseReactiveRepositoriesAutoConfiguration:
      Did not match:
         - @ConditionalOnClass did not find required class 'com.couchbase.client.java.Cluster' (OnClassCondition)

   CouchbaseRepositoriesAutoConfiguration:
      Did not match:
         - @ConditionalOnClass did not find required class 'com.couchbase.client.java.Bucket' (OnClassCondition)

   DataSourceAutoConfiguration.EmbeddedDatabaseConfiguration:
      Did not match:
         - EmbeddedDataSource spring.datasource.url is set (DataSourceAutoConfiguration.EmbeddedDatabaseCondition)

   DataSourceAutoConfiguration.PooledDataSourceConfiguration:
      Did not match:
         - @ConditionalOnMissingBean (types: javax.sql.DataSource,javax.sql.XADataSource; SearchStrategy: all) found beans of type 'javax.sql.DataSource' dataSource (OnBeanCondition)
      Matched:
         - AnyNestedCondition 2 matched 0 did not; NestedCondition on DataSourceAutoConfiguration.PooledDataSourceCondition.PooledDataSourceAvailable PooledDataSource found supported DataSource; NestedCondition on DataSourceAutoConfiguration.PooledDataSourceCondition.ExplicitType @ConditionalOnProperty (spring.datasource.type) matched (DataSourceAutoConfiguration.PooledDataSourceCondition)

   DataSourceConfiguration.Dbcp2:
      Did not match:
         - @ConditionalOnClass did not find required class 'org.apache.commons.dbcp2.BasicDataSource' (OnClassCondition)

   DataSourceConfiguration.Hikari:
      Did not match:
         - @ConditionalOnProperty (spring.datasource.type=com.zaxxer.hikari.HikariDataSource) found different value in property 'spring.datasource.type' (OnPropertyCondition)
      Matched:
         - @ConditionalOnClass found required class 'com.zaxxer.hikari.HikariDataSource' (OnClassCondition)

   DataSourceConfiguration.OracleUcp:
      Did not match:
         - @ConditionalOnClass did not find required classes 'oracle.ucp.jdbc.PoolDataSourceImpl', 'oracle.jdbc.OracleConnection' (OnClassCondition)

   DataSourceConfiguration.Tomcat:
      Did not match:
         - @ConditionalOnClass did not find required class 'org.apache.tomcat.jdbc.pool.DataSource' (OnClassCondition)

   DataSourceInitializationConfiguration.InitializationSpecificCredentialsDataSourceInitializationConfiguration:
      Did not match:
         - AnyNestedCondition 0 matched 2 did not; NestedCondition on DataSourceInitializationConfiguration.InitializationSpecificCredentialsDataSourceInitializationConfiguration.DifferentCredentialsCondition.DataCredentials @ConditionalOnProperty (spring.datasource.data-username) did not find property 'data-username'; NestedCondition on DataSourceInitializationConfiguration.InitializationSpecificCredentialsDataSourceInitializationConfiguration.DifferentCredentialsCondition.SchemaCredentials @ConditionalOnProperty (spring.datasource.schema-username) did not find property 'schema-username' (DataSourceInitializationConfiguration.InitializationSpecificCredentialsDataSourceInitializationConfiguration.DifferentCredentialsCondition)

   DataSourceInitializationConfiguration.SharedCredentialsDataSourceInitializationConfiguration:
      Did not match:
         - DataSource Initialization did not find configured properties spring.datasource.data-username, spring.datasource.schema-password, spring.datasource.schema[0], spring.datasource.data[0], spring.datasource.data, spring.datasource.schema-username, spring.datasource.data-password, spring.datasource.initialization-mode, spring.datasource.schema, spring.datasource.sql-script-encoding, spring.datasource.separator, spring.datasource.platform, spring.datasource.continue-on-error (DataSourceInitializationConfiguration.SharedCredentialsDataSourceInitializationConfiguration.DataSourceInitializationCondition)

   DataSourceJmxConfiguration.TomcatDataSourceJmxConfiguration:
      Did not match:
         - @ConditionalOnClass did not find required class 'org.apache.tomcat.jdbc.pool.DataSourceProxy' (OnClassCondition)

   DataSourcePoolMetadataProvidersConfiguration.CommonsDbcp2PoolDataSourceMetadataProviderConfiguration:
      Did not match:
         - @ConditionalOnClass did not find required class 'org.apache.commons.dbcp2.BasicDataSource' (OnClassCondition)

   DataSourcePoolMetadataProvidersConfiguration.OracleUcpPoolDataSourceMetadataProviderConfiguration:
      Did not match:
         - @ConditionalOnClass did not find required classes 'oracle.ucp.jdbc.PoolDataSource', 'oracle.jdbc.OracleConnection' (OnClassCondition)

   DataSourcePoolMetadataProvidersConfiguration.TomcatDataSourcePoolMetadataProviderConfiguration:
      Did not match:
         - @ConditionalOnClass did not find required class 'org.apache.tomcat.jdbc.pool.DataSource' (OnClassCondition)

   DdlAutoConfiguration#ddlApplicationRunner:
      Did not match:
         - @ConditionalOnBean (types: com.baomidou.mybatisplus.extension.ddl.IDdl; SearchStrategy: all) did not find any beans of type com.baomidou.mybatisplus.extension.ddl.IDdl (OnBeanCondition)

   DispatcherServletAutoConfiguration.DispatcherServletConfiguration#multipartResolver:
      Did not match:
         - @ConditionalOnBean (types: org.springframework.web.multipart.MultipartResolver; SearchStrategy: all) did not find any beans of type org.springframework.web.multipart.MultipartResolver (OnBeanCondition)

   DruidFilterConfiguration#commonsLogFilter:
      Did not match:
         - @ConditionalOnProperty (spring.datasource.druid.filter.commons-log.enabled) did not find property 'enabled' (OnPropertyCondition)

   DruidFilterConfiguration#configFilter:
      Did not match:
         - @ConditionalOnProperty (spring.datasource.druid.filter.config.enabled) did not find property 'enabled' (OnPropertyCondition)

   DruidFilterConfiguration#encodingConvertFilter:
      Did not match:
         - @ConditionalOnProperty (spring.datasource.druid.filter.encoding.enabled) did not find property 'enabled' (OnPropertyCondition)

   DruidFilterConfiguration#log4j2Filter:
      Did not match:
         - @ConditionalOnProperty (spring.datasource.druid.filter.log4j2.enabled) did not find property 'enabled' (OnPropertyCondition)

   DruidFilterConfiguration#log4jFilter:
      Did not match:
         - @ConditionalOnProperty (spring.datasource.druid.filter.log4j.enabled) did not find property 'enabled' (OnPropertyCondition)

   DruidFilterConfiguration#slf4jLogFilter:
      Did not match:
         - @ConditionalOnProperty (spring.datasource.druid.filter.slf4j.enabled) did not find property 'enabled' (OnPropertyCondition)

   DruidFilterConfiguration#statFilter:
      Did not match:
         - @ConditionalOnProperty (spring.datasource.druid.filter.stat.enabled) did not find property 'enabled' (OnPropertyCondition)

   DruidFilterConfiguration#wallConfig:
      Did not match:
         - @ConditionalOnProperty (spring.datasource.druid.filter.wall.enabled) did not find property 'enabled' (OnPropertyCondition)

   DruidFilterConfiguration#wallFilter:
      Did not match:
         - @ConditionalOnProperty (spring.datasource.druid.filter.wall.enabled) did not find property 'enabled' (OnPropertyCondition)

   DruidSpringAopConfiguration:
      Did not match:
         - @ConditionalOnProperty (spring.datasource.druid.aop-patterns) did not find property 'spring.datasource.druid.aop-patterns' (OnPropertyCondition)

   DruidStatViewServletConfiguration:
      Did not match:
         - @ConditionalOnProperty (spring.datasource.druid.stat-view-servlet.enabled=true) did not find property 'spring.datasource.druid.stat-view-servlet.enabled' (OnPropertyCondition)
      Matched:
         - @ConditionalOnWebApplication (required) found 'session' scope (OnWebApplicationCondition)

   DruidWebStatFilterConfiguration:
      Did not match:
         - @ConditionalOnProperty (spring.datasource.druid.web-stat-filter.enabled=true) did not find property 'spring.datasource.druid.web-stat-filter.enabled' (OnPropertyCondition)
      Matched:
         - @ConditionalOnWebApplication (required) found 'session' scope (OnWebApplicationCondition)

   EhCacheCacheConfiguration:
      Did not match:
         - @ConditionalOnClass did not find required class 'net.sf.ehcache.Cache' (OnClassCondition)

   ElasticsearchDataAutoConfiguration:
      Did not match:
         - @ConditionalOnClass did not find required class 'org.springframework.data.elasticsearch.core.ElasticsearchRestTemplate' (OnClassCondition)

   ElasticsearchRepositoriesAutoConfiguration:
      Did not match:
         - @ConditionalOnClass did not find required class 'org.elasticsearch.client.Client' (OnClassCondition)

   ElasticsearchRestClientAutoConfiguration:
      Did not match:
         - @ConditionalOnClass did not find required class 'org.elasticsearch.client.RestHighLevelClient' (OnClassCondition)

   EmbeddedLdapAutoConfiguration:
      Did not match:
         - @ConditionalOnClass did not find required class 'com.unboundid.ldap.listener.InMemoryDirectoryServer' (OnClassCondition)

   EmbeddedMongoAutoConfiguration:
      Did not match:
         - @ConditionalOnClass did not find required class 'com.mongodb.MongoClientSettings' (OnClassCondition)

   EmbeddedWebServerFactoryCustomizerAutoConfiguration.JettyWebServerFactoryCustomizerConfiguration:
      Did not match:
         - @ConditionalOnClass did not find required classes 'org.eclipse.jetty.server.Server', 'org.eclipse.jetty.util.Loader', 'org.eclipse.jetty.webapp.WebAppContext' (OnClassCondition)

   EmbeddedWebServerFactoryCustomizerAutoConfiguration.NettyWebServerFactoryCustomizerConfiguration:
      Did not match:
         - @ConditionalOnClass did not find required class 'reactor.netty.http.server.HttpServer' (OnClassCondition)

   EmbeddedWebServerFactoryCustomizerAutoConfiguration.UndertowWebServerFactoryCustomizerConfiguration:
      Did not match:
         - @ConditionalOnClass did not find required classes 'io.undertow.Undertow', 'org.xnio.SslClientAuthMode' (OnClassCondition)

   ErrorWebFluxAutoConfiguration:
      Did not match:
         - @ConditionalOnClass did not find required class 'org.springframework.web.reactive.config.WebFluxConfigurer' (OnClassCondition)

   FileStorageAutoConfiguration#fileRecorder:
      Did not match:
         - @ConditionalOnMissingBean (types: org.dromara.x.file.storage.core.recorder.FileRecorder; SearchStrategy: all) found beans of type 'org.dromara.x.file.storage.core.recorder.FileRecorder' inMemoryFileRecorder (OnBeanCondition)

   FlywayAutoConfiguration:
      Did not match:
         - @ConditionalOnClass did not find required class 'org.flywaydb.core.Flyway' (OnClassCondition)

   FreeMarkerAutoConfiguration:
      Did not match:
         - @ConditionalOnClass did not find required class 'freemarker.template.Configuration' (OnClassCondition)

   GenericCacheConfiguration:
      Did not match:
         - @ConditionalOnBean (types: org.springframework.cache.Cache; SearchStrategy: all) did not find any beans of type org.springframework.cache.Cache (OnBeanCondition)
      Matched:
         - Cache org.springframework.boot.autoconfigure.cache.GenericCacheConfiguration automatic cache type (CacheCondition)

   GroovyTemplateAutoConfiguration:
      Did not match:
         - @ConditionalOnClass did not find required class 'groovy.text.markup.MarkupTemplateEngine' (OnClassCondition)

   GsonHttpMessageConvertersConfiguration.GsonHttpMessageConverterConfiguration:
      Did not match:
         - AnyNestedCondition 0 matched 2 did not; NestedCondition on GsonHttpMessageConvertersConfiguration.PreferGsonOrJacksonAndJsonbUnavailableCondition.JacksonJsonbUnavailable NoneNestedConditions 1 matched 1 did not; NestedCondition on GsonHttpMessageConvertersConfiguration.JacksonAndJsonbUnavailableCondition.JsonbPreferred @ConditionalOnProperty (spring.mvc.converters.preferred-json-mapper=jsonb) did not find property 'spring.mvc.converters.preferred-json-mapper'; NestedCondition on GsonHttpMessageConvertersConfiguration.JacksonAndJsonbUnavailableCondition.JacksonAvailable @ConditionalOnBean (types: org.springframework.http.converter.json.MappingJackson2HttpMessageConverter; SearchStrategy: all) found bean 'mappingJackson2HttpMessageConverter'; NestedCondition on GsonHttpMessageConvertersConfiguration.PreferGsonOrJacksonAndJsonbUnavailableCondition.GsonPreferred @ConditionalOnProperty (spring.mvc.converters.preferred-json-mapper=gson) did not find property 'spring.mvc.converters.preferred-json-mapper' (GsonHttpMessageConvertersConfiguration.PreferGsonOrJacksonAndJsonbUnavailableCondition)

   H2ConsoleAutoConfiguration:
      Did not match:
         - @ConditionalOnClass did not find required class 'org.h2.server.web.WebServlet' (OnClassCondition)

   HazelcastAutoConfiguration:
      Did not match:
         - @ConditionalOnClass did not find required class 'com.hazelcast.core.HazelcastInstance' (OnClassCondition)

   HazelcastCacheConfiguration:
      Did not match:
         - @ConditionalOnClass did not find required class 'com.hazelcast.core.HazelcastInstance' (OnClassCondition)

   HazelcastJCacheCustomizationConfiguration:
      Did not match:
         - @ConditionalOnClass did not find required class 'com.hazelcast.core.HazelcastInstance' (OnClassCondition)

   HazelcastJpaDependencyAutoConfiguration:
      Did not match:
         - @ConditionalOnClass did not find required class 'com.hazelcast.core.HazelcastInstance' (OnClassCondition)

   HibernateJpaAutoConfiguration:
      Did not match:
         - @ConditionalOnClass did not find required class 'javax.persistence.EntityManager' (OnClassCondition)

   HttpHandlerAutoConfiguration:
      Did not match:
         - @ConditionalOnClass did not find required class 'org.springframework.web.reactive.DispatcherHandler' (OnClassCondition)

   HypermediaAutoConfiguration:
      Did not match:
         - @ConditionalOnClass did not find required class 'org.springframework.hateoas.EntityModel' (OnClassCondition)

   IdentifierGeneratorAutoConfiguration:
      Did not match:
         - @ConditionalOnClass did not find required class 'org.springframework.cloud.commons.util.InetUtils' (OnClassCondition)

   InfinispanCacheConfiguration:
      Did not match:
         - @ConditionalOnClass did not find required class 'org.infinispan.spring.embedded.provider.SpringEmbeddedCacheManager' (OnClassCondition)

   InfluxDbAutoConfiguration:
      Did not match:
         - @ConditionalOnClass did not find required class 'org.influxdb.InfluxDB' (OnClassCondition)

   IntegrationAutoConfiguration:
      Did not match:
         - @ConditionalOnClass did not find required class 'org.springframework.integration.config.EnableIntegration' (OnClassCondition)

   JacksonHttpMessageConvertersConfiguration.MappingJackson2XmlHttpMessageConverterConfiguration:
      Did not match:
         - @ConditionalOnClass did not find required class 'com.fasterxml.jackson.dataformat.xml.XmlMapper' (OnClassCondition)

   JdbcRepositoriesAutoConfiguration:
      Did not match:
         - @ConditionalOnClass did not find required class 'org.springframework.data.jdbc.repository.config.AbstractJdbcConfiguration' (OnClassCondition)

   JedisConnectionConfiguration:
      Did not match:
         - @ConditionalOnClass did not find required classes 'org.apache.commons.pool2.impl.GenericObjectPool', 'redis.clients.jedis.Jedis' (OnClassCondition)

   JerseyAutoConfiguration:
      Did not match:
         - @ConditionalOnClass did not find required class 'org.glassfish.jersey.server.spring.SpringComponentProvider' (OnClassCondition)

   JmsAutoConfiguration:
      Did not match:
         - @ConditionalOnClass did not find required class 'javax.jms.Message' (OnClassCondition)

   JmxAutoConfiguration:
      Did not match:
         - @ConditionalOnProperty (spring.jmx.enabled=true) did not find property 'enabled' (OnPropertyCondition)
      Matched:
         - @ConditionalOnClass found required class 'org.springframework.jmx.export.MBeanExporter' (OnClassCondition)

   JndiConnectionFactoryAutoConfiguration:
      Did not match:
         - @ConditionalOnClass did not find required class 'org.springframework.jms.core.JmsTemplate' (OnClassCondition)

   JndiDataSourceAutoConfiguration:
      Did not match:
         - @ConditionalOnProperty (spring.datasource.jndi-name) did not find property 'jndi-name' (OnPropertyCondition)
      Matched:
         - @ConditionalOnClass found required classes 'javax.sql.DataSource', 'org.springframework.jdbc.datasource.embedded.EmbeddedDatabaseType' (OnClassCondition)

   JooqAutoConfiguration:
      Did not match:
         - @ConditionalOnClass did not find required class 'org.jooq.DSLContext' (OnClassCondition)

   JpaRepositoriesAutoConfiguration:
      Did not match:
         - @ConditionalOnClass did not find required class 'org.springframework.data.jpa.repository.JpaRepository' (OnClassCondition)

   JsonbAutoConfiguration:
      Did not match:
         - @ConditionalOnClass did not find required class 'javax.json.bind.Jsonb' (OnClassCondition)

   JsonbHttpMessageConvertersConfiguration:
      Did not match:
         - @ConditionalOnClass did not find required class 'javax.json.bind.Jsonb' (OnClassCondition)

   JtaAutoConfiguration:
      Did not match:
         - @ConditionalOnClass did not find required class 'javax.transaction.Transaction' (OnClassCondition)

   KafkaAutoConfiguration:
      Did not match:
         - @ConditionalOnClass did not find required class 'org.springframework.kafka.core.KafkaTemplate' (OnClassCondition)

   Knife4jAutoConfiguration:
      Did not match:
         - @ConditionalOnProperty (knife4j.enable=true) did not find property 'knife4j.enable' (OnPropertyCondition)

   LdapAutoConfiguration:
      Did not match:
         - @ConditionalOnClass did not find required class 'org.springframework.ldap.core.ContextSource' (OnClassCondition)

   LdapRepositoriesAutoConfiguration:
      Did not match:
         - @ConditionalOnClass did not find required class 'org.springframework.data.ldap.repository.LdapRepository' (OnClassCondition)

   LiquibaseAutoConfiguration:
      Did not match:
         - @ConditionalOnClass did not find required class 'liquibase.change.DatabaseChange' (OnClassCondition)

   MailSenderJndiConfiguration:
      Did not match:
         - @ConditionalOnProperty (spring.mail.jndi-name) did not find property 'jndi-name' (OnPropertyCondition)
      Matched:
         - @ConditionalOnClass found required class 'javax.mail.Session' (OnClassCondition)

   MailSenderValidatorAutoConfiguration:
      Did not match:
         - @ConditionalOnProperty (spring.mail.test-connection) did not find property 'test-connection' (OnPropertyCondition)

   MessageSourceAutoConfiguration:
      Did not match:
         - ResourceBundle did not find bundle with basename messages (MessageSourceAutoConfiguration.ResourceBundleCondition)

   MongoAutoConfiguration:
      Did not match:
         - @ConditionalOnClass did not find required class 'com.mongodb.client.MongoClient' (OnClassCondition)

   MongoDataAutoConfiguration:
      Did not match:
         - @ConditionalOnClass did not find required class 'com.mongodb.client.MongoClient' (OnClassCondition)

   MongoReactiveAutoConfiguration:
      Did not match:
         - @ConditionalOnClass did not find required class 'com.mongodb.reactivestreams.client.MongoClient' (OnClassCondition)

   MongoReactiveDataAutoConfiguration:
      Did not match:
         - @ConditionalOnClass did not find required class 'com.mongodb.reactivestreams.client.MongoClient' (OnClassCondition)

   MongoReactiveRepositoriesAutoConfiguration:
      Did not match:
         - @ConditionalOnClass did not find required class 'com.mongodb.reactivestreams.client.MongoClient' (OnClassCondition)

   MongoRepositoriesAutoConfiguration:
      Did not match:
         - @ConditionalOnClass did not find required class 'com.mongodb.client.MongoClient' (OnClassCondition)

   MustacheAutoConfiguration:
      Did not match:
         - @ConditionalOnClass did not find required class 'com.samskivert.mustache.Mustache' (OnClassCondition)

   MybatisPlusAutoConfiguration.MapperScannerRegistrarNotFoundConfiguration:
      Did not match:
         - @ConditionalOnMissingBean (types: org.mybatis.spring.mapper.MapperFactoryBean,org.mybatis.spring.mapper.MapperScannerConfigurer; SearchStrategy: all) found beans of type 'org.mybatis.spring.mapper.MapperScannerConfigurer' cn.imhtb.live.AntLiveApplication#MapperScannerRegistrar#0 (OnBeanCondition)

   MybatisPlusInnerInterceptorAutoConfiguration:
      Did not match:
         - @ConditionalOnBean (types: com.baomidou.mybatisplus.extension.plugins.inner.InnerInterceptor; SearchStrategy: all) did not find any beans of type com.baomidou.mybatisplus.extension.plugins.inner.InnerInterceptor (OnBeanCondition)

   MybatisPlusLanguageDriverAutoConfiguration.FreeMarkerConfiguration:
      Did not match:
         - @ConditionalOnClass did not find required classes 'org.mybatis.scripting.freemarker.FreeMarkerLanguageDriver', 'org.mybatis.scripting.freemarker.FreeMarkerLanguageDriverConfig' (OnClassCondition)

   MybatisPlusLanguageDriverAutoConfiguration.LegacyFreeMarkerConfiguration:
      Did not match:
         - @ConditionalOnClass did not find required class 'org.mybatis.scripting.freemarker.FreeMarkerLanguageDriver' (OnClassCondition)

   MybatisPlusLanguageDriverAutoConfiguration.LegacyVelocityConfiguration:
      Did not match:
         - @ConditionalOnClass did not find required class 'org.mybatis.scripting.velocity.Driver' (OnClassCondition)

   MybatisPlusLanguageDriverAutoConfiguration.ThymeleafConfiguration:
      Did not match:
         - @ConditionalOnClass did not find required class 'org.mybatis.scripting.thymeleaf.ThymeleafLanguageDriver' (OnClassCondition)

   MybatisPlusLanguageDriverAutoConfiguration.VelocityConfiguration:
      Did not match:
         - @ConditionalOnClass did not find required classes 'org.mybatis.scripting.velocity.VelocityLanguageDriver', 'org.mybatis.scripting.velocity.VelocityLanguageDriverConfig' (OnClassCondition)

   Neo4jAutoConfiguration:
      Did not match:
         - @ConditionalOnClass did not find required class 'org.neo4j.driver.Driver' (OnClassCondition)

   Neo4jDataAutoConfiguration:
      Did not match:
         - @ConditionalOnClass did not find required class 'org.neo4j.driver.Driver' (OnClassCondition)

   Neo4jReactiveDataAutoConfiguration:
      Did not match:
         - @ConditionalOnClass did not find required class 'org.neo4j.driver.Driver' (OnClassCondition)

   Neo4jReactiveRepositoriesAutoConfiguration:
      Did not match:
         - @ConditionalOnClass did not find required class 'org.neo4j.driver.Driver' (OnClassCondition)

   Neo4jRepositoriesAutoConfiguration:
      Did not match:
         - @ConditionalOnClass did not find required class 'org.neo4j.driver.Driver' (OnClassCondition)

   NoOpCacheConfiguration:
      Did not match:
         - @ConditionalOnMissingBean (types: org.springframework.cache.CacheManager; SearchStrategy: all) found beans of type 'org.springframework.cache.CacheManager' cacheManager (OnBeanCondition)
      Matched:
         - Cache org.springframework.boot.autoconfigure.cache.NoOpCacheConfiguration automatic cache type (CacheCondition)

   OAuth2ClientAutoConfiguration:
      Did not match:
         - @ConditionalOnClass did not find required class 'org.springframework.security.oauth2.client.registration.ClientRegistration' (OnClassCondition)

   OAuth2ResourceServerAutoConfiguration:
      Did not match:
         - @ConditionalOnClass did not find required class 'org.springframework.security.oauth2.server.resource.BearerTokenAuthenticationToken' (OnClassCondition)

   ProjectInfoAutoConfiguration#buildProperties:
      Did not match:
         - @ConditionalOnResource did not find resource '${spring.info.build.location:classpath:META-INF/build-info.properties}' (OnResourceCondition)

   ProjectInfoAutoConfiguration#gitProperties:
      Did not match:
         - GitResource did not find git info at classpath:git.properties (ProjectInfoAutoConfiguration.GitResourceAvailableCondition)

   QuartzAutoConfiguration:
      Did not match:
         - @ConditionalOnClass did not find required class 'org.quartz.Scheduler' (OnClassCondition)

   R2dbcAutoConfiguration:
      Did not match:
         - @ConditionalOnClass did not find required class 'io.r2dbc.spi.ConnectionFactory' (OnClassCondition)

   R2dbcDataAutoConfiguration:
      Did not match:
         - @ConditionalOnClass did not find required class 'org.springframework.data.r2dbc.core.R2dbcEntityTemplate' (OnClassCondition)

   R2dbcInitializationConfiguration:
      Did not match:
         - @ConditionalOnClass did not find required classes 'io.r2dbc.spi.ConnectionFactory', 'org.springframework.r2dbc.connection.init.DatabasePopulator' (OnClassCondition)

   R2dbcRepositoriesAutoConfiguration:
      Did not match:
         - @ConditionalOnClass did not find required class 'io.r2dbc.spi.ConnectionFactory' (OnClassCondition)

   R2dbcTransactionManagerAutoConfiguration:
      Did not match:
         - @ConditionalOnClass did not find required class 'org.springframework.r2dbc.connection.R2dbcTransactionManager' (OnClassCondition)

   RSocketMessagingAutoConfiguration:
      Did not match:
         - @ConditionalOnClass did not find required class 'io.rsocket.RSocket' (OnClassCondition)

   RSocketRequesterAutoConfiguration:
      Did not match:
         - @ConditionalOnClass did not find required class 'io.rsocket.RSocket' (OnClassCondition)

   RSocketSecurityAutoConfiguration:
      Did not match:
         - @ConditionalOnClass did not find required class 'org.springframework.security.rsocket.core.SecuritySocketAcceptorInterceptor' (OnClassCondition)

   RSocketServerAutoConfiguration:
      Did not match:
         - @ConditionalOnClass did not find required class 'io.rsocket.core.RSocketServer' (OnClassCondition)

   RSocketStrategiesAutoConfiguration:
      Did not match:
         - @ConditionalOnClass did not find required class 'io.rsocket.RSocket' (OnClassCondition)

   RabbitAutoConfiguration:
      Did not match:
         - @ConditionalOnClass did not find required class 'com.rabbitmq.client.Channel' (OnClassCondition)

   ReactiveElasticsearchRepositoriesAutoConfiguration:
      Did not match:
         - @ConditionalOnClass did not find required class 'org.springframework.data.elasticsearch.client.reactive.ReactiveElasticsearchClient' (OnClassCondition)

   ReactiveElasticsearchRestClientAutoConfiguration:
      Did not match:
         - @ConditionalOnClass did not find required class 'reactor.netty.http.client.HttpClient' (OnClassCondition)

   ReactiveOAuth2ClientAutoConfiguration:
      Did not match:
         - @ConditionalOnClass did not find required class 'org.springframework.security.oauth2.client.registration.ClientRegistration' (OnClassCondition)

   ReactiveOAuth2ResourceServerAutoConfiguration:
      Did not match:
         - @ConditionalOnWebApplication did not find reactive web application classes (OnWebApplicationCondition)

   ReactiveSecurityAutoConfiguration:
      Did not match:
         - @ConditionalOnClass did not find required class 'org.springframework.web.reactive.config.WebFluxConfigurer' (OnClassCondition)

   ReactiveUserDetailsServiceAutoConfiguration:
      Did not match:
         - AnyNestedCondition 0 matched 2 did not; NestedCondition on ReactiveUserDetailsServiceAutoConfiguration.ReactiveUserDetailsServiceCondition.ReactiveWebApplicationCondition did not find reactive web application classes; NestedCondition on ReactiveUserDetailsServiceAutoConfiguration.ReactiveUserDetailsServiceCondition.RSocketSecurityEnabledCondition @ConditionalOnBean (types: org.springframework.messaging.rsocket.annotation.support.RSocketMessageHandler; SearchStrategy: all) did not find any beans of type org.springframework.messaging.rsocket.annotation.support.RSocketMessageHandler (ReactiveUserDetailsServiceAutoConfiguration.ReactiveUserDetailsServiceCondition)
      Matched:
         - @ConditionalOnClass found required class 'org.springframework.security.authentication.ReactiveAuthenticationManager' (OnClassCondition)

   ReactiveWebServerFactoryAutoConfiguration:
      Did not match:
         - @ConditionalOnWebApplication did not find reactive web application classes (OnWebApplicationCondition)

   RedisCacheConfiguration:
      Did not match:
         - @ConditionalOnMissingBean (types: org.springframework.cache.CacheManager; SearchStrategy: all) found beans of type 'org.springframework.cache.CacheManager' cacheManager (OnBeanCondition)
      Matched:
         - @ConditionalOnClass found required class 'org.springframework.data.redis.connection.RedisConnectionFactory' (OnClassCondition)
         - Cache org.springframework.boot.autoconfigure.cache.RedisCacheConfiguration automatic cache type (CacheCondition)

   RedissonCacheStatisticsAutoConfiguration:
      Did not match:
         - @ConditionalOnClass did not find required class 'org.springframework.boot.actuate.metrics.cache.CacheMeterBinderProvider' (OnClassCondition)

   RepositoryRestMvcAutoConfiguration:
      Did not match:
         - @ConditionalOnClass did not find required class 'org.springframework.data.rest.webmvc.config.RepositoryRestMvcConfiguration' (OnClassCondition)

   Saml2RelyingPartyAutoConfiguration:
      Did not match:
         - @ConditionalOnClass did not find required class 'org.springframework.security.saml2.provider.service.registration.RelyingPartyRegistrationRepository' (OnClassCondition)

   SecurityDataConfiguration:
      Did not match:
         - @ConditionalOnClass did not find required class 'org.springframework.security.data.repository.query.SecurityEvaluationContextExtension' (OnClassCondition)

   SendGridAutoConfiguration:
      Did not match:
         - @ConditionalOnClass did not find required class 'com.sendgrid.SendGrid' (OnClassCondition)

   ServletWebServerFactoryAutoConfiguration#forwardedHeaderFilter:
      Did not match:
         - @ConditionalOnProperty (server.forward-headers-strategy=framework) did not find property 'server.forward-headers-strategy' (OnPropertyCondition)

   ServletWebServerFactoryConfiguration.EmbeddedJetty:
      Did not match:
         - @ConditionalOnClass did not find required classes 'org.eclipse.jetty.server.Server', 'org.eclipse.jetty.util.Loader', 'org.eclipse.jetty.webapp.WebAppContext' (OnClassCondition)

   ServletWebServerFactoryConfiguration.EmbeddedUndertow:
      Did not match:
         - @ConditionalOnClass did not find required classes 'io.undertow.Undertow', 'org.xnio.SslClientAuthMode' (OnClassCondition)

   SessionAutoConfiguration:
      Did not match:
         - @ConditionalOnClass did not find required class 'org.springframework.session.Session' (OnClassCondition)

   SimpleCacheConfiguration:
      Did not match:
         - @ConditionalOnMissingBean (types: org.springframework.cache.CacheManager; SearchStrategy: all) found beans of type 'org.springframework.cache.CacheManager' cacheManager (OnBeanCondition)
      Matched:
         - Cache org.springframework.boot.autoconfigure.cache.SimpleCacheConfiguration automatic cache type (CacheCondition)

   SolrAutoConfiguration:
      Did not match:
         - @ConditionalOnClass did not find required class 'org.apache.solr.client.solrj.impl.CloudSolrClient' (OnClassCondition)

   SpringApplicationAdminJmxAutoConfiguration:
      Did not match:
         - @ConditionalOnProperty (spring.application.admin.enabled=true) did not find property 'enabled' (OnPropertyCondition)

   SpringBootWebSecurityConfiguration:
      Did not match:
         - AllNestedConditions 1 matched 1 did not; NestedCondition on DefaultWebSecurityCondition.Beans @ConditionalOnMissingBean (types: org.springframework.security.config.annotation.web.configuration.WebSecurityConfigurerAdapter,org.springframework.security.web.SecurityFilterChain; SearchStrategy: all) found beans of type 'org.springframework.security.config.annotation.web.configuration.WebSecurityConfigurerAdapter' securityConfig; NestedCondition on DefaultWebSecurityCondition.Classes @ConditionalOnClass found required classes 'org.springframework.security.web.SecurityFilterChain', 'org.springframework.security.config.annotation.web.builders.HttpSecurity' (DefaultWebSecurityCondition)
      Matched:
         - found 'session' scope (OnWebApplicationCondition)

   TaskSchedulingAutoConfiguration#taskScheduler:
      Did not match:
         - @ConditionalOnMissingBean (types: org.springframework.scheduling.annotation.SchedulingConfigurer,org.springframework.scheduling.TaskScheduler,java.util.concurrent.ScheduledExecutorService; SearchStrategy: all) found beans of type 'org.springframework.scheduling.TaskScheduler' defaultSockJsTaskScheduler (OnBeanCondition)

   ThymeleafAutoConfiguration:
      Did not match:
         - @ConditionalOnClass did not find required class 'org.thymeleaf.spring5.SpringTemplateEngine' (OnClassCondition)

   TransactionAutoConfiguration#transactionalOperator:
      Did not match:
         - @ConditionalOnSingleCandidate (types: org.springframework.transaction.ReactiveTransactionManager; SearchStrategy: all) did not find any beans (OnBeanCondition)

   TransactionAutoConfiguration.EnableTransactionManagementConfiguration.JdkDynamicAutoProxyConfiguration:
      Did not match:
         - @ConditionalOnProperty (spring.aop.proxy-target-class=false) did not find property 'proxy-target-class' (OnPropertyCondition)

   UserDetailsServiceAutoConfiguration:
      Did not match:
         - @ConditionalOnMissingBean (types: org.springframework.security.authentication.AuthenticationManager,org.springframework.security.authentication.AuthenticationProvider,org.springframework.security.core.userdetails.UserDetailsService,org.springframework.security.oauth2.jwt.JwtDecoder,org.springframework.security.oauth2.server.resource.introspection.OpaqueTokenIntrospector,org.springframework.security.oauth2.client.registration.ClientRegistrationRepository; SearchStrategy: all) found beans of type 'org.springframework.security.core.userdetails.UserDetailsService' userDetailsServiceImpl, setUserDetailsService (OnBeanCondition)
      Matched:
         - @ConditionalOnClass found required class 'org.springframework.security.authentication.AuthenticationManager' (OnClassCondition)

   WebClientAutoConfiguration:
      Did not match:
         - @ConditionalOnClass did not find required class 'org.springframework.web.reactive.function.client.WebClient' (OnClassCondition)

   WebFluxAutoConfiguration:
      Did not match:
         - @ConditionalOnClass did not find required class 'org.springframework.web.reactive.config.WebFluxConfigurer' (OnClassCondition)

   WebMvcAutoConfiguration#hiddenHttpMethodFilter:
      Did not match:
         - @ConditionalOnProperty (spring.mvc.hiddenmethod.filter.enabled) did not find property 'enabled' (OnPropertyCondition)

   WebMvcAutoConfiguration.ResourceChainCustomizerConfiguration:
      Did not match:
         - @ConditionalOnEnabledResourceChain did not find class org.webjars.WebJarAssetLocator (OnEnabledResourceChainCondition)

   WebMvcAutoConfiguration.WebMvcAutoConfigurationAdapter#beanNameViewResolver:
      Did not match:
         - @ConditionalOnMissingBean (types: org.springframework.web.servlet.view.BeanNameViewResolver; SearchStrategy: all) found beans of type 'org.springframework.web.servlet.view.BeanNameViewResolver' beanNameViewResolver (OnBeanCondition)

   WebSecurityEnablerConfiguration:
      Did not match:
         - @ConditionalOnMissingBean (names: springSecurityFilterChain; SearchStrategy: all) found beans named springSecurityFilterChain (OnBeanCondition)
      Matched:
         - @ConditionalOnClass found required class 'org.springframework.security.config.annotation.web.configuration.EnableWebSecurity' (OnClassCondition)
         - found 'session' scope (OnWebApplicationCondition)

   WebServiceTemplateAutoConfiguration:
      Did not match:
         - @ConditionalOnClass did not find required class 'org.springframework.ws.client.core.WebServiceTemplate' (OnClassCondition)

   WebServicesAutoConfiguration:
      Did not match:
         - @ConditionalOnClass did not find required class 'org.springframework.ws.transport.http.MessageDispatcherServlet' (OnClassCondition)

   WebSocketMessagingAutoConfiguration.WebSocketMessageConverterConfiguration:
      Did not match:
         - @ConditionalOnBean (types: org.springframework.web.socket.config.annotation.DelegatingWebSocketMessageBrokerConfiguration,com.fasterxml.jackson.databind.ObjectMapper; SearchStrategy: all) did not find any beans of type org.springframework.web.socket.config.annotation.DelegatingWebSocketMessageBrokerConfiguration (OnBeanCondition)
      Matched:
         - @ConditionalOnClass found required classes 'com.fasterxml.jackson.databind.ObjectMapper', 'org.springframework.messaging.simp.config.AbstractMessageBrokerConfiguration' (OnClassCondition)

   WebSocketReactiveAutoConfiguration:
      Did not match:
         - @ConditionalOnWebApplication did not find reactive web application classes (OnWebApplicationCondition)

   WebSocketServletAutoConfiguration.Jetty10WebSocketConfiguration:
      Did not match:
         - @ConditionalOnClass did not find required classes 'org.eclipse.jetty.websocket.javax.server.internal.JavaxWebSocketServerContainer', 'org.eclipse.jetty.websocket.server.JettyWebSocketServerContainer' (OnClassCondition)

   WebSocketServletAutoConfiguration.JettyWebSocketConfiguration:
      Did not match:
         - @ConditionalOnClass did not find required class 'org.eclipse.jetty.websocket.jsr356.server.deploy.WebSocketServerContainerInitializer' (OnClassCondition)

   WebSocketServletAutoConfiguration.UndertowWebSocketConfiguration:
      Did not match:
         - @ConditionalOnClass did not find required class 'io.undertow.websockets.jsr.Bootstrap' (OnClassCondition)

   XADataSourceAutoConfiguration:
      Did not match:
         - @ConditionalOnClass did not find required class 'javax.transaction.TransactionManager' (OnClassCondition)


Exclusions:
-----------

    None


Unconditional classes:
----------------------

    org.springframework.boot.autoconfigure.context.ConfigurationPropertiesAutoConfiguration

    org.springframework.boot.autoconfigure.context.PropertyPlaceholderAutoConfiguration

    org.springframework.boot.autoconfigure.context.LifecycleAutoConfiguration

    cn.hutool.extra.spring.SpringUtil

    org.springframework.boot.autoconfigure.availability.ApplicationAvailabilityAutoConfiguration

    org.springframework.boot.autoconfigure.info.ProjectInfoAutoConfiguration



2026-04-26 08:16:27.837    INFO  org.springframework.scheduling.annotation.ScheduledAnnotationBeanPostProcessor - No TaskScheduler/ScheduledExecutorService bean found for scheduled processing
2026-04-26 08:16:27.844    INFO  cn.imhtb.live.AntLiveApplication - Started AntLiveApplication in 6.428 seconds (JVM running for 6.851)
2026-04-26 08:16:27.845    DEBUG org.springframework.boot.availability.ApplicationAvailabilityBean - Application availability state LivenessState changed to CORRECT
2026-04-26 08:16:27.854    DEBUG org.springframework.jdbc.core.JdbcTemplate - Executing SQL statement [CREATE TABLE IF NOT EXISTS `tb_wallet` (`id` int NOT NULL AUTO_INCREMENT,`user_id` int NOT NULL,`balance` decimal(16,2) NOT NULL DEFAULT '0.00',`version` int NOT NULL DEFAULT '0',`sign` varchar(255) DEFAULT NULL,`status` int NOT NULL DEFAULT '0',`create_time` datetime NOT NULL DEFAULT CURRENT_TIMESTAMP,`update_time` datetime NOT NULL DEFAULT CURRENT_TIMESTAMP ON UPDATE CURRENT_TIMESTAMP,PRIMARY KEY (`id`),UNIQUE KEY `uk_tb_wallet_user_id` (`user_id`)) ENGINE=InnoDB DEFAULT CHARSET=utf8mb4]
2026-04-26 08:16:27.896    DEBUG org.springframework.jdbc.core.JdbcTemplate - SQLWarning ignored: SQL state '42S01', error code '1050', message [Table 'tb_wallet' already exists]
2026-04-26 08:16:27.900    DEBUG org.springframework.jdbc.core.JdbcTemplate - Executing SQL statement [CREATE TABLE IF NOT EXISTS `tb_wallet_log` (`id` int NOT NULL AUTO_INCREMENT,`wallet_id` int NOT NULL,`balance` decimal(16,2) NOT NULL,`fee` decimal(16,2) NOT NULL,`action_type` int NOT NULL,`source_uuid` varchar(64) DEFAULT NULL,`source_type` varchar(32) DEFAULT NULL,`create_time` datetime NOT NULL DEFAULT CURRENT_TIMESTAMP,`update_time` datetime NOT NULL DEFAULT CURRENT_TIMESTAMP ON UPDATE CURRENT_TIMESTAMP,PRIMARY KEY (`id`),UNIQUE KEY `uk_tb_wallet_log_source_uuid` (`source_uuid`),KEY `idx_tb_wallet_log_wallet_id` (`wallet_id`)) ENGINE=InnoDB DEFAULT CHARSET=utf8mb4]
2026-04-26 08:16:27.907    DEBUG org.springframework.jdbc.core.JdbcTemplate - SQLWarning ignored: SQL state '42S01', error code '1050', message [Table 'tb_wallet_log' already exists]
2026-04-26 08:16:27.910    DEBUG org.springframework.jdbc.core.JdbcTemplate - Executing prepared SQL query
2026-04-26 08:16:27.911    DEBUG org.springframework.jdbc.core.JdbcTemplate - Executing prepared SQL statement [SELECT COUNT(*) FROM information_schema.COLUMNS WHERE TABLE_SCHEMA = DATABASE() AND TABLE_NAME = ? AND COLUMN_NAME = ?]
2026-04-26 08:16:27.942    DEBUG org.springframework.jdbc.core.JdbcTemplate - Executing prepared SQL query
2026-04-26 08:16:27.942    DEBUG org.springframework.jdbc.core.JdbcTemplate - Executing prepared SQL statement [SELECT COUNT(*) FROM information_schema.COLUMNS WHERE TABLE_SCHEMA = DATABASE() AND TABLE_NAME = ? AND COLUMN_NAME = ?]
2026-04-26 08:16:27.945    DEBUG org.springframework.jdbc.core.JdbcTemplate - Executing prepared SQL query
2026-04-26 08:16:27.946    DEBUG org.springframework.jdbc.core.JdbcTemplate - Executing prepared SQL statement [SELECT COUNT(*) FROM information_schema.STATISTICS WHERE TABLE_SCHEMA = DATABASE() AND TABLE_NAME = ? AND INDEX_NAME = ?]
2026-04-26 08:16:27.950    DEBUG org.springframework.jdbc.core.JdbcTemplate - Executing prepared SQL query
2026-04-26 08:16:27.950    DEBUG org.springframework.jdbc.core.JdbcTemplate - Executing prepared SQL statement [SELECT COUNT(*) FROM information_schema.STATISTICS WHERE TABLE_SCHEMA = DATABASE() AND TABLE_NAME = ? AND INDEX_NAME = ?]
2026-04-26 08:16:27.952    DEBUG org.springframework.boot.availability.ApplicationAvailabilityBean - Application availability state ReadinessState changed to ACCEPTING_TRAFFIC
2026-04-26 08:16:28.157    INFO  cn.imhtb.live.start.MinioStart - minio init finished, config = MinioConfig(endpoint=http://localhost:9000, ip=localhost, port=9000, accessKey=minioadmin, secretKey=minioadmin, bucketName=live.file.bucket, relative=false)
2026-04-26 08:16:32.958    INFO  org.springframework.web.servlet.DispatcherServlet - Initializing Servlet 'dispatcherServlet'
2026-04-26 08:16:32.959    DEBUG org.springframework.web.servlet.DispatcherServlet - Detected StandardServletMultipartResolver
2026-04-26 08:16:32.959    DEBUG org.springframework.web.servlet.DispatcherServlet - Detected AcceptHeaderLocaleResolver
2026-04-26 08:16:32.959    DEBUG org.springframework.web.servlet.DispatcherServlet - Detected FixedThemeResolver
2026-04-26 08:16:32.960    DEBUG org.springframework.web.servlet.DispatcherServlet - Detected org.springframework.web.servlet.view.DefaultRequestToViewNameTranslator@4f1072ee
2026-04-26 08:16:32.960    DEBUG org.springframework.web.servlet.DispatcherServlet - Detected org.springframework.web.servlet.support.SessionFlashMapManager@555454c7
2026-04-26 08:16:32.961    DEBUG org.springframework.web.servlet.DispatcherServlet - enableLoggingRequestDetails='false': request parameters and headers will be masked to prevent unsafe logging of potentially sensitive data
2026-04-26 08:16:32.961    INFO  org.springframework.web.servlet.DispatcherServlet - Completed initialization in 3 ms
2026-04-26 08:16:33.765    DEBUG org.springframework.web.servlet.DispatcherServlet - GET "/api/v1/category/query", parameters={}
2026-04-26 08:16:33.765    DEBUG org.springframework.web.servlet.DispatcherServlet - GET "/api/v1/room/living", parameters={}
2026-04-26 08:16:33.765    DEBUG org.springframework.web.servlet.DispatcherServlet - GET "/api/v1/watch/list?type=0&page=1&limit=6", parameters={masked}
2026-04-26 08:16:33.768    DEBUG org.springframework.web.servlet.mvc.method.annotation.RequestMappingHandlerMapping - Mapped to cn.imhtb.live.modules.live.controller.RoomController#livingRoom(Integer, Integer, Integer)
2026-04-26 08:16:33.768    DEBUG org.springframework.web.servlet.mvc.method.annotation.RequestMappingHandlerMapping - Mapped to cn.imhtb.live.modules.live.controller.WatchController#listWatches(Integer, Integer, Integer)
2026-04-26 08:16:33.768    DEBUG org.springframework.web.servlet.mvc.method.annotation.RequestMappingHandlerMapping - Mapped to cn.imhtb.live.modules.live.controller.CategoryController#queryCategoryPage(Integer, Integer)
2026-04-26 08:16:33.939    DEBUG org.springframework.web.servlet.mvc.method.annotation.RequestResponseBodyMethodProcessor - Using 'application/json', given [application/json, text/plain, */*] and supported [application/json, application/*+json, application/json, application/*+json]
2026-04-26 08:16:33.939    DEBUG org.springframework.web.servlet.mvc.method.annotation.RequestResponseBodyMethodProcessor - Using 'application/json', given [application/json, text/plain, */*] and supported [application/json, application/*+json, application/json, application/*+json]
2026-04-26 08:16:33.940    DEBUG org.springframework.web.servlet.mvc.method.annotation.RequestResponseBodyMethodProcessor - Using 'application/json', given [application/json, text/plain, */*] and supported [application/json, application/*+json, application/json, application/*+json]
2026-04-26 08:16:33.940    DEBUG org.springframework.web.servlet.mvc.method.annotation.RequestResponseBodyMethodProcessor - Writing [cn.imhtb.live.common.ApiResponse@7649b84d]
2026-04-26 08:16:33.940    DEBUG org.springframework.web.servlet.mvc.method.annotation.RequestResponseBodyMethodProcessor - Writing [cn.imhtb.live.common.ApiResponse@1c712ec0]
2026-04-26 08:16:33.940    DEBUG org.springframework.web.servlet.mvc.method.annotation.RequestResponseBodyMethodProcessor - Writing [cn.imhtb.live.common.ApiResponse@1a204bbc]
2026-04-26 08:16:33.958    DEBUG org.springframework.web.servlet.DispatcherServlet - Completed 200 OK
2026-04-26 08:16:33.958    DEBUG org.springframework.web.servlet.DispatcherServlet - Completed 200 OK
2026-04-26 08:16:33.960    DEBUG org.springframework.web.servlet.DispatcherServlet - Completed 200 OK
2026-04-26 08:16:33.994    DEBUG org.springframework.web.servlet.DispatcherServlet - GET "/api/v1/category/query", parameters={}
2026-04-26 08:16:33.995    DEBUG org.springframework.web.servlet.mvc.method.annotation.RequestMappingHandlerMapping - Mapped to cn.imhtb.live.modules.live.controller.CategoryController#queryCategoryPage(Integer, Integer)
2026-04-26 08:16:33.997    DEBUG org.springframework.web.servlet.DispatcherServlet - GET "/api/v1/chat/getPopularity?roomId=2", parameters={masked}
2026-04-26 08:16:33.998    DEBUG org.springframework.web.servlet.mvc.method.annotation.RequestMappingHandlerMapping - Mapped to cn.imhtb.live.modules.server.netty.web.ChatController#getPopularity(Integer)
2026-04-26 08:16:33.999    DEBUG org.springframework.web.servlet.DispatcherServlet - GET "/api/v1/chat/getPopularity?roomId=1", parameters={masked}
2026-04-26 08:16:34.000    DEBUG org.springframework.web.servlet.mvc.method.annotation.RequestMappingHandlerMapping - Mapped to cn.imhtb.live.modules.server.netty.web.ChatController#getPopularity(Integer)
2026-04-26 08:16:34.000    DEBUG org.springframework.web.servlet.mvc.method.annotation.RequestResponseBodyMethodProcessor - Using 'application/json', given [application/json, text/plain, */*] and supported [application/json, application/*+json, application/json, application/*+json]
2026-04-26 08:16:34.001    DEBUG org.springframework.web.servlet.mvc.method.annotation.RequestResponseBodyMethodProcessor - Writing [cn.imhtb.live.common.ApiResponse@78f3cfaf]
2026-04-26 08:16:34.002    DEBUG org.springframework.web.servlet.mvc.method.annotation.RequestResponseBodyMethodProcessor - Using 'application/json', given [application/json, text/plain, */*] and supported [application/json, application/*+json, application/json, application/*+json]
2026-04-26 08:16:34.002    DEBUG org.springframework.web.servlet.mvc.method.annotation.RequestResponseBodyMethodProcessor - Writing [cn.imhtb.live.common.ApiResponse@7afa5802]
2026-04-26 08:16:34.004    DEBUG org.springframework.web.servlet.DispatcherServlet - Completed 200 OK
2026-04-26 08:16:34.004    DEBUG org.springframework.web.servlet.DispatcherServlet - Completed 200 OK
2026-04-26 08:16:34.006    DEBUG org.springframework.web.servlet.mvc.method.annotation.RequestResponseBodyMethodProcessor - Using 'application/json', given [application/json, text/plain, */*] and supported [application/json, application/*+json, application/json, application/*+json]
2026-04-26 08:16:34.006    DEBUG org.springframework.web.servlet.mvc.method.annotation.RequestResponseBodyMethodProcessor - Writing [cn.imhtb.live.common.ApiResponse@1f2b02bf]
2026-04-26 08:16:34.007    DEBUG org.springframework.web.servlet.DispatcherServlet - Completed 200 OK
2026-04-26 08:16:34.022    DEBUG org.springframework.web.servlet.DispatcherServlet - GET "/api/v1/chat/getPopularity?roomId=2", parameters={masked}
2026-04-26 08:16:34.022    DEBUG org.springframework.web.servlet.mvc.method.annotation.RequestMappingHandlerMapping - Mapped to cn.imhtb.live.modules.server.netty.web.ChatController#getPopularity(Integer)
2026-04-26 08:16:34.022    DEBUG org.springframework.web.servlet.DispatcherServlet - GET "/api/v1/chat/getPopularity?roomId=1", parameters={masked}
2026-04-26 08:16:34.022    DEBUG org.springframework.web.servlet.mvc.method.annotation.RequestMappingHandlerMapping - Mapped to cn.imhtb.live.modules.server.netty.web.ChatController#getPopularity(Integer)
2026-04-26 08:16:34.022    DEBUG org.springframework.web.servlet.mvc.method.annotation.RequestResponseBodyMethodProcessor - Using 'application/json', given [application/json, text/plain, */*] and supported [application/json, application/*+json, application/json, application/*+json]
2026-04-26 08:16:34.028    DEBUG org.springframework.web.servlet.mvc.method.annotation.RequestResponseBodyMethodProcessor - Writing [cn.imhtb.live.common.ApiResponse@550c602d]
2026-04-26 08:16:34.029    DEBUG org.springframework.web.servlet.mvc.method.annotation.RequestResponseBodyMethodProcessor - Using 'application/json', given [application/json, text/plain, */*] and supported [application/json, application/*+json, application/json, application/*+json]
2026-04-26 08:16:34.029    DEBUG org.springframework.web.servlet.DispatcherServlet - Completed 200 OK
2026-04-26 08:16:34.029    DEBUG org.springframework.web.servlet.mvc.method.annotation.RequestResponseBodyMethodProcessor - Writing [cn.imhtb.live.common.ApiResponse@1818cab3]
2026-04-26 08:16:34.031    DEBUG org.springframework.web.servlet.DispatcherServlet - Completed 200 OK
2026-04-26 08:16:35.774    DEBUG org.springframework.web.servlet.DispatcherServlet - GET "/api/v1/category/query", parameters={}
2026-04-26 08:16:35.774    DEBUG org.springframework.web.servlet.mvc.method.annotation.RequestMappingHandlerMapping - Mapped to cn.imhtb.live.modules.live.controller.CategoryController#queryCategoryPage(Integer, Integer)
2026-04-26 08:16:35.776    DEBUG org.springframework.web.servlet.DispatcherServlet - GET "/api/v1/watch/list?type=0&page=1&limit=6", parameters={masked}
2026-04-26 08:16:35.777    DEBUG org.springframework.web.servlet.mvc.method.annotation.RequestMappingHandlerMapping - Mapped to cn.imhtb.live.modules.live.controller.WatchController#listWatches(Integer, Integer, Integer)
2026-04-26 08:16:35.779    DEBUG org.springframework.web.servlet.DispatcherServlet - GET "/api/v1/room/living", parameters={}
2026-04-26 08:16:35.779    DEBUG org.springframework.web.servlet.mvc.method.annotation.RequestMappingHandlerMapping - Mapped to cn.imhtb.live.modules.live.controller.RoomController#livingRoom(Integer, Integer, Integer)
2026-04-26 08:16:35.782    DEBUG org.springframework.web.servlet.mvc.method.annotation.RequestResponseBodyMethodProcessor - Using 'application/json', given [application/json, text/plain, */*] and supported [application/json, application/*+json, application/json, application/*+json]
2026-04-26 08:16:35.783    DEBUG org.springframework.web.servlet.mvc.method.annotation.RequestResponseBodyMethodProcessor - Writing [cn.imhtb.live.common.ApiResponse@43a106f0]
2026-04-26 08:16:35.784    DEBUG org.springframework.web.servlet.DispatcherServlet - Completed 200 OK
2026-04-26 08:16:35.793    DEBUG org.springframework.web.servlet.mvc.method.annotation.RequestResponseBodyMethodProcessor - Using 'application/json', given [application/json, text/plain, */*] and supported [application/json, application/*+json, application/json, application/*+json]
2026-04-26 08:16:35.795    DEBUG org.springframework.web.servlet.mvc.method.annotation.RequestResponseBodyMethodProcessor - Writing [cn.imhtb.live.common.ApiResponse@5dff459a]
2026-04-26 08:16:35.799    DEBUG org.springframework.web.servlet.DispatcherServlet - Completed 200 OK
2026-04-26 08:16:35.800    DEBUG org.springframework.web.servlet.mvc.method.annotation.RequestResponseBodyMethodProcessor - Using 'application/json', given [application/json, text/plain, */*] and supported [application/json, application/*+json, application/json, application/*+json]
2026-04-26 08:16:35.801    DEBUG org.springframework.web.servlet.mvc.method.annotation.RequestResponseBodyMethodProcessor - Writing [cn.imhtb.live.common.ApiResponse@226d61ad]
2026-04-26 08:16:35.801    DEBUG org.springframework.web.servlet.DispatcherServlet - GET "/api/v1/category/query", parameters={}
2026-04-26 08:16:35.802    DEBUG org.springframework.web.servlet.mvc.method.annotation.RequestMappingHandlerMapping - Mapped to cn.imhtb.live.modules.live.controller.CategoryController#queryCategoryPage(Integer, Integer)
2026-04-26 08:16:35.804    DEBUG org.springframework.web.servlet.DispatcherServlet - Completed 200 OK
2026-04-26 08:16:35.813    DEBUG org.springframework.web.servlet.mvc.method.annotation.RequestResponseBodyMethodProcessor - Using 'application/json', given [application/json, text/plain, */*] and supported [application/json, application/*+json, application/json, application/*+json]
2026-04-26 08:16:35.815    DEBUG org.springframework.web.servlet.mvc.method.annotation.RequestResponseBodyMethodProcessor - Writing [cn.imhtb.live.common.ApiResponse@5afe5965]
2026-04-26 08:16:35.816    DEBUG org.springframework.web.servlet.DispatcherServlet - Completed 200 OK
2026-04-26 08:16:35.820    DEBUG org.springframework.web.servlet.DispatcherServlet - GET "/api/v1/chat/getPopularity?roomId=2", parameters={masked}
2026-04-26 08:16:35.821    DEBUG org.springframework.web.servlet.DispatcherServlet - GET "/api/v1/chat/getPopularity?roomId=1", parameters={masked}
2026-04-26 08:16:35.821    DEBUG org.springframework.web.servlet.mvc.method.annotation.RequestMappingHandlerMapping - Mapped to cn.imhtb.live.modules.server.netty.web.ChatController#getPopularity(Integer)
2026-04-26 08:16:35.822    DEBUG org.springframework.web.servlet.mvc.method.annotation.RequestMappingHandlerMapping - Mapped to cn.imhtb.live.modules.server.netty.web.ChatController#getPopularity(Integer)
2026-04-26 08:16:35.823    DEBUG org.springframework.web.servlet.mvc.method.annotation.RequestResponseBodyMethodProcessor - Using 'application/json', given [application/json, text/plain, */*] and supported [application/json, application/*+json, application/json, application/*+json]
2026-04-26 08:16:35.823    DEBUG org.springframework.web.servlet.mvc.method.annotation.RequestResponseBodyMethodProcessor - Writing [cn.imhtb.live.common.ApiResponse@1ad5a74d]
2026-04-26 08:16:35.823    DEBUG org.springframework.web.servlet.mvc.method.annotation.RequestResponseBodyMethodProcessor - Using 'application/json', given [application/json, text/plain, */*] and supported [application/json, application/*+json, application/json, application/*+json]
2026-04-26 08:16:35.824    DEBUG org.springframework.web.servlet.mvc.method.annotation.RequestResponseBodyMethodProcessor - Writing [cn.imhtb.live.common.ApiResponse@6b19f3e2]
2026-04-26 08:16:35.824    DEBUG org.springframework.web.servlet.DispatcherServlet - Completed 200 OK
2026-04-26 08:16:35.825    DEBUG org.springframework.web.servlet.DispatcherServlet - Completed 200 OK
2026-04-26 08:16:35.840    DEBUG org.springframework.web.servlet.DispatcherServlet - GET "/api/v1/chat/getPopularity?roomId=2", parameters={masked}
2026-04-26 08:16:35.840    DEBUG org.springframework.web.servlet.DispatcherServlet - GET "/api/v1/chat/getPopularity?roomId=1", parameters={masked}
2026-04-26 08:16:35.841    DEBUG org.springframework.web.servlet.mvc.method.annotation.RequestMappingHandlerMapping - Mapped to cn.imhtb.live.modules.server.netty.web.ChatController#getPopularity(Integer)
2026-04-26 08:16:35.841    DEBUG org.springframework.web.servlet.mvc.method.annotation.RequestMappingHandlerMapping - Mapped to cn.imhtb.live.modules.server.netty.web.ChatController#getPopularity(Integer)
2026-04-26 08:16:35.843    DEBUG org.springframework.web.servlet.mvc.method.annotation.RequestResponseBodyMethodProcessor - Using 'application/json', given [application/json, text/plain, */*] and supported [application/json, application/*+json, application/json, application/*+json]
2026-04-26 08:16:35.843    DEBUG org.springframework.web.servlet.mvc.method.annotation.RequestResponseBodyMethodProcessor - Using 'application/json', given [application/json, text/plain, */*] and supported [application/json, application/*+json, application/json, application/*+json]
2026-04-26 08:16:35.843    DEBUG org.springframework.web.servlet.mvc.method.annotation.RequestResponseBodyMethodProcessor - Writing [cn.imhtb.live.common.ApiResponse@42fcd66]
2026-04-26 08:16:35.844    DEBUG org.springframework.web.servlet.mvc.method.annotation.RequestResponseBodyMethodProcessor - Writing [cn.imhtb.live.common.ApiResponse@65b0abfb]
2026-04-26 08:16:35.845    DEBUG org.springframework.web.servlet.DispatcherServlet - Completed 200 OK
2026-04-26 08:16:35.845    DEBUG org.springframework.web.servlet.DispatcherServlet - Completed 200 OK
2026-04-26 08:16:41.080    DEBUG org.springframework.web.servlet.DispatcherServlet - GET "/api/v1/watch/list?type=1&page=1&limit=12", parameters={masked}
2026-04-26 08:16:41.081    DEBUG org.springframework.web.servlet.mvc.method.annotation.RequestMappingHandlerMapping - Mapped to cn.imhtb.live.modules.live.controller.WatchController#listWatches(Integer, Integer, Integer)
2026-04-26 08:16:41.089    DEBUG org.springframework.web.servlet.mvc.method.annotation.RequestResponseBodyMethodProcessor - Using 'application/json', given [application/json, text/plain, */*] and supported [application/json, application/*+json, application/json, application/*+json]
2026-04-26 08:16:41.090    DEBUG org.springframework.web.servlet.mvc.method.annotation.RequestResponseBodyMethodProcessor - Writing [cn.imhtb.live.common.ApiResponse@189c820e]
2026-04-26 08:16:41.091    DEBUG org.springframework.web.servlet.DispatcherServlet - Completed 200 OK
2026-04-26 08:16:43.186    DEBUG org.springframework.web.servlet.DispatcherServlet - GET "/api/v1/watch/list?type=0&page=1&limit=12", parameters={masked}
2026-04-26 08:16:43.187    DEBUG org.springframework.web.servlet.mvc.method.annotation.RequestMappingHandlerMapping - Mapped to cn.imhtb.live.modules.live.controller.WatchController#listWatches(Integer, Integer, Integer)
2026-04-26 08:16:43.224    DEBUG org.springframework.web.servlet.mvc.method.annotation.RequestResponseBodyMethodProcessor - Using 'application/json', given [application/json, text/plain, */*] and supported [application/json, application/*+json, application/json, application/*+json]
2026-04-26 08:16:43.225    DEBUG org.springframework.web.servlet.mvc.method.annotation.RequestResponseBodyMethodProcessor - Writing [cn.imhtb.live.common.ApiResponse@47f46287]
2026-04-26 08:16:43.225    DEBUG org.springframework.web.servlet.DispatcherServlet - Completed 200 OK
2026-04-26 08:16:45.420    DEBUG org.springframework.web.servlet.DispatcherServlet - GET "/api/v1/room/setting/info", parameters={}
2026-04-26 08:16:45.420    DEBUG org.springframework.web.servlet.DispatcherServlet - GET "/api/v1/live/getLiveStatus", parameters={}
2026-04-26 08:16:45.421    DEBUG org.springframework.web.servlet.mvc.method.annotation.RequestMappingHandlerMapping - Mapped to cn.imhtb.live.modules.live.controller.RoomController#settingInfo(HttpServletRequest)
2026-04-26 08:16:45.421    DEBUG org.springframework.web.servlet.mvc.method.annotation.RequestMappingHandlerMapping - Mapped to cn.imhtb.live.modules.live.controller.AntLiveController#getLiveStatus()
2026-04-26 08:16:45.431    DEBUG org.springframework.web.servlet.mvc.method.annotation.RequestResponseBodyMethodProcessor - Using 'application/json', given [application/json, text/plain, */*] and supported [application/json, application/*+json, application/json, application/*+json]
2026-04-26 08:16:45.431    DEBUG org.springframework.web.servlet.mvc.method.annotation.RequestResponseBodyMethodProcessor - Using 'application/json', given [application/json, text/plain, */*] and supported [application/json, application/*+json, application/json, application/*+json]
2026-04-26 08:16:45.431    DEBUG org.springframework.web.servlet.mvc.method.annotation.RequestResponseBodyMethodProcessor - Writing [cn.imhtb.live.common.ApiResponse@2e0ea9d4]
2026-04-26 08:16:45.431    DEBUG org.springframework.web.servlet.mvc.method.annotation.RequestResponseBodyMethodProcessor - Writing [cn.imhtb.live.common.ApiResponse@2eff4f42]
2026-04-26 08:16:45.432    DEBUG org.springframework.web.servlet.DispatcherServlet - Completed 200 OK
2026-04-26 08:16:45.435    DEBUG org.springframework.web.servlet.DispatcherServlet - Completed 200 OK
2026-04-26 08:16:47.611    DEBUG org.springframework.web.servlet.DispatcherServlet - GET "/api/v1/wallet/listRecentWalletLogs", parameters={}
2026-04-26 08:16:47.611    DEBUG org.springframework.web.servlet.DispatcherServlet - GET "/api/v1/wallet/getBalance", parameters={}
2026-04-26 08:16:47.612    DEBUG org.springframework.web.servlet.mvc.method.annotation.RequestMappingHandlerMapping - Mapped to cn.imhtb.live.modules.wallet.controller.WalletController#listRecentWalletLogs()
2026-04-26 08:16:47.613    DEBUG org.springframework.web.servlet.mvc.method.annotation.RequestMappingHandlerMapping - Mapped to cn.imhtb.live.modules.wallet.controller.WalletController#getBalance()
2026-04-26 08:16:47.616    DEBUG org.springframework.jdbc.core.JdbcTemplate - Executing prepared SQL query
2026-04-26 08:16:47.617    DEBUG org.springframework.jdbc.core.JdbcTemplate - Executing prepared SQL statement [SELECT COUNT(*) FROM information_schema.TABLES WHERE TABLE_SCHEMA = DATABASE() AND TABLE_NAME = ?]
2026-04-26 08:16:47.622    DEBUG org.springframework.jdbc.core.JdbcTemplate - Executing prepared SQL query
2026-04-26 08:16:47.623    DEBUG org.springframework.jdbc.core.JdbcTemplate - Executing prepared SQL statement [SELECT COUNT(*) FROM information_schema.TABLES WHERE TABLE_SCHEMA = DATABASE() AND TABLE_NAME = ?]
2026-04-26 08:16:47.625    DEBUG org.springframework.jdbc.core.JdbcTemplate - Executing prepared SQL query
2026-04-26 08:16:47.625    DEBUG org.springframework.web.servlet.mvc.method.annotation.RequestResponseBodyMethodProcessor - Using 'application/json', given [application/json, text/plain, */*] and supported [application/json, application/*+json, application/json, application/*+json]
2026-04-26 08:16:47.626    DEBUG org.springframework.jdbc.core.JdbcTemplate - Executing prepared SQL statement [SELECT COUNT(*) FROM information_schema.TABLES WHERE TABLE_SCHEMA = DATABASE() AND TABLE_NAME = ?]
2026-04-26 08:16:47.626    DEBUG org.springframework.web.servlet.mvc.method.annotation.RequestResponseBodyMethodProcessor - Writing [cn.imhtb.live.common.ApiResponse@5808edcf]
2026-04-26 08:16:47.630    DEBUG org.springframework.web.servlet.DispatcherServlet - Completed 200 OK
2026-04-26 08:16:47.647    DEBUG org.springframework.web.servlet.mvc.method.annotation.RequestResponseBodyMethodProcessor - Using 'application/json', given [application/json, text/plain, */*] and supported [application/json, application/*+json, application/json, application/*+json]
2026-04-26 08:16:47.647    DEBUG org.springframework.web.servlet.mvc.method.annotation.RequestResponseBodyMethodProcessor - Writing [cn.imhtb.live.common.ApiResponse@46ee0a2]
2026-04-26 08:16:47.652    DEBUG org.springframework.web.servlet.DispatcherServlet - Completed 200 OK
2026-04-26 08:16:49.184    DEBUG org.springframework.web.servlet.DispatcherServlet - GET "/api/v1/wallet/listWalletLogs?pageNo=1&pageSize=10", parameters={masked}
2026-04-26 08:16:49.185    DEBUG org.springframework.web.servlet.mvc.method.annotation.RequestMappingHandlerMapping - Mapped to cn.imhtb.live.modules.wallet.controller.WalletController#listWalletLogs(Integer, Integer)
2026-04-26 08:16:49.188    DEBUG org.springframework.jdbc.core.JdbcTemplate - Executing prepared SQL query
2026-04-26 08:16:49.189    DEBUG org.springframework.jdbc.core.JdbcTemplate - Executing prepared SQL statement [SELECT COUNT(*) FROM information_schema.TABLES WHERE TABLE_SCHEMA = DATABASE() AND TABLE_NAME = ?]
2026-04-26 08:16:49.194    DEBUG org.springframework.jdbc.core.JdbcTemplate - Executing prepared SQL query
2026-04-26 08:16:49.194    DEBUG org.springframework.jdbc.core.JdbcTemplate - Executing prepared SQL statement [SELECT COUNT(*) FROM information_schema.TABLES WHERE TABLE_SCHEMA = DATABASE() AND TABLE_NAME = ?]
2026-04-26 08:16:49.205    DEBUG org.springframework.web.servlet.mvc.method.annotation.RequestResponseBodyMethodProcessor - Using 'application/json', given [application/json, text/plain, */*] and supported [application/json, application/*+json, application/json, application/*+json]
2026-04-26 08:16:49.206    DEBUG org.springframework.web.servlet.mvc.method.annotation.RequestResponseBodyMethodProcessor - Writing [cn.imhtb.live.common.ApiResponse@230c04c4]
2026-04-26 08:16:49.208    DEBUG org.springframework.web.servlet.DispatcherServlet - Completed 200 OK
2026-04-26 08:16:52.279    DEBUG org.springframework.web.servlet.DispatcherServlet - POST "/api/v1/live/getLiveRecords", parameters={}
2026-04-26 08:16:52.280    DEBUG org.springframework.web.servlet.mvc.method.annotation.RequestMappingHandlerMapping - Mapped to cn.imhtb.live.modules.live.controller.AntLiveController#getLiveRecords(LiveInfoReqVo)
2026-04-26 08:16:52.308    DEBUG org.springframework.web.servlet.mvc.method.annotation.RequestResponseBodyMethodProcessor - Read "application/json;charset=UTF-8" to [PageQuery(pageNo=1, pageSize=10)]
2026-04-26 08:16:52.335    DEBUG org.springframework.web.servlet.mvc.method.annotation.RequestResponseBodyMethodProcessor - Using 'application/json', given [application/json, text/plain, */*] and supported [application/json, application/*+json, application/json, application/*+json]
2026-04-26 08:16:52.336    DEBUG org.springframework.web.servlet.mvc.method.annotation.RequestResponseBodyMethodProcessor - Writing [cn.imhtb.live.common.ApiResponse@1938a06b]
2026-04-26 08:16:52.339    DEBUG org.springframework.web.servlet.DispatcherServlet - Completed 200 OK
2026-04-26 08:16:54.346    DEBUG org.springframework.web.servlet.DispatcherServlet - POST "/api/v1/present/reward/records", parameters={}
2026-04-26 08:16:54.346    DEBUG org.springframework.web.servlet.mvc.method.annotation.RequestMappingHandlerMapping - Mapped to cn.imhtb.live.modules.live.controller.PresentController#rewardRecords(PageQuery)
2026-04-26 08:16:54.350    DEBUG org.springframework.web.servlet.mvc.method.annotation.RequestResponseBodyMethodProcessor - Read "application/json;charset=UTF-8" to [PageQuery(pageNo=1, pageSize=10)]
2026-04-26 08:16:54.372    DEBUG org.springframework.web.servlet.mvc.method.annotation.RequestResponseBodyMethodProcessor - Using 'application/json', given [application/json, text/plain, */*] and supported [application/json, application/*+json, application/json, application/*+json]
2026-04-26 08:16:54.372    DEBUG org.springframework.web.servlet.mvc.method.annotation.RequestResponseBodyMethodProcessor - Writing [cn.imhtb.live.common.ApiResponse@29d08641]
2026-04-26 08:16:54.374    DEBUG org.springframework.web.servlet.DispatcherServlet - Completed 200 OK
2026-04-26 08:21:20.715    DEBUG org.springframework.web.servlet.DispatcherServlet - GET "/api/v1/category/query", parameters={}
2026-04-26 08:21:20.716    DEBUG org.springframework.web.servlet.mvc.method.annotation.RequestMappingHandlerMapping - Mapped to cn.imhtb.live.modules.live.controller.CategoryController#queryCategoryPage(Integer, Integer)
2026-04-26 08:21:20.728    DEBUG org.springframework.web.servlet.mvc.method.annotation.RequestResponseBodyMethodProcessor - Using 'application/json', given [application/json, text/plain, */*] and supported [application/json, application/*+json, application/json, application/*+json]
2026-04-26 08:21:20.729    DEBUG org.springframework.web.servlet.mvc.method.annotation.RequestResponseBodyMethodProcessor - Writing [cn.imhtb.live.common.ApiResponse@606e1b78]
2026-04-26 08:21:20.733    DEBUG org.springframework.web.servlet.DispatcherServlet - Completed 200 OK
2026-04-26 08:21:21.430    DEBUG org.springframework.web.servlet.DispatcherServlet - GET "/api/v1/room/setting/info", parameters={}
2026-04-26 08:21:21.431    DEBUG org.springframework.web.servlet.mvc.method.annotation.RequestMappingHandlerMapping - Mapped to cn.imhtb.live.modules.live.controller.RoomController#settingInfo(HttpServletRequest)
2026-04-26 08:21:21.431    DEBUG org.springframework.web.servlet.DispatcherServlet - GET "/api/v1/live/getLiveStatus", parameters={}
2026-04-26 08:21:21.433    DEBUG org.springframework.web.servlet.mvc.method.annotation.RequestMappingHandlerMapping - Mapped to cn.imhtb.live.modules.live.controller.AntLiveController#getLiveStatus()
2026-04-26 08:21:21.438    DEBUG org.springframework.web.servlet.mvc.method.annotation.RequestResponseBodyMethodProcessor - Using 'application/json', given [application/json, text/plain, */*] and supported [application/json, application/*+json, application/json, application/*+json]
2026-04-26 08:21:21.438    DEBUG org.springframework.web.servlet.mvc.method.annotation.RequestResponseBodyMethodProcessor - Using 'application/json', given [application/json, text/plain, */*] and supported [application/json, application/*+json, application/json, application/*+json]
2026-04-26 08:21:21.439    DEBUG org.springframework.web.servlet.mvc.method.annotation.RequestResponseBodyMethodProcessor - Writing [cn.imhtb.live.common.ApiResponse@33ff6b2f]
2026-04-26 08:21:21.439    DEBUG org.springframework.web.servlet.mvc.method.annotation.RequestResponseBodyMethodProcessor - Writing [cn.imhtb.live.common.ApiResponse@73787614]
2026-04-26 08:21:21.440    DEBUG org.springframework.web.servlet.DispatcherServlet - Completed 200 OK
2026-04-26 08:21:21.441    DEBUG org.springframework.web.servlet.DispatcherServlet - Completed 200 OK
2026-04-26 08:21:25.171    DEBUG org.springframework.web.servlet.DispatcherServlet - POST "/api/v1/live/applySecret", parameters={}
2026-04-26 08:21:25.181    DEBUG org.springframework.web.servlet.mvc.method.annotation.RequestMappingHandlerMapping - Mapped to cn.imhtb.live.modules.live.controller.AntLiveController#applySecret()
2026-04-26 08:21:25.659    DEBUG org.springframework.web.servlet.mvc.method.annotation.RequestResponseBodyMethodProcessor - Using 'application/json', given [application/json, text/plain, */*] and supported [application/json, application/*+json, application/json, application/*+json]
2026-04-26 08:21:25.664    DEBUG org.springframework.web.servlet.mvc.method.annotation.RequestResponseBodyMethodProcessor - Writing [cn.imhtb.live.common.ApiResponse@10dffa01]
2026-04-26 08:21:25.667    DEBUG org.springframework.web.servlet.DispatcherServlet - Completed 200 OK
2026-04-26 08:21:25.683    DEBUG org.springframework.web.servlet.DispatcherServlet - GET "/api/v1/live/getLiveStatus", parameters={}
2026-04-26 08:21:25.684    DEBUG org.springframework.web.servlet.mvc.method.annotation.RequestMappingHandlerMapping - Mapped to cn.imhtb.live.modules.live.controller.AntLiveController#getLiveStatus()
2026-04-26 08:21:25.692    DEBUG org.springframework.web.servlet.DispatcherServlet - GET "/api/v1/room/setting/info", parameters={}
2026-04-26 08:21:25.693    DEBUG org.springframework.web.servlet.mvc.method.annotation.RequestMappingHandlerMapping - Mapped to cn.imhtb.live.modules.live.controller.RoomController#settingInfo(HttpServletRequest)
2026-04-26 08:21:25.698    DEBUG org.springframework.web.servlet.mvc.method.annotation.RequestResponseBodyMethodProcessor - Using 'application/json', given [application/json, text/plain, */*] and supported [application/json, application/*+json, application/json, application/*+json]
2026-04-26 08:21:25.700    DEBUG org.springframework.web.servlet.mvc.method.annotation.RequestResponseBodyMethodProcessor - Writing [cn.imhtb.live.common.ApiResponse@4456b2d1]
2026-04-26 08:21:25.701    DEBUG org.springframework.web.servlet.DispatcherServlet - Completed 200 OK
2026-04-26 08:21:25.701    DEBUG org.springframework.web.servlet.mvc.method.annotation.RequestResponseBodyMethodProcessor - Using 'application/json', given [application/json, text/plain, */*] and supported [application/json, application/*+json, application/json, application/*+json]
2026-04-26 08:21:25.702    DEBUG org.springframework.web.servlet.mvc.method.annotation.RequestResponseBodyMethodProcessor - Writing [cn.imhtb.live.common.ApiResponse@40b3a3d4]
2026-04-26 08:21:25.703    DEBUG org.springframework.web.servlet.DispatcherServlet - Completed 200 OK
2026-04-26 08:21:27.327    INFO  cn.imhtb.live.modules.server.netty.WebSocketServerHandler - 85ee30e4 WebSocket 握手完成
2026-04-26 08:21:27.590    DEBUG org.springframework.web.servlet.DispatcherServlet - GET "/api/v1/live/getLiveStatus", parameters={}
2026-04-26 08:21:27.590    DEBUG org.springframework.web.servlet.DispatcherServlet - GET "/api/v1/room/setting/info", parameters={}
2026-04-26 08:21:27.591    DEBUG org.springframework.web.servlet.mvc.method.annotation.RequestMappingHandlerMapping - Mapped to cn.imhtb.live.modules.live.controller.AntLiveController#getLiveStatus()
2026-04-26 08:21:27.592    DEBUG org.springframework.web.servlet.mvc.method.annotation.RequestMappingHandlerMapping - Mapped to cn.imhtb.live.modules.live.controller.RoomController#settingInfo(HttpServletRequest)
2026-04-26 08:21:27.596    DEBUG org.springframework.web.servlet.mvc.method.annotation.RequestResponseBodyMethodProcessor - Using 'application/json', given [application/json, text/plain, */*] and supported [application/json, application/*+json, application/json, application/*+json]
2026-04-26 08:21:27.597    DEBUG org.springframework.web.servlet.mvc.method.annotation.RequestResponseBodyMethodProcessor - Writing [cn.imhtb.live.common.ApiResponse@1bc1b71e]
2026-04-26 08:21:27.598    DEBUG org.springframework.web.servlet.mvc.method.annotation.RequestResponseBodyMethodProcessor - Using 'application/json', given [application/json, text/plain, */*] and supported [application/json, application/*+json, application/json, application/*+json]
2026-04-26 08:21:27.598    DEBUG org.springframework.web.servlet.DispatcherServlet - Completed 200 OK
2026-04-26 08:21:27.599    DEBUG org.springframework.web.servlet.DispatcherServlet - POST "/api/v1/live/guard/check", parameters={multipart}
2026-04-26 08:21:27.598    DEBUG org.springframework.web.servlet.mvc.method.annotation.RequestResponseBodyMethodProcessor - Writing [cn.imhtb.live.common.ApiResponse@1879a082]
2026-04-26 08:21:27.602    DEBUG org.springframework.web.servlet.DispatcherServlet - Completed 200 OK
2026-04-26 08:21:27.624    DEBUG org.springframework.web.servlet.mvc.method.annotation.RequestMappingHandlerMapping - Mapped to cn.imhtb.live.modules.live.controller.AntLiveController#guardCheck(Integer, MultipartFile)
2026-04-26 08:21:27.677    DEBUG org.springframework.web.client.RestTemplate - HTTP POST http://localhost:8000/check
2026-04-26 08:21:27.680    DEBUG org.springframework.web.client.RestTemplate - Accept=[application/json, application/*+json]
2026-04-26 08:21:27.683    DEBUG org.springframework.web.client.RestTemplate - Writing [{file=[Byte array resource [resource loaded from byte array]]}] as "multipart/form-data"
2026-04-26 08:21:27.727    WARN  cn.imhtb.live.modules.live.guard.LiveGuardService - live guard check unavailable, endpoint=http://localhost:8000/check
org.springframework.web.client.ResourceAccessException: I/O error on POST request for "http://localhost:8000/check": Connection refused: getsockopt; nested exception is java.net.ConnectException: Connection refused: getsockopt
	at org.springframework.web.client.RestTemplate.doExecute(RestTemplate.java:785)
	at org.springframework.web.client.RestTemplate.execute(RestTemplate.java:711)
	at org.springframework.web.client.RestTemplate.postForEntity(RestTemplate.java:468)
	at cn.imhtb.live.modules.live.guard.LiveGuardService.callGuard(LiveGuardService.java:131)
	at cn.imhtb.live.modules.live.guard.LiveGuardService.checkFrame(LiveGuardService.java:97)
	at cn.imhtb.live.modules.live.guard.LiveGuardService$$FastClassBySpringCGLIB$$8412be1d.invoke(<generated>)
	at org.springframework.cglib.proxy.MethodProxy.invoke(MethodProxy.java:218)
	at org.springframework.aop.framework.CglibAopProxy$CglibMethodInvocation.invokeJoinpoint(CglibAopProxy.java:783)
	at org.springframework.aop.framework.ReflectiveMethodInvocation.proceed(ReflectiveMethodInvocation.java:163)
	at org.springframework.aop.framework.CglibAopProxy$CglibMethodInvocation.proceed(CglibAopProxy.java:753)
	at org.springframework.transaction.interceptor.TransactionInterceptor$1.proceedWithInvocation(TransactionInterceptor.java:123)
	at org.springframework.transaction.interceptor.TransactionAspectSupport.invokeWithinTransaction(TransactionAspectSupport.java:388)
	at org.springframework.transaction.interceptor.TransactionInterceptor.invoke(TransactionInterceptor.java:119)
	at org.springframework.aop.framework.ReflectiveMethodInvocation.proceed(ReflectiveMethodInvocation.java:186)
	at org.springframework.aop.framework.CglibAopProxy$CglibMethodInvocation.proceed(CglibAopProxy.java:753)
	at org.springframework.aop.framework.CglibAopProxy$DynamicAdvisedInterceptor.intercept(CglibAopProxy.java:698)
	at cn.imhtb.live.modules.live.guard.LiveGuardService$$EnhancerBySpringCGLIB$$8902f535.checkFrame(<generated>)
	at cn.imhtb.live.modules.live.controller.AntLiveController.guardCheck(AntLiveController.java:66)
	at java.base/jdk.internal.reflect.DirectMethodHandleAccessor.invoke(DirectMethodHandleAccessor.java:103)
	at java.base/java.lang.reflect.Method.invoke(Method.java:580)
	at org.springframework.web.method.support.InvocableHandlerMethod.doInvoke(InvocableHandlerMethod.java:205)
	at org.springframework.web.method.support.InvocableHandlerMethod.invokeForRequest(InvocableHandlerMethod.java:150)
	at org.springframework.web.servlet.mvc.method.annotation.ServletInvocableHandlerMethod.invokeAndHandle(ServletInvocableHandlerMethod.java:117)
	at org.springframework.web.servlet.mvc.method.annotation.RequestMappingHandlerAdapter.invokeHandlerMethod(RequestMappingHandlerAdapter.java:895)
	at org.springframework.web.servlet.mvc.method.annotation.RequestMappingHandlerAdapter.handleInternal(RequestMappingHandlerAdapter.java:808)
	at org.springframework.web.servlet.mvc.method.AbstractHandlerMethodAdapter.handle(AbstractHandlerMethodAdapter.java:87)
	at org.springframework.web.servlet.DispatcherServlet.doDispatch(DispatcherServlet.java:1067)
	at org.springframework.web.servlet.DispatcherServlet.doService(DispatcherServlet.java:963)
	at org.springframework.web.servlet.FrameworkServlet.processRequest(FrameworkServlet.java:1006)
	at org.springframework.web.servlet.FrameworkServlet.doPost(FrameworkServlet.java:909)
	at javax.servlet.http.HttpServlet.service(HttpServlet.java:681)
	at org.springframework.web.servlet.FrameworkServlet.service(FrameworkServlet.java:883)
	at javax.servlet.http.HttpServlet.service(HttpServlet.java:764)
	at org.apache.catalina.core.ApplicationFilterChain.internalDoFilter(ApplicationFilterChain.java:227)
	at org.apache.catalina.core.ApplicationFilterChain.doFilter(ApplicationFilterChain.java:162)
	at org.apache.tomcat.websocket.server.WsFilter.doFilter(WsFilter.java:53)
	at org.apache.catalina.core.ApplicationFilterChain.internalDoFilter(ApplicationFilterChain.java:189)
	at org.apache.catalina.core.ApplicationFilterChain.doFilter(ApplicationFilterChain.java:162)
	at org.springframework.web.filter.OncePerRequestFilter.doFilter(OncePerRequestFilter.java:111)
	at org.apache.catalina.core.ApplicationFilterChain.internalDoFilter(ApplicationFilterChain.java:189)
	at org.apache.catalina.core.ApplicationFilterChain.doFilter(ApplicationFilterChain.java:162)
	at org.springframework.security.web.FilterChainProxy$VirtualFilterChain.doFilter(FilterChainProxy.java:327)
	at org.springframework.security.web.access.intercept.FilterSecurityInterceptor.invoke(FilterSecurityInterceptor.java:115)
	at org.springframework.security.web.access.intercept.FilterSecurityInterceptor.doFilter(FilterSecurityInterceptor.java:81)
	at org.springframework.security.web.FilterChainProxy$VirtualFilterChain.doFilter(FilterChainProxy.java:336)
	at org.springframework.security.web.access.ExceptionTranslationFilter.doFilter(ExceptionTranslationFilter.java:121)
	at org.springframework.security.web.access.ExceptionTranslationFilter.doFilter(ExceptionTranslationFilter.java:115)
	at org.springframework.security.web.FilterChainProxy$VirtualFilterChain.doFilter(FilterChainProxy.java:336)
	at org.springframework.security.web.session.SessionManagementFilter.doFilter(SessionManagementFilter.java:126)
	at org.springframework.security.web.session.SessionManagementFilter.doFilter(SessionManagementFilter.java:81)
	at org.springframework.security.web.FilterChainProxy$VirtualFilterChain.doFilter(FilterChainProxy.java:336)
	at org.springframework.security.web.authentication.AnonymousAuthenticationFilter.doFilter(AnonymousAuthenticationFilter.java:105)
	at org.springframework.security.web.FilterChainProxy$VirtualFilterChain.doFilter(FilterChainProxy.java:336)
	at org.springframework.security.web.servletapi.SecurityContextHolderAwareRequestFilter.doFilter(SecurityContextHolderAwareRequestFilter.java:149)
	at org.springframework.security.web.FilterChainProxy$VirtualFilterChain.doFilter(FilterChainProxy.java:336)
	at org.springframework.security.web.savedrequest.RequestCacheAwareFilter.doFilter(RequestCacheAwareFilter.java:63)
	at org.springframework.security.web.FilterChainProxy$VirtualFilterChain.doFilter(FilterChainProxy.java:336)
	at cn.imhtb.live.common.filter.JwtAuthorizationFilter.doFilterInternal(JwtAuthorizationFilter.java:49)
	at org.springframework.web.filter.OncePerRequestFilter.doFilter(OncePerRequestFilter.java:117)
	at org.springframework.security.web.FilterChainProxy$VirtualFilterChain.doFilter(FilterChainProxy.java:336)
	at org.springframework.security.web.authentication.AbstractAuthenticationProcessingFilter.doFilter(AbstractAuthenticationProcessingFilter.java:218)
	at org.springframework.security.web.authentication.AbstractAuthenticationProcessingFilter.doFilter(AbstractAuthenticationProcessingFilter.java:212)
	at org.springframework.security.web.FilterChainProxy$VirtualFilterChain.doFilter(FilterChainProxy.java:336)
	at org.springframework.security.web.authentication.logout.LogoutFilter.doFilter(LogoutFilter.java:103)
	at org.springframework.security.web.authentication.logout.LogoutFilter.doFilter(LogoutFilter.java:89)
	at org.springframework.security.web.FilterChainProxy$VirtualFilterChain.doFilter(FilterChainProxy.java:336)
	at org.springframework.web.filter.CorsFilter.doFilterInternal(CorsFilter.java:91)
	at org.springframework.web.filter.OncePerRequestFilter.doFilter(OncePerRequestFilter.java:117)
	at org.springframework.security.web.FilterChainProxy$VirtualFilterChain.doFilter(FilterChainProxy.java:336)
	at org.springframework.security.web.header.HeaderWriterFilter.doHeadersAfter(HeaderWriterFilter.java:90)
	at org.springframework.security.web.header.HeaderWriterFilter.doFilterInternal(HeaderWriterFilter.java:75)
	at org.springframework.web.filter.OncePerRequestFilter.doFilter(OncePerRequestFilter.java:117)
	at org.springframework.security.web.FilterChainProxy$VirtualFilterChain.doFilter(FilterChainProxy.java:336)
	at org.springframework.security.web.context.SecurityContextPersistenceFilter.doFilter(SecurityContextPersistenceFilter.java:110)
	at org.springframework.security.web.context.SecurityContextPersistenceFilter.doFilter(SecurityContextPersistenceFilter.java:80)
	at org.springframework.security.web.FilterChainProxy$VirtualFilterChain.doFilter(FilterChainProxy.java:336)
	at org.springframework.security.web.context.request.async.WebAsyncManagerIntegrationFilter.doFilterInternal(WebAsyncManagerIntegrationFilter.java:55)
	at org.springframework.web.filter.OncePerRequestFilter.doFilter(OncePerRequestFilter.java:117)
	at org.springframework.security.web.FilterChainProxy$VirtualFilterChain.doFilter(FilterChainProxy.java:336)
	at org.springframework.security.web.FilterChainProxy.doFilterInternal(FilterChainProxy.java:211)
	at org.springframework.security.web.FilterChainProxy.doFilter(FilterChainProxy.java:183)
	at org.springframework.web.filter.DelegatingFilterProxy.invokeDelegate(DelegatingFilterProxy.java:354)
	at org.springframework.web.filter.DelegatingFilterProxy.doFilter(DelegatingFilterProxy.java:267)
	at org.apache.catalina.core.ApplicationFilterChain.internalDoFilter(ApplicationFilterChain.java:189)
	at org.apache.catalina.core.ApplicationFilterChain.doFilter(ApplicationFilterChain.java:162)
	at org.springframework.web.filter.RequestContextFilter.doFilterInternal(RequestContextFilter.java:100)
	at org.springframework.web.filter.OncePerRequestFilter.doFilter(OncePerRequestFilter.java:117)
	at org.apache.catalina.core.ApplicationFilterChain.internalDoFilter(ApplicationFilterChain.java:189)
	at org.apache.catalina.core.ApplicationFilterChain.doFilter(ApplicationFilterChain.java:162)
	at org.springframework.web.filter.FormContentFilter.doFilterInternal(FormContentFilter.java:93)
	at org.springframework.web.filter.OncePerRequestFilter.doFilter(OncePerRequestFilter.java:117)
	at org.apache.catalina.core.ApplicationFilterChain.internalDoFilter(ApplicationFilterChain.java:189)
	at org.apache.catalina.core.ApplicationFilterChain.doFilter(ApplicationFilterChain.java:162)
	at org.springframework.web.filter.CharacterEncodingFilter.doFilterInternal(CharacterEncodingFilter.java:201)
	at org.springframework.web.filter.OncePerRequestFilter.doFilter(OncePerRequestFilter.java:117)
	at org.apache.catalina.core.ApplicationFilterChain.internalDoFilter(ApplicationFilterChain.java:189)
	at org.apache.catalina.core.ApplicationFilterChain.doFilter(ApplicationFilterChain.java:162)
	at org.apache.catalina.core.StandardWrapperValve.invoke(StandardWrapperValve.java:197)
	at org.apache.catalina.core.StandardContextValve.invoke(StandardContextValve.java:97)
	at org.apache.catalina.authenticator.AuthenticatorBase.invoke(AuthenticatorBase.java:540)
	at org.apache.catalina.core.StandardHostValve.invoke(StandardHostValve.java:135)
	at org.apache.catalina.valves.ErrorReportValve.invoke(ErrorReportValve.java:92)
	at org.apache.catalina.core.StandardEngineValve.invoke(StandardEngineValve.java:78)
	at org.apache.catalina.connector.CoyoteAdapter.service(CoyoteAdapter.java:357)
	at org.apache.coyote.http11.Http11Processor.service(Http11Processor.java:382)
	at org.apache.coyote.AbstractProcessorLight.process(AbstractProcessorLight.java:65)
	at org.apache.coyote.AbstractProtocol$ConnectionHandler.process(AbstractProtocol.java:895)
	at org.apache.tomcat.util.net.NioEndpoint$SocketProcessor.doRun(NioEndpoint.java:1732)
	at org.apache.tomcat.util.net.SocketProcessorBase.run(SocketProcessorBase.java:49)
	at org.apache.tomcat.util.threads.ThreadPoolExecutor.runWorker(ThreadPoolExecutor.java:1191)
	at org.apache.tomcat.util.threads.ThreadPoolExecutor$Worker.run(ThreadPoolExecutor.java:659)
	at org.apache.tomcat.util.threads.TaskThread$WrappingRunnable.run(TaskThread.java:61)
	at java.base/java.lang.Thread.run(Thread.java:1583)
Caused by: java.net.ConnectException: Connection refused: getsockopt
	at java.base/sun.nio.ch.Net.pollConnect(Native Method)
	at java.base/sun.nio.ch.Net.pollConnectNow(Net.java:682)
	at java.base/sun.nio.ch.NioSocketImpl.timedFinishConnect(NioSocketImpl.java:542)
	at java.base/sun.nio.ch.NioSocketImpl.connect(NioSocketImpl.java:592)
	at java.base/java.net.Socket.connect(Socket.java:751)
	at java.base/sun.net.NetworkClient.doConnect(NetworkClient.java:178)
	at java.base/sun.net.www.http.HttpClient.openServer(HttpClient.java:531)
	at java.base/sun.net.www.http.HttpClient.openServer(HttpClient.java:636)
	at java.base/sun.net.www.http.HttpClient.<init>(HttpClient.java:282)
	at java.base/sun.net.www.http.HttpClient.New(HttpClient.java:386)
	at java.base/sun.net.www.http.HttpClient.New(HttpClient.java:408)
	at java.base/sun.net.www.protocol.http.HttpURLConnection.getNewHttpClient(HttpURLConnection.java:1320)
	at java.base/sun.net.www.protocol.http.HttpURLConnection.plainConnect0(HttpURLConnection.java:1253)
	at java.base/sun.net.www.protocol.http.HttpURLConnection.plainConnect(HttpURLConnection.java:1139)
	at java.base/sun.net.www.protocol.http.HttpURLConnection.connect(HttpURLConnection.java:1068)
	at org.springframework.http.client.SimpleBufferingClientHttpRequest.executeInternal(SimpleBufferingClientHttpRequest.java:76)
	at org.springframework.http.client.AbstractBufferingClientHttpRequest.executeInternal(AbstractBufferingClientHttpRequest.java:48)
	at org.springframework.http.client.AbstractClientHttpRequest.execute(AbstractClientHttpRequest.java:66)
	at org.springframework.web.client.RestTemplate.doExecute(RestTemplate.java:776)
	... 112 common frames omitted
2026-04-26 08:21:27.733    DEBUG org.springframework.web.servlet.mvc.method.annotation.RequestResponseBodyMethodProcessor - Using 'application/json', given [application/json, text/plain, */*] and supported [application/json, application/*+json, application/json, application/*+json]
2026-04-26 08:21:27.734    DEBUG org.springframework.web.servlet.mvc.method.annotation.RequestResponseBodyMethodProcessor - Writing [cn.imhtb.live.common.ApiResponse@3ccf2d7e]
2026-04-26 08:21:27.737    DEBUG org.springframework.web.servlet.DispatcherServlet - Completed 200 OK
2026-04-26 08:21:29.656    DEBUG org.springframework.web.servlet.DispatcherServlet - POST "/api/v1/live/guard/check", parameters={multipart}
2026-04-26 08:21:29.666    DEBUG org.springframework.web.servlet.mvc.method.annotation.RequestMappingHandlerMapping - Mapped to cn.imhtb.live.modules.live.controller.AntLiveController#guardCheck(Integer, MultipartFile)
2026-04-26 08:21:29.697    DEBUG org.springframework.web.client.RestTemplate - HTTP POST http://localhost:8000/check
2026-04-26 08:21:29.697    DEBUG org.springframework.web.client.RestTemplate - Accept=[application/json, application/*+json]
2026-04-26 08:21:29.700    DEBUG org.springframework.web.client.RestTemplate - Writing [{file=[Byte array resource [resource loaded from byte array]]}] as "multipart/form-data"
2026-04-26 08:21:29.713    WARN  cn.imhtb.live.modules.live.guard.LiveGuardService - live guard check unavailable, endpoint=http://localhost:8000/check
org.springframework.web.client.ResourceAccessException: I/O error on POST request for "http://localhost:8000/check": Connection refused: getsockopt; nested exception is java.net.ConnectException: Connection refused: getsockopt
	at org.springframework.web.client.RestTemplate.doExecute(RestTemplate.java:785)
	at org.springframework.web.client.RestTemplate.execute(RestTemplate.java:711)
	at org.springframework.web.client.RestTemplate.postForEntity(RestTemplate.java:468)
	at cn.imhtb.live.modules.live.guard.LiveGuardService.callGuard(LiveGuardService.java:131)
	at cn.imhtb.live.modules.live.guard.LiveGuardService.checkFrame(LiveGuardService.java:97)
	at cn.imhtb.live.modules.live.guard.LiveGuardService$$FastClassBySpringCGLIB$$8412be1d.invoke(<generated>)
	at org.springframework.cglib.proxy.MethodProxy.invoke(MethodProxy.java:218)
	at org.springframework.aop.framework.CglibAopProxy$CglibMethodInvocation.invokeJoinpoint(CglibAopProxy.java:783)
	at org.springframework.aop.framework.ReflectiveMethodInvocation.proceed(ReflectiveMethodInvocation.java:163)
	at org.springframework.aop.framework.CglibAopProxy$CglibMethodInvocation.proceed(CglibAopProxy.java:753)
	at org.springframework.transaction.interceptor.TransactionInterceptor$1.proceedWithInvocation(TransactionInterceptor.java:123)
	at org.springframework.transaction.interceptor.TransactionAspectSupport.invokeWithinTransaction(TransactionAspectSupport.java:388)
	at org.springframework.transaction.interceptor.TransactionInterceptor.invoke(TransactionInterceptor.java:119)
	at org.springframework.aop.framework.ReflectiveMethodInvocation.proceed(ReflectiveMethodInvocation.java:186)
	at org.springframework.aop.framework.CglibAopProxy$CglibMethodInvocation.proceed(CglibAopProxy.java:753)
	at org.springframework.aop.framework.CglibAopProxy$DynamicAdvisedInterceptor.intercept(CglibAopProxy.java:698)
	at cn.imhtb.live.modules.live.guard.LiveGuardService$$EnhancerBySpringCGLIB$$8902f535.checkFrame(<generated>)
	at cn.imhtb.live.modules.live.controller.AntLiveController.guardCheck(AntLiveController.java:66)
	at java.base/jdk.internal.reflect.DirectMethodHandleAccessor.invoke(DirectMethodHandleAccessor.java:103)
	at java.base/java.lang.reflect.Method.invoke(Method.java:580)
	at org.springframework.web.method.support.InvocableHandlerMethod.doInvoke(InvocableHandlerMethod.java:205)
	at org.springframework.web.method.support.InvocableHandlerMethod.invokeForRequest(InvocableHandlerMethod.java:150)
	at org.springframework.web.servlet.mvc.method.annotation.ServletInvocableHandlerMethod.invokeAndHandle(ServletInvocableHandlerMethod.java:117)
	at org.springframework.web.servlet.mvc.method.annotation.RequestMappingHandlerAdapter.invokeHandlerMethod(RequestMappingHandlerAdapter.java:895)
	at org.springframework.web.servlet.mvc.method.annotation.RequestMappingHandlerAdapter.handleInternal(RequestMappingHandlerAdapter.java:808)
	at org.springframework.web.servlet.mvc.method.AbstractHandlerMethodAdapter.handle(AbstractHandlerMethodAdapter.java:87)
	at org.springframework.web.servlet.DispatcherServlet.doDispatch(DispatcherServlet.java:1067)
	at org.springframework.web.servlet.DispatcherServlet.doService(DispatcherServlet.java:963)
	at org.springframework.web.servlet.FrameworkServlet.processRequest(FrameworkServlet.java:1006)
	at org.springframework.web.servlet.FrameworkServlet.doPost(FrameworkServlet.java:909)
	at javax.servlet.http.HttpServlet.service(HttpServlet.java:681)
	at org.springframework.web.servlet.FrameworkServlet.service(FrameworkServlet.java:883)
	at javax.servlet.http.HttpServlet.service(HttpServlet.java:764)
	at org.apache.catalina.core.ApplicationFilterChain.internalDoFilter(ApplicationFilterChain.java:227)
	at org.apache.catalina.core.ApplicationFilterChain.doFilter(ApplicationFilterChain.java:162)
	at org.apache.tomcat.websocket.server.WsFilter.doFilter(WsFilter.java:53)
	at org.apache.catalina.core.ApplicationFilterChain.internalDoFilter(ApplicationFilterChain.java:189)
	at org.apache.catalina.core.ApplicationFilterChain.doFilter(ApplicationFilterChain.java:162)
	at org.springframework.web.filter.OncePerRequestFilter.doFilter(OncePerRequestFilter.java:111)
	at org.apache.catalina.core.ApplicationFilterChain.internalDoFilter(ApplicationFilterChain.java:189)
	at org.apache.catalina.core.ApplicationFilterChain.doFilter(ApplicationFilterChain.java:162)
	at org.springframework.security.web.FilterChainProxy$VirtualFilterChain.doFilter(FilterChainProxy.java:327)
	at org.springframework.security.web.access.intercept.FilterSecurityInterceptor.invoke(FilterSecurityInterceptor.java:115)
	at org.springframework.security.web.access.intercept.FilterSecurityInterceptor.doFilter(FilterSecurityInterceptor.java:81)
	at org.springframework.security.web.FilterChainProxy$VirtualFilterChain.doFilter(FilterChainProxy.java:336)
	at org.springframework.security.web.access.ExceptionTranslationFilter.doFilter(ExceptionTranslationFilter.java:121)
	at org.springframework.security.web.access.ExceptionTranslationFilter.doFilter(ExceptionTranslationFilter.java:115)
	at org.springframework.security.web.FilterChainProxy$VirtualFilterChain.doFilter(FilterChainProxy.java:336)
	at org.springframework.security.web.session.SessionManagementFilter.doFilter(SessionManagementFilter.java:126)
	at org.springframework.security.web.session.SessionManagementFilter.doFilter(SessionManagementFilter.java:81)
	at org.springframework.security.web.FilterChainProxy$VirtualFilterChain.doFilter(FilterChainProxy.java:336)
	at org.springframework.security.web.authentication.AnonymousAuthenticationFilter.doFilter(AnonymousAuthenticationFilter.java:105)
	at org.springframework.security.web.FilterChainProxy$VirtualFilterChain.doFilter(FilterChainProxy.java:336)
	at org.springframework.security.web.servletapi.SecurityContextHolderAwareRequestFilter.doFilter(SecurityContextHolderAwareRequestFilter.java:149)
	at org.springframework.security.web.FilterChainProxy$VirtualFilterChain.doFilter(FilterChainProxy.java:336)
	at org.springframework.security.web.savedrequest.RequestCacheAwareFilter.doFilter(RequestCacheAwareFilter.java:63)
	at org.springframework.security.web.FilterChainProxy$VirtualFilterChain.doFilter(FilterChainProxy.java:336)
	at cn.imhtb.live.common.filter.JwtAuthorizationFilter.doFilterInternal(JwtAuthorizationFilter.java:49)
	at org.springframework.web.filter.OncePerRequestFilter.doFilter(OncePerRequestFilter.java:117)
	at org.springframework.security.web.FilterChainProxy$VirtualFilterChain.doFilter(FilterChainProxy.java:336)
	at org.springframework.security.web.authentication.AbstractAuthenticationProcessingFilter.doFilter(AbstractAuthenticationProcessingFilter.java:218)
	at org.springframework.security.web.authentication.AbstractAuthenticationProcessingFilter.doFilter(AbstractAuthenticationProcessingFilter.java:212)
	at org.springframework.security.web.FilterChainProxy$VirtualFilterChain.doFilter(FilterChainProxy.java:336)
	at org.springframework.security.web.authentication.logout.LogoutFilter.doFilter(LogoutFilter.java:103)
	at org.springframework.security.web.authentication.logout.LogoutFilter.doFilter(LogoutFilter.java:89)
	at org.springframework.security.web.FilterChainProxy$VirtualFilterChain.doFilter(FilterChainProxy.java:336)
	at org.springframework.web.filter.CorsFilter.doFilterInternal(CorsFilter.java:91)
	at org.springframework.web.filter.OncePerRequestFilter.doFilter(OncePerRequestFilter.java:117)
	at org.springframework.security.web.FilterChainProxy$VirtualFilterChain.doFilter(FilterChainProxy.java:336)
	at org.springframework.security.web.header.HeaderWriterFilter.doHeadersAfter(HeaderWriterFilter.java:90)
	at org.springframework.security.web.header.HeaderWriterFilter.doFilterInternal(HeaderWriterFilter.java:75)
	at org.springframework.web.filter.OncePerRequestFilter.doFilter(OncePerRequestFilter.java:117)
	at org.springframework.security.web.FilterChainProxy$VirtualFilterChain.doFilter(FilterChainProxy.java:336)
	at org.springframework.security.web.context.SecurityContextPersistenceFilter.doFilter(SecurityContextPersistenceFilter.java:110)
	at org.springframework.security.web.context.SecurityContextPersistenceFilter.doFilter(SecurityContextPersistenceFilter.java:80)
	at org.springframework.security.web.FilterChainProxy$VirtualFilterChain.doFilter(FilterChainProxy.java:336)
	at org.springframework.security.web.context.request.async.WebAsyncManagerIntegrationFilter.doFilterInternal(WebAsyncManagerIntegrationFilter.java:55)
	at org.springframework.web.filter.OncePerRequestFilter.doFilter(OncePerRequestFilter.java:117)
	at org.springframework.security.web.FilterChainProxy$VirtualFilterChain.doFilter(FilterChainProxy.java:336)
	at org.springframework.security.web.FilterChainProxy.doFilterInternal(FilterChainProxy.java:211)
	at org.springframework.security.web.FilterChainProxy.doFilter(FilterChainProxy.java:183)
	at org.springframework.web.filter.DelegatingFilterProxy.invokeDelegate(DelegatingFilterProxy.java:354)
	at org.springframework.web.filter.DelegatingFilterProxy.doFilter(DelegatingFilterProxy.java:267)
	at org.apache.catalina.core.ApplicationFilterChain.internalDoFilter(ApplicationFilterChain.java:189)
	at org.apache.catalina.core.ApplicationFilterChain.doFilter(ApplicationFilterChain.java:162)
	at org.springframework.web.filter.RequestContextFilter.doFilterInternal(RequestContextFilter.java:100)
	at org.springframework.web.filter.OncePerRequestFilter.doFilter(OncePerRequestFilter.java:117)
	at org.apache.catalina.core.ApplicationFilterChain.internalDoFilter(ApplicationFilterChain.java:189)
	at org.apache.catalina.core.ApplicationFilterChain.doFilter(ApplicationFilterChain.java:162)
	at org.springframework.web.filter.FormContentFilter.doFilterInternal(FormContentFilter.java:93)
	at org.springframework.web.filter.OncePerRequestFilter.doFilter(OncePerRequestFilter.java:117)
	at org.apache.catalina.core.ApplicationFilterChain.internalDoFilter(ApplicationFilterChain.java:189)
	at org.apache.catalina.core.ApplicationFilterChain.doFilter(ApplicationFilterChain.java:162)
	at org.springframework.web.filter.CharacterEncodingFilter.doFilterInternal(CharacterEncodingFilter.java:201)
	at org.springframework.web.filter.OncePerRequestFilter.doFilter(OncePerRequestFilter.java:117)
	at org.apache.catalina.core.ApplicationFilterChain.internalDoFilter(ApplicationFilterChain.java:189)
	at org.apache.catalina.core.ApplicationFilterChain.doFilter(ApplicationFilterChain.java:162)
	at org.apache.catalina.core.StandardWrapperValve.invoke(StandardWrapperValve.java:197)
	at org.apache.catalina.core.StandardContextValve.invoke(StandardContextValve.java:97)
	at org.apache.catalina.authenticator.AuthenticatorBase.invoke(AuthenticatorBase.java:540)
	at org.apache.catalina.core.StandardHostValve.invoke(StandardHostValve.java:135)
	at org.apache.catalina.valves.ErrorReportValve.invoke(ErrorReportValve.java:92)
	at org.apache.catalina.core.StandardEngineValve.invoke(StandardEngineValve.java:78)
	at org.apache.catalina.connector.CoyoteAdapter.service(CoyoteAdapter.java:357)
	at org.apache.coyote.http11.Http11Processor.service(Http11Processor.java:382)
	at org.apache.coyote.AbstractProcessorLight.process(AbstractProcessorLight.java:65)
	at org.apache.coyote.AbstractProtocol$ConnectionHandler.process(AbstractProtocol.java:895)
	at org.apache.tomcat.util.net.NioEndpoint$SocketProcessor.doRun(NioEndpoint.java:1732)
	at org.apache.tomcat.util.net.SocketProcessorBase.run(SocketProcessorBase.java:49)
	at org.apache.tomcat.util.threads.ThreadPoolExecutor.runWorker(ThreadPoolExecutor.java:1191)
	at org.apache.tomcat.util.threads.ThreadPoolExecutor$Worker.run(ThreadPoolExecutor.java:659)
	at org.apache.tomcat.util.threads.TaskThread$WrappingRunnable.run(TaskThread.java:61)
	at java.base/java.lang.Thread.run(Thread.java:1583)
Caused by: java.net.ConnectException: Connection refused: getsockopt
	at java.base/sun.nio.ch.Net.pollConnect(Native Method)
	at java.base/sun.nio.ch.Net.pollConnectNow(Net.java:682)
	at java.base/sun.nio.ch.NioSocketImpl.timedFinishConnect(NioSocketImpl.java:542)
	at java.base/sun.nio.ch.NioSocketImpl.connect(NioSocketImpl.java:592)
	at java.base/java.net.Socket.connect(Socket.java:751)
	at java.base/sun.net.NetworkClient.doConnect(NetworkClient.java:178)
	at java.base/sun.net.www.http.HttpClient.openServer(HttpClient.java:531)
	at java.base/sun.net.www.http.HttpClient.openServer(HttpClient.java:636)
	at java.base/sun.net.www.http.HttpClient.<init>(HttpClient.java:282)
	at java.base/sun.net.www.http.HttpClient.New(HttpClient.java:386)
	at java.base/sun.net.www.http.HttpClient.New(HttpClient.java:408)
	at java.base/sun.net.www.protocol.http.HttpURLConnection.getNewHttpClient(HttpURLConnection.java:1320)
	at java.base/sun.net.www.protocol.http.HttpURLConnection.plainConnect0(HttpURLConnection.java:1253)
	at java.base/sun.net.www.protocol.http.HttpURLConnection.plainConnect(HttpURLConnection.java:1139)
	at java.base/sun.net.www.protocol.http.HttpURLConnection.connect(HttpURLConnection.java:1068)
	at org.springframework.http.client.SimpleBufferingClientHttpRequest.executeInternal(SimpleBufferingClientHttpRequest.java:76)
	at org.springframework.http.client.AbstractBufferingClientHttpRequest.executeInternal(AbstractBufferingClientHttpRequest.java:48)
	at org.springframework.http.client.AbstractClientHttpRequest.execute(AbstractClientHttpRequest.java:66)
	at org.springframework.web.client.RestTemplate.doExecute(RestTemplate.java:776)
	... 112 common frames omitted
2026-04-26 08:21:29.716    DEBUG org.springframework.web.servlet.mvc.method.annotation.RequestResponseBodyMethodProcessor - Using 'application/json', given [application/json, text/plain, */*] and supported [application/json, application/*+json, application/json, application/*+json]
2026-04-26 08:21:29.716    DEBUG org.springframework.web.servlet.mvc.method.annotation.RequestResponseBodyMethodProcessor - Writing [cn.imhtb.live.common.ApiResponse@447d4b40]
2026-04-26 08:21:29.719    DEBUG org.springframework.web.servlet.DispatcherServlet - Completed 200 OK
2026-04-26 08:21:31.606    DEBUG org.springframework.web.servlet.DispatcherServlet - POST "/api/v1/live/guard/check", parameters={multipart}
2026-04-26 08:21:31.619    DEBUG org.springframework.web.servlet.mvc.method.annotation.RequestMappingHandlerMapping - Mapped to cn.imhtb.live.modules.live.controller.AntLiveController#guardCheck(Integer, MultipartFile)
2026-04-26 08:21:31.622    DEBUG org.springframework.web.servlet.mvc.method.annotation.RequestResponseBodyMethodProcessor - Using 'application/json', given [application/json, text/plain, */*] and supported [application/json, application/*+json, application/json, application/*+json]
2026-04-26 08:21:31.622    DEBUG org.springframework.web.servlet.mvc.method.annotation.RequestResponseBodyMethodProcessor - Writing [cn.imhtb.live.common.ApiResponse@2dabb1c2]
2026-04-26 08:21:31.628    DEBUG org.springframework.web.servlet.DispatcherServlet - Completed 200 OK
2026-04-26 08:21:33.591    DEBUG org.springframework.web.servlet.DispatcherServlet - POST "/api/v1/live/guard/check", parameters={multipart}
2026-04-26 08:21:33.603    DEBUG org.springframework.web.servlet.mvc.method.annotation.RequestMappingHandlerMapping - Mapped to cn.imhtb.live.modules.live.controller.AntLiveController#guardCheck(Integer, MultipartFile)
2026-04-26 08:21:33.611    DEBUG org.springframework.web.client.RestTemplate - HTTP POST http://localhost:8000/check
2026-04-26 08:21:33.613    DEBUG org.springframework.web.client.RestTemplate - Accept=[application/json, application/*+json]
2026-04-26 08:21:33.613    DEBUG org.springframework.web.client.RestTemplate - Writing [{file=[Byte array resource [resource loaded from byte array]]}] as "multipart/form-data"
2026-04-26 08:21:33.614    WARN  cn.imhtb.live.modules.live.guard.LiveGuardService - live guard check unavailable, endpoint=http://localhost:8000/check
org.springframework.web.client.ResourceAccessException: I/O error on POST request for "http://localhost:8000/check": Connection refused: getsockopt; nested exception is java.net.ConnectException: Connection refused: getsockopt
	at org.springframework.web.client.RestTemplate.doExecute(RestTemplate.java:785)
	at org.springframework.web.client.RestTemplate.execute(RestTemplate.java:711)
	at org.springframework.web.client.RestTemplate.postForEntity(RestTemplate.java:468)
	at cn.imhtb.live.modules.live.guard.LiveGuardService.callGuard(LiveGuardService.java:131)
	at cn.imhtb.live.modules.live.guard.LiveGuardService.checkFrame(LiveGuardService.java:97)
	at cn.imhtb.live.modules.live.guard.LiveGuardService$$FastClassBySpringCGLIB$$8412be1d.invoke(<generated>)
	at org.springframework.cglib.proxy.MethodProxy.invoke(MethodProxy.java:218)
	at org.springframework.aop.framework.CglibAopProxy$CglibMethodInvocation.invokeJoinpoint(CglibAopProxy.java:783)
	at org.springframework.aop.framework.ReflectiveMethodInvocation.proceed(ReflectiveMethodInvocation.java:163)
	at org.springframework.aop.framework.CglibAopProxy$CglibMethodInvocation.proceed(CglibAopProxy.java:753)
	at org.springframework.transaction.interceptor.TransactionInterceptor$1.proceedWithInvocation(TransactionInterceptor.java:123)
	at org.springframework.transaction.interceptor.TransactionAspectSupport.invokeWithinTransaction(TransactionAspectSupport.java:388)
	at org.springframework.transaction.interceptor.TransactionInterceptor.invoke(TransactionInterceptor.java:119)
	at org.springframework.aop.framework.ReflectiveMethodInvocation.proceed(ReflectiveMethodInvocation.java:186)
	at org.springframework.aop.framework.CglibAopProxy$CglibMethodInvocation.proceed(CglibAopProxy.java:753)
	at org.springframework.aop.framework.CglibAopProxy$DynamicAdvisedInterceptor.intercept(CglibAopProxy.java:698)
	at cn.imhtb.live.modules.live.guard.LiveGuardService$$EnhancerBySpringCGLIB$$8902f535.checkFrame(<generated>)
	at cn.imhtb.live.modules.live.controller.AntLiveController.guardCheck(AntLiveController.java:66)
	at java.base/jdk.internal.reflect.DirectMethodHandleAccessor.invoke(DirectMethodHandleAccessor.java:103)
	at java.base/java.lang.reflect.Method.invoke(Method.java:580)
	at org.springframework.web.method.support.InvocableHandlerMethod.doInvoke(InvocableHandlerMethod.java:205)
	at org.springframework.web.method.support.InvocableHandlerMethod.invokeForRequest(InvocableHandlerMethod.java:150)
	at org.springframework.web.servlet.mvc.method.annotation.ServletInvocableHandlerMethod.invokeAndHandle(ServletInvocableHandlerMethod.java:117)
	at org.springframework.web.servlet.mvc.method.annotation.RequestMappingHandlerAdapter.invokeHandlerMethod(RequestMappingHandlerAdapter.java:895)
	at org.springframework.web.servlet.mvc.method.annotation.RequestMappingHandlerAdapter.handleInternal(RequestMappingHandlerAdapter.java:808)
	at org.springframework.web.servlet.mvc.method.AbstractHandlerMethodAdapter.handle(AbstractHandlerMethodAdapter.java:87)
	at org.springframework.web.servlet.DispatcherServlet.doDispatch(DispatcherServlet.java:1067)
	at org.springframework.web.servlet.DispatcherServlet.doService(DispatcherServlet.java:963)
	at org.springframework.web.servlet.FrameworkServlet.processRequest(FrameworkServlet.java:1006)
	at org.springframework.web.servlet.FrameworkServlet.doPost(FrameworkServlet.java:909)
	at javax.servlet.http.HttpServlet.service(HttpServlet.java:681)
	at org.springframework.web.servlet.FrameworkServlet.service(FrameworkServlet.java:883)
	at javax.servlet.http.HttpServlet.service(HttpServlet.java:764)
	at org.apache.catalina.core.ApplicationFilterChain.internalDoFilter(ApplicationFilterChain.java:227)
	at org.apache.catalina.core.ApplicationFilterChain.doFilter(ApplicationFilterChain.java:162)
	at org.apache.tomcat.websocket.server.WsFilter.doFilter(WsFilter.java:53)
	at org.apache.catalina.core.ApplicationFilterChain.internalDoFilter(ApplicationFilterChain.java:189)
	at org.apache.catalina.core.ApplicationFilterChain.doFilter(ApplicationFilterChain.java:162)
	at org.springframework.web.filter.OncePerRequestFilter.doFilter(OncePerRequestFilter.java:111)
	at org.apache.catalina.core.ApplicationFilterChain.internalDoFilter(ApplicationFilterChain.java:189)
	at org.apache.catalina.core.ApplicationFilterChain.doFilter(ApplicationFilterChain.java:162)
	at org.springframework.security.web.FilterChainProxy$VirtualFilterChain.doFilter(FilterChainProxy.java:327)
	at org.springframework.security.web.access.intercept.FilterSecurityInterceptor.invoke(FilterSecurityInterceptor.java:115)
	at org.springframework.security.web.access.intercept.FilterSecurityInterceptor.doFilter(FilterSecurityInterceptor.java:81)
	at org.springframework.security.web.FilterChainProxy$VirtualFilterChain.doFilter(FilterChainProxy.java:336)
	at org.springframework.security.web.access.ExceptionTranslationFilter.doFilter(ExceptionTranslationFilter.java:121)
	at org.springframework.security.web.access.ExceptionTranslationFilter.doFilter(ExceptionTranslationFilter.java:115)
	at org.springframework.security.web.FilterChainProxy$VirtualFilterChain.doFilter(FilterChainProxy.java:336)
	at org.springframework.security.web.session.SessionManagementFilter.doFilter(SessionManagementFilter.java:126)
	at org.springframework.security.web.session.SessionManagementFilter.doFilter(SessionManagementFilter.java:81)
	at org.springframework.security.web.FilterChainProxy$VirtualFilterChain.doFilter(FilterChainProxy.java:336)
	at org.springframework.security.web.authentication.AnonymousAuthenticationFilter.doFilter(AnonymousAuthenticationFilter.java:105)
	at org.springframework.security.web.FilterChainProxy$VirtualFilterChain.doFilter(FilterChainProxy.java:336)
	at org.springframework.security.web.servletapi.SecurityContextHolderAwareRequestFilter.doFilter(SecurityContextHolderAwareRequestFilter.java:149)
	at org.springframework.security.web.FilterChainProxy$VirtualFilterChain.doFilter(FilterChainProxy.java:336)
	at org.springframework.security.web.savedrequest.RequestCacheAwareFilter.doFilter(RequestCacheAwareFilter.java:63)
	at org.springframework.security.web.FilterChainProxy$VirtualFilterChain.doFilter(FilterChainProxy.java:336)
	at cn.imhtb.live.common.filter.JwtAuthorizationFilter.doFilterInternal(JwtAuthorizationFilter.java:49)
	at org.springframework.web.filter.OncePerRequestFilter.doFilter(OncePerRequestFilter.java:117)
	at org.springframework.security.web.FilterChainProxy$VirtualFilterChain.doFilter(FilterChainProxy.java:336)
	at org.springframework.security.web.authentication.AbstractAuthenticationProcessingFilter.doFilter(AbstractAuthenticationProcessingFilter.java:218)
	at org.springframework.security.web.authentication.AbstractAuthenticationProcessingFilter.doFilter(AbstractAuthenticationProcessingFilter.java:212)
	at org.springframework.security.web.FilterChainProxy$VirtualFilterChain.doFilter(FilterChainProxy.java:336)
	at org.springframework.security.web.authentication.logout.LogoutFilter.doFilter(LogoutFilter.java:103)
	at org.springframework.security.web.authentication.logout.LogoutFilter.doFilter(LogoutFilter.java:89)
	at org.springframework.security.web.FilterChainProxy$VirtualFilterChain.doFilter(FilterChainProxy.java:336)
	at org.springframework.web.filter.CorsFilter.doFilterInternal(CorsFilter.java:91)
	at org.springframework.web.filter.OncePerRequestFilter.doFilter(OncePerRequestFilter.java:117)
	at org.springframework.security.web.FilterChainProxy$VirtualFilterChain.doFilter(FilterChainProxy.java:336)
	at org.springframework.security.web.header.HeaderWriterFilter.doHeadersAfter(HeaderWriterFilter.java:90)
	at org.springframework.security.web.header.HeaderWriterFilter.doFilterInternal(HeaderWriterFilter.java:75)
	at org.springframework.web.filter.OncePerRequestFilter.doFilter(OncePerRequestFilter.java:117)
	at org.springframework.security.web.FilterChainProxy$VirtualFilterChain.doFilter(FilterChainProxy.java:336)
	at org.springframework.security.web.context.SecurityContextPersistenceFilter.doFilter(SecurityContextPersistenceFilter.java:110)
	at org.springframework.security.web.context.SecurityContextPersistenceFilter.doFilter(SecurityContextPersistenceFilter.java:80)
	at org.springframework.security.web.FilterChainProxy$VirtualFilterChain.doFilter(FilterChainProxy.java:336)
	at org.springframework.security.web.context.request.async.WebAsyncManagerIntegrationFilter.doFilterInternal(WebAsyncManagerIntegrationFilter.java:55)
	at org.springframework.web.filter.OncePerRequestFilter.doFilter(OncePerRequestFilter.java:117)
	at org.springframework.security.web.FilterChainProxy$VirtualFilterChain.doFilter(FilterChainProxy.java:336)
	at org.springframework.security.web.FilterChainProxy.doFilterInternal(FilterChainProxy.java:211)
	at org.springframework.security.web.FilterChainProxy.doFilter(FilterChainProxy.java:183)
	at org.springframework.web.filter.DelegatingFilterProxy.invokeDelegate(DelegatingFilterProxy.java:354)
	at org.springframework.web.filter.DelegatingFilterProxy.doFilter(DelegatingFilterProxy.java:267)
	at org.apache.catalina.core.ApplicationFilterChain.internalDoFilter(ApplicationFilterChain.java:189)
	at org.apache.catalina.core.ApplicationFilterChain.doFilter(ApplicationFilterChain.java:162)
	at org.springframework.web.filter.RequestContextFilter.doFilterInternal(RequestContextFilter.java:100)
	at org.springframework.web.filter.OncePerRequestFilter.doFilter(OncePerRequestFilter.java:117)
	at org.apache.catalina.core.ApplicationFilterChain.internalDoFilter(ApplicationFilterChain.java:189)
	at org.apache.catalina.core.ApplicationFilterChain.doFilter(ApplicationFilterChain.java:162)
	at org.springframework.web.filter.FormContentFilter.doFilterInternal(FormContentFilter.java:93)
	at org.springframework.web.filter.OncePerRequestFilter.doFilter(OncePerRequestFilter.java:117)
	at org.apache.catalina.core.ApplicationFilterChain.internalDoFilter(ApplicationFilterChain.java:189)
	at org.apache.catalina.core.ApplicationFilterChain.doFilter(ApplicationFilterChain.java:162)
	at org.springframework.web.filter.CharacterEncodingFilter.doFilterInternal(CharacterEncodingFilter.java:201)
	at org.springframework.web.filter.OncePerRequestFilter.doFilter(OncePerRequestFilter.java:117)
	at org.apache.catalina.core.ApplicationFilterChain.internalDoFilter(ApplicationFilterChain.java:189)
	at org.apache.catalina.core.ApplicationFilterChain.doFilter(ApplicationFilterChain.java:162)
	at org.apache.catalina.core.StandardWrapperValve.invoke(StandardWrapperValve.java:197)
	at org.apache.catalina.core.StandardContextValve.invoke(StandardContextValve.java:97)
	at org.apache.catalina.authenticator.AuthenticatorBase.invoke(AuthenticatorBase.java:540)
	at org.apache.catalina.core.StandardHostValve.invoke(StandardHostValve.java:135)
	at org.apache.catalina.valves.ErrorReportValve.invoke(ErrorReportValve.java:92)
	at org.apache.catalina.core.StandardEngineValve.invoke(StandardEngineValve.java:78)
	at org.apache.catalina.connector.CoyoteAdapter.service(CoyoteAdapter.java:357)
	at org.apache.coyote.http11.Http11Processor.service(Http11Processor.java:382)
	at org.apache.coyote.AbstractProcessorLight.process(AbstractProcessorLight.java:65)
	at org.apache.coyote.AbstractProtocol$ConnectionHandler.process(AbstractProtocol.java:895)
	at org.apache.tomcat.util.net.NioEndpoint$SocketProcessor.doRun(NioEndpoint.java:1732)
	at org.apache.tomcat.util.net.SocketProcessorBase.run(SocketProcessorBase.java:49)
	at org.apache.tomcat.util.threads.ThreadPoolExecutor.runWorker(ThreadPoolExecutor.java:1191)
	at org.apache.tomcat.util.threads.ThreadPoolExecutor$Worker.run(ThreadPoolExecutor.java:659)
	at org.apache.tomcat.util.threads.TaskThread$WrappingRunnable.run(TaskThread.java:61)
	at java.base/java.lang.Thread.run(Thread.java:1583)
Caused by: java.net.ConnectException: Connection refused: getsockopt
	at java.base/sun.nio.ch.Net.pollConnect(Native Method)
	at java.base/sun.nio.ch.Net.pollConnectNow(Net.java:682)
	at java.base/sun.nio.ch.NioSocketImpl.timedFinishConnect(NioSocketImpl.java:542)
	at java.base/sun.nio.ch.NioSocketImpl.connect(NioSocketImpl.java:592)
	at java.base/java.net.Socket.connect(Socket.java:751)
	at java.base/sun.net.NetworkClient.doConnect(NetworkClient.java:178)
	at java.base/sun.net.www.http.HttpClient.openServer(HttpClient.java:531)
	at java.base/sun.net.www.http.HttpClient.openServer(HttpClient.java:636)
	at java.base/sun.net.www.http.HttpClient.<init>(HttpClient.java:282)
	at java.base/sun.net.www.http.HttpClient.New(HttpClient.java:386)
	at java.base/sun.net.www.http.HttpClient.New(HttpClient.java:408)
	at java.base/sun.net.www.protocol.http.HttpURLConnection.getNewHttpClient(HttpURLConnection.java:1320)
	at java.base/sun.net.www.protocol.http.HttpURLConnection.plainConnect0(HttpURLConnection.java:1253)
	at java.base/sun.net.www.protocol.http.HttpURLConnection.plainConnect(HttpURLConnection.java:1139)
	at java.base/sun.net.www.protocol.http.HttpURLConnection.connect(HttpURLConnection.java:1068)
	at org.springframework.http.client.SimpleBufferingClientHttpRequest.executeInternal(SimpleBufferingClientHttpRequest.java:76)
	at org.springframework.http.client.AbstractBufferingClientHttpRequest.executeInternal(AbstractBufferingClientHttpRequest.java:48)
	at org.springframework.http.client.AbstractClientHttpRequest.execute(AbstractClientHttpRequest.java:66)
	at org.springframework.web.client.RestTemplate.doExecute(RestTemplate.java:776)
	... 112 common frames omitted
2026-04-26 08:21:33.615    DEBUG org.springframework.web.servlet.mvc.method.annotation.RequestResponseBodyMethodProcessor - Using 'application/json', given [application/json, text/plain, */*] and supported [application/json, application/*+json, application/json, application/*+json]
2026-04-26 08:21:33.615    DEBUG org.springframework.web.servlet.mvc.method.annotation.RequestResponseBodyMethodProcessor - Writing [cn.imhtb.live.common.ApiResponse@6a1593e0]
2026-04-26 08:21:33.616    DEBUG org.springframework.web.servlet.DispatcherServlet - Completed 200 OK
2026-04-26 08:21:35.593    DEBUG org.springframework.web.servlet.DispatcherServlet - POST "/api/v1/live/guard/check", parameters={multipart}
2026-04-26 08:21:35.606    DEBUG org.springframework.web.servlet.mvc.method.annotation.RequestMappingHandlerMapping - Mapped to cn.imhtb.live.modules.live.controller.AntLiveController#guardCheck(Integer, MultipartFile)
2026-04-26 08:21:35.636    DEBUG org.springframework.web.client.RestTemplate - HTTP POST http://localhost:8000/check
2026-04-26 08:21:35.636    DEBUG org.springframework.web.client.RestTemplate - Accept=[application/json, application/*+json]
2026-04-26 08:21:35.636    DEBUG org.springframework.web.client.RestTemplate - Writing [{file=[Byte array resource [resource loaded from byte array]]}] as "multipart/form-data"
2026-04-26 08:21:35.654    WARN  cn.imhtb.live.modules.live.guard.LiveGuardService - live guard check unavailable, endpoint=http://localhost:8000/check
org.springframework.web.client.ResourceAccessException: I/O error on POST request for "http://localhost:8000/check": Connection refused: getsockopt; nested exception is java.net.ConnectException: Connection refused: getsockopt
	at org.springframework.web.client.RestTemplate.doExecute(RestTemplate.java:785)
	at org.springframework.web.client.RestTemplate.execute(RestTemplate.java:711)
	at org.springframework.web.client.RestTemplate.postForEntity(RestTemplate.java:468)
	at cn.imhtb.live.modules.live.guard.LiveGuardService.callGuard(LiveGuardService.java:131)
	at cn.imhtb.live.modules.live.guard.LiveGuardService.checkFrame(LiveGuardService.java:97)
	at cn.imhtb.live.modules.live.guard.LiveGuardService$$FastClassBySpringCGLIB$$8412be1d.invoke(<generated>)
	at org.springframework.cglib.proxy.MethodProxy.invoke(MethodProxy.java:218)
	at org.springframework.aop.framework.CglibAopProxy$CglibMethodInvocation.invokeJoinpoint(CglibAopProxy.java:783)
	at org.springframework.aop.framework.ReflectiveMethodInvocation.proceed(ReflectiveMethodInvocation.java:163)
	at org.springframework.aop.framework.CglibAopProxy$CglibMethodInvocation.proceed(CglibAopProxy.java:753)
	at org.springframework.transaction.interceptor.TransactionInterceptor$1.proceedWithInvocation(TransactionInterceptor.java:123)
	at org.springframework.transaction.interceptor.TransactionAspectSupport.invokeWithinTransaction(TransactionAspectSupport.java:388)
	at org.springframework.transaction.interceptor.TransactionInterceptor.invoke(TransactionInterceptor.java:119)
	at org.springframework.aop.framework.ReflectiveMethodInvocation.proceed(ReflectiveMethodInvocation.java:186)
	at org.springframework.aop.framework.CglibAopProxy$CglibMethodInvocation.proceed(CglibAopProxy.java:753)
	at org.springframework.aop.framework.CglibAopProxy$DynamicAdvisedInterceptor.intercept(CglibAopProxy.java:698)
	at cn.imhtb.live.modules.live.guard.LiveGuardService$$EnhancerBySpringCGLIB$$8902f535.checkFrame(<generated>)
	at cn.imhtb.live.modules.live.controller.AntLiveController.guardCheck(AntLiveController.java:66)
	at java.base/jdk.internal.reflect.DirectMethodHandleAccessor.invoke(DirectMethodHandleAccessor.java:103)
	at java.base/java.lang.reflect.Method.invoke(Method.java:580)
	at org.springframework.web.method.support.InvocableHandlerMethod.doInvoke(InvocableHandlerMethod.java:205)
	at org.springframework.web.method.support.InvocableHandlerMethod.invokeForRequest(InvocableHandlerMethod.java:150)
	at org.springframework.web.servlet.mvc.method.annotation.ServletInvocableHandlerMethod.invokeAndHandle(ServletInvocableHandlerMethod.java:117)
	at org.springframework.web.servlet.mvc.method.annotation.RequestMappingHandlerAdapter.invokeHandlerMethod(RequestMappingHandlerAdapter.java:895)
	at org.springframework.web.servlet.mvc.method.annotation.RequestMappingHandlerAdapter.handleInternal(RequestMappingHandlerAdapter.java:808)
	at org.springframework.web.servlet.mvc.method.AbstractHandlerMethodAdapter.handle(AbstractHandlerMethodAdapter.java:87)
	at org.springframework.web.servlet.DispatcherServlet.doDispatch(DispatcherServlet.java:1067)
	at org.springframework.web.servlet.DispatcherServlet.doService(DispatcherServlet.java:963)
	at org.springframework.web.servlet.FrameworkServlet.processRequest(FrameworkServlet.java:1006)
	at org.springframework.web.servlet.FrameworkServlet.doPost(FrameworkServlet.java:909)
	at javax.servlet.http.HttpServlet.service(HttpServlet.java:681)
	at org.springframework.web.servlet.FrameworkServlet.service(FrameworkServlet.java:883)
	at javax.servlet.http.HttpServlet.service(HttpServlet.java:764)
	at org.apache.catalina.core.ApplicationFilterChain.internalDoFilter(ApplicationFilterChain.java:227)
	at org.apache.catalina.core.ApplicationFilterChain.doFilter(ApplicationFilterChain.java:162)
	at org.apache.tomcat.websocket.server.WsFilter.doFilter(WsFilter.java:53)
	at org.apache.catalina.core.ApplicationFilterChain.internalDoFilter(ApplicationFilterChain.java:189)
	at org.apache.catalina.core.ApplicationFilterChain.doFilter(ApplicationFilterChain.java:162)
	at org.springframework.web.filter.OncePerRequestFilter.doFilter(OncePerRequestFilter.java:111)
	at org.apache.catalina.core.ApplicationFilterChain.internalDoFilter(ApplicationFilterChain.java:189)
	at org.apache.catalina.core.ApplicationFilterChain.doFilter(ApplicationFilterChain.java:162)
	at org.springframework.security.web.FilterChainProxy$VirtualFilterChain.doFilter(FilterChainProxy.java:327)
	at org.springframework.security.web.access.intercept.FilterSecurityInterceptor.invoke(FilterSecurityInterceptor.java:115)
	at org.springframework.security.web.access.intercept.FilterSecurityInterceptor.doFilter(FilterSecurityInterceptor.java:81)
	at org.springframework.security.web.FilterChainProxy$VirtualFilterChain.doFilter(FilterChainProxy.java:336)
	at org.springframework.security.web.access.ExceptionTranslationFilter.doFilter(ExceptionTranslationFilter.java:121)
	at org.springframework.security.web.access.ExceptionTranslationFilter.doFilter(ExceptionTranslationFilter.java:115)
	at org.springframework.security.web.FilterChainProxy$VirtualFilterChain.doFilter(FilterChainProxy.java:336)
	at org.springframework.security.web.session.SessionManagementFilter.doFilter(SessionManagementFilter.java:126)
	at org.springframework.security.web.session.SessionManagementFilter.doFilter(SessionManagementFilter.java:81)
	at org.springframework.security.web.FilterChainProxy$VirtualFilterChain.doFilter(FilterChainProxy.java:336)
	at org.springframework.security.web.authentication.AnonymousAuthenticationFilter.doFilter(AnonymousAuthenticationFilter.java:105)
	at org.springframework.security.web.FilterChainProxy$VirtualFilterChain.doFilter(FilterChainProxy.java:336)
	at org.springframework.security.web.servletapi.SecurityContextHolderAwareRequestFilter.doFilter(SecurityContextHolderAwareRequestFilter.java:149)
	at org.springframework.security.web.FilterChainProxy$VirtualFilterChain.doFilter(FilterChainProxy.java:336)
	at org.springframework.security.web.savedrequest.RequestCacheAwareFilter.doFilter(RequestCacheAwareFilter.java:63)
	at org.springframework.security.web.FilterChainProxy$VirtualFilterChain.doFilter(FilterChainProxy.java:336)
	at cn.imhtb.live.common.filter.JwtAuthorizationFilter.doFilterInternal(JwtAuthorizationFilter.java:49)
	at org.springframework.web.filter.OncePerRequestFilter.doFilter(OncePerRequestFilter.java:117)
	at org.springframework.security.web.FilterChainProxy$VirtualFilterChain.doFilter(FilterChainProxy.java:336)
	at org.springframework.security.web.authentication.AbstractAuthenticationProcessingFilter.doFilter(AbstractAuthenticationProcessingFilter.java:218)
	at org.springframework.security.web.authentication.AbstractAuthenticationProcessingFilter.doFilter(AbstractAuthenticationProcessingFilter.java:212)
	at org.springframework.security.web.FilterChainProxy$VirtualFilterChain.doFilter(FilterChainProxy.java:336)
	at org.springframework.security.web.authentication.logout.LogoutFilter.doFilter(LogoutFilter.java:103)
	at org.springframework.security.web.authentication.logout.LogoutFilter.doFilter(LogoutFilter.java:89)
	at org.springframework.security.web.FilterChainProxy$VirtualFilterChain.doFilter(FilterChainProxy.java:336)
	at org.springframework.web.filter.CorsFilter.doFilterInternal(CorsFilter.java:91)
	at org.springframework.web.filter.OncePerRequestFilter.doFilter(OncePerRequestFilter.java:117)
	at org.springframework.security.web.FilterChainProxy$VirtualFilterChain.doFilter(FilterChainProxy.java:336)
	at org.springframework.security.web.header.HeaderWriterFilter.doHeadersAfter(HeaderWriterFilter.java:90)
	at org.springframework.security.web.header.HeaderWriterFilter.doFilterInternal(HeaderWriterFilter.java:75)
	at org.springframework.web.filter.OncePerRequestFilter.doFilter(OncePerRequestFilter.java:117)
	at org.springframework.security.web.FilterChainProxy$VirtualFilterChain.doFilter(FilterChainProxy.java:336)
	at org.springframework.security.web.context.SecurityContextPersistenceFilter.doFilter(SecurityContextPersistenceFilter.java:110)
	at org.springframework.security.web.context.SecurityContextPersistenceFilter.doFilter(SecurityContextPersistenceFilter.java:80)
	at org.springframework.security.web.FilterChainProxy$VirtualFilterChain.doFilter(FilterChainProxy.java:336)
	at org.springframework.security.web.context.request.async.WebAsyncManagerIntegrationFilter.doFilterInternal(WebAsyncManagerIntegrationFilter.java:55)
	at org.springframework.web.filter.OncePerRequestFilter.doFilter(OncePerRequestFilter.java:117)
	at org.springframework.security.web.FilterChainProxy$VirtualFilterChain.doFilter(FilterChainProxy.java:336)
	at org.springframework.security.web.FilterChainProxy.doFilterInternal(FilterChainProxy.java:211)
	at org.springframework.security.web.FilterChainProxy.doFilter(FilterChainProxy.java:183)
	at org.springframework.web.filter.DelegatingFilterProxy.invokeDelegate(DelegatingFilterProxy.java:354)
	at org.springframework.web.filter.DelegatingFilterProxy.doFilter(DelegatingFilterProxy.java:267)
	at org.apache.catalina.core.ApplicationFilterChain.internalDoFilter(ApplicationFilterChain.java:189)
	at org.apache.catalina.core.ApplicationFilterChain.doFilter(ApplicationFilterChain.java:162)
	at org.springframework.web.filter.RequestContextFilter.doFilterInternal(RequestContextFilter.java:100)
	at org.springframework.web.filter.OncePerRequestFilter.doFilter(OncePerRequestFilter.java:117)
	at org.apache.catalina.core.ApplicationFilterChain.internalDoFilter(ApplicationFilterChain.java:189)
	at org.apache.catalina.core.ApplicationFilterChain.doFilter(ApplicationFilterChain.java:162)
	at org.springframework.web.filter.FormContentFilter.doFilterInternal(FormContentFilter.java:93)
	at org.springframework.web.filter.OncePerRequestFilter.doFilter(OncePerRequestFilter.java:117)
	at org.apache.catalina.core.ApplicationFilterChain.internalDoFilter(ApplicationFilterChain.java:189)
	at org.apache.catalina.core.ApplicationFilterChain.doFilter(ApplicationFilterChain.java:162)
	at org.springframework.web.filter.CharacterEncodingFilter.doFilterInternal(CharacterEncodingFilter.java:201)
	at org.springframework.web.filter.OncePerRequestFilter.doFilter(OncePerRequestFilter.java:117)
	at org.apache.catalina.core.ApplicationFilterChain.internalDoFilter(ApplicationFilterChain.java:189)
	at org.apache.catalina.core.ApplicationFilterChain.doFilter(ApplicationFilterChain.java:162)
	at org.apache.catalina.core.StandardWrapperValve.invoke(StandardWrapperValve.java:197)
	at org.apache.catalina.core.StandardContextValve.invoke(StandardContextValve.java:97)
	at org.apache.catalina.authenticator.AuthenticatorBase.invoke(AuthenticatorBase.java:540)
	at org.apache.catalina.core.StandardHostValve.invoke(StandardHostValve.java:135)
	at org.apache.catalina.valves.ErrorReportValve.invoke(ErrorReportValve.java:92)
	at org.apache.catalina.core.StandardEngineValve.invoke(StandardEngineValve.java:78)
	at org.apache.catalina.connector.CoyoteAdapter.service(CoyoteAdapter.java:357)
	at org.apache.coyote.http11.Http11Processor.service(Http11Processor.java:382)
	at org.apache.coyote.AbstractProcessorLight.process(AbstractProcessorLight.java:65)
	at org.apache.coyote.AbstractProtocol$ConnectionHandler.process(AbstractProtocol.java:895)
	at org.apache.tomcat.util.net.NioEndpoint$SocketProcessor.doRun(NioEndpoint.java:1732)
	at org.apache.tomcat.util.net.SocketProcessorBase.run(SocketProcessorBase.java:49)
	at org.apache.tomcat.util.threads.ThreadPoolExecutor.runWorker(ThreadPoolExecutor.java:1191)
	at org.apache.tomcat.util.threads.ThreadPoolExecutor$Worker.run(ThreadPoolExecutor.java:659)
	at org.apache.tomcat.util.threads.TaskThread$WrappingRunnable.run(TaskThread.java:61)
	at java.base/java.lang.Thread.run(Thread.java:1583)
Caused by: java.net.ConnectException: Connection refused: getsockopt
	at java.base/sun.nio.ch.Net.pollConnect(Native Method)
	at java.base/sun.nio.ch.Net.pollConnectNow(Net.java:682)
	at java.base/sun.nio.ch.NioSocketImpl.timedFinishConnect(NioSocketImpl.java:542)
	at java.base/sun.nio.ch.NioSocketImpl.connect(NioSocketImpl.java:592)
	at java.base/java.net.Socket.connect(Socket.java:751)
	at java.base/sun.net.NetworkClient.doConnect(NetworkClient.java:178)
	at java.base/sun.net.www.http.HttpClient.openServer(HttpClient.java:531)
	at java.base/sun.net.www.http.HttpClient.openServer(HttpClient.java:636)
	at java.base/sun.net.www.http.HttpClient.<init>(HttpClient.java:282)
	at java.base/sun.net.www.http.HttpClient.New(HttpClient.java:386)
	at java.base/sun.net.www.http.HttpClient.New(HttpClient.java:408)
	at java.base/sun.net.www.protocol.http.HttpURLConnection.getNewHttpClient(HttpURLConnection.java:1320)
	at java.base/sun.net.www.protocol.http.HttpURLConnection.plainConnect0(HttpURLConnection.java:1253)
	at java.base/sun.net.www.protocol.http.HttpURLConnection.plainConnect(HttpURLConnection.java:1139)
	at java.base/sun.net.www.protocol.http.HttpURLConnection.connect(HttpURLConnection.java:1068)
	at org.springframework.http.client.SimpleBufferingClientHttpRequest.executeInternal(SimpleBufferingClientHttpRequest.java:76)
	at org.springframework.http.client.AbstractBufferingClientHttpRequest.executeInternal(AbstractBufferingClientHttpRequest.java:48)
	at org.springframework.http.client.AbstractClientHttpRequest.execute(AbstractClientHttpRequest.java:66)
	at org.springframework.web.client.RestTemplate.doExecute(RestTemplate.java:776)
	... 112 common frames omitted
2026-04-26 08:21:35.683    DEBUG org.springframework.web.servlet.mvc.method.annotation.RequestResponseBodyMethodProcessor - Using 'application/json', given [application/json, text/plain, */*] and supported [application/json, application/*+json, application/json, application/*+json]
2026-04-26 08:21:35.683    DEBUG org.springframework.web.servlet.mvc.method.annotation.RequestResponseBodyMethodProcessor - Writing [cn.imhtb.live.common.ApiResponse@126f6f6c]
2026-04-26 08:21:35.684    DEBUG org.springframework.web.servlet.DispatcherServlet - Completed 200 OK
2026-04-26 08:21:37.605    DEBUG org.springframework.web.servlet.DispatcherServlet - POST "/api/v1/live/guard/check", parameters={multipart}
2026-04-26 08:21:37.623    DEBUG org.springframework.web.servlet.mvc.method.annotation.RequestMappingHandlerMapping - Mapped to cn.imhtb.live.modules.live.controller.AntLiveController#guardCheck(Integer, MultipartFile)
2026-04-26 08:21:37.632    DEBUG org.springframework.web.client.RestTemplate - HTTP POST http://localhost:8000/check
2026-04-26 08:21:37.632    DEBUG org.springframework.web.client.RestTemplate - Accept=[application/json, application/*+json]
2026-04-26 08:21:37.632    DEBUG org.springframework.web.client.RestTemplate - Writing [{file=[Byte array resource [resource loaded from byte array]]}] as "multipart/form-data"
2026-04-26 08:21:37.634    WARN  cn.imhtb.live.modules.live.guard.LiveGuardService - live guard check unavailable, endpoint=http://localhost:8000/check
org.springframework.web.client.ResourceAccessException: I/O error on POST request for "http://localhost:8000/check": Connection refused: getsockopt; nested exception is java.net.ConnectException: Connection refused: getsockopt
	at org.springframework.web.client.RestTemplate.doExecute(RestTemplate.java:785)
	at org.springframework.web.client.RestTemplate.execute(RestTemplate.java:711)
	at org.springframework.web.client.RestTemplate.postForEntity(RestTemplate.java:468)
	at cn.imhtb.live.modules.live.guard.LiveGuardService.callGuard(LiveGuardService.java:131)
	at cn.imhtb.live.modules.live.guard.LiveGuardService.checkFrame(LiveGuardService.java:97)
	at cn.imhtb.live.modules.live.guard.LiveGuardService$$FastClassBySpringCGLIB$$8412be1d.invoke(<generated>)
	at org.springframework.cglib.proxy.MethodProxy.invoke(MethodProxy.java:218)
	at org.springframework.aop.framework.CglibAopProxy$CglibMethodInvocation.invokeJoinpoint(CglibAopProxy.java:783)
	at org.springframework.aop.framework.ReflectiveMethodInvocation.proceed(ReflectiveMethodInvocation.java:163)
	at org.springframework.aop.framework.CglibAopProxy$CglibMethodInvocation.proceed(CglibAopProxy.java:753)
	at org.springframework.transaction.interceptor.TransactionInterceptor$1.proceedWithInvocation(TransactionInterceptor.java:123)
	at org.springframework.transaction.interceptor.TransactionAspectSupport.invokeWithinTransaction(TransactionAspectSupport.java:388)
	at org.springframework.transaction.interceptor.TransactionInterceptor.invoke(TransactionInterceptor.java:119)
	at org.springframework.aop.framework.ReflectiveMethodInvocation.proceed(ReflectiveMethodInvocation.java:186)
	at org.springframework.aop.framework.CglibAopProxy$CglibMethodInvocation.proceed(CglibAopProxy.java:753)
	at org.springframework.aop.framework.CglibAopProxy$DynamicAdvisedInterceptor.intercept(CglibAopProxy.java:698)
	at cn.imhtb.live.modules.live.guard.LiveGuardService$$EnhancerBySpringCGLIB$$8902f535.checkFrame(<generated>)
	at cn.imhtb.live.modules.live.controller.AntLiveController.guardCheck(AntLiveController.java:66)
	at java.base/jdk.internal.reflect.DirectMethodHandleAccessor.invoke(DirectMethodHandleAccessor.java:103)
	at java.base/java.lang.reflect.Method.invoke(Method.java:580)
	at org.springframework.web.method.support.InvocableHandlerMethod.doInvoke(InvocableHandlerMethod.java:205)
	at org.springframework.web.method.support.InvocableHandlerMethod.invokeForRequest(InvocableHandlerMethod.java:150)
	at org.springframework.web.servlet.mvc.method.annotation.ServletInvocableHandlerMethod.invokeAndHandle(ServletInvocableHandlerMethod.java:117)
	at org.springframework.web.servlet.mvc.method.annotation.RequestMappingHandlerAdapter.invokeHandlerMethod(RequestMappingHandlerAdapter.java:895)
	at org.springframework.web.servlet.mvc.method.annotation.RequestMappingHandlerAdapter.handleInternal(RequestMappingHandlerAdapter.java:808)
	at org.springframework.web.servlet.mvc.method.AbstractHandlerMethodAdapter.handle(AbstractHandlerMethodAdapter.java:87)
	at org.springframework.web.servlet.DispatcherServlet.doDispatch(DispatcherServlet.java:1067)
	at org.springframework.web.servlet.DispatcherServlet.doService(DispatcherServlet.java:963)
	at org.springframework.web.servlet.FrameworkServlet.processRequest(FrameworkServlet.java:1006)
	at org.springframework.web.servlet.FrameworkServlet.doPost(FrameworkServlet.java:909)
	at javax.servlet.http.HttpServlet.service(HttpServlet.java:681)
	at org.springframework.web.servlet.FrameworkServlet.service(FrameworkServlet.java:883)
	at javax.servlet.http.HttpServlet.service(HttpServlet.java:764)
	at org.apache.catalina.core.ApplicationFilterChain.internalDoFilter(ApplicationFilterChain.java:227)
	at org.apache.catalina.core.ApplicationFilterChain.doFilter(ApplicationFilterChain.java:162)
	at org.apache.tomcat.websocket.server.WsFilter.doFilter(WsFilter.java:53)
	at org.apache.catalina.core.ApplicationFilterChain.internalDoFilter(ApplicationFilterChain.java:189)
	at org.apache.catalina.core.ApplicationFilterChain.doFilter(ApplicationFilterChain.java:162)
	at org.springframework.web.filter.OncePerRequestFilter.doFilter(OncePerRequestFilter.java:111)
	at org.apache.catalina.core.ApplicationFilterChain.internalDoFilter(ApplicationFilterChain.java:189)
	at org.apache.catalina.core.ApplicationFilterChain.doFilter(ApplicationFilterChain.java:162)
	at org.springframework.security.web.FilterChainProxy$VirtualFilterChain.doFilter(FilterChainProxy.java:327)
	at org.springframework.security.web.access.intercept.FilterSecurityInterceptor.invoke(FilterSecurityInterceptor.java:115)
	at org.springframework.security.web.access.intercept.FilterSecurityInterceptor.doFilter(FilterSecurityInterceptor.java:81)
	at org.springframework.security.web.FilterChainProxy$VirtualFilterChain.doFilter(FilterChainProxy.java:336)
	at org.springframework.security.web.access.ExceptionTranslationFilter.doFilter(ExceptionTranslationFilter.java:121)
	at org.springframework.security.web.access.ExceptionTranslationFilter.doFilter(ExceptionTranslationFilter.java:115)
	at org.springframework.security.web.FilterChainProxy$VirtualFilterChain.doFilter(FilterChainProxy.java:336)
	at org.springframework.security.web.session.SessionManagementFilter.doFilter(SessionManagementFilter.java:126)
	at org.springframework.security.web.session.SessionManagementFilter.doFilter(SessionManagementFilter.java:81)
	at org.springframework.security.web.FilterChainProxy$VirtualFilterChain.doFilter(FilterChainProxy.java:336)
	at org.springframework.security.web.authentication.AnonymousAuthenticationFilter.doFilter(AnonymousAuthenticationFilter.java:105)
	at org.springframework.security.web.FilterChainProxy$VirtualFilterChain.doFilter(FilterChainProxy.java:336)
	at org.springframework.security.web.servletapi.SecurityContextHolderAwareRequestFilter.doFilter(SecurityContextHolderAwareRequestFilter.java:149)
	at org.springframework.security.web.FilterChainProxy$VirtualFilterChain.doFilter(FilterChainProxy.java:336)
	at org.springframework.security.web.savedrequest.RequestCacheAwareFilter.doFilter(RequestCacheAwareFilter.java:63)
	at org.springframework.security.web.FilterChainProxy$VirtualFilterChain.doFilter(FilterChainProxy.java:336)
	at cn.imhtb.live.common.filter.JwtAuthorizationFilter.doFilterInternal(JwtAuthorizationFilter.java:49)
	at org.springframework.web.filter.OncePerRequestFilter.doFilter(OncePerRequestFilter.java:117)
	at org.springframework.security.web.FilterChainProxy$VirtualFilterChain.doFilter(FilterChainProxy.java:336)
	at org.springframework.security.web.authentication.AbstractAuthenticationProcessingFilter.doFilter(AbstractAuthenticationProcessingFilter.java:218)
	at org.springframework.security.web.authentication.AbstractAuthenticationProcessingFilter.doFilter(AbstractAuthenticationProcessingFilter.java:212)
	at org.springframework.security.web.FilterChainProxy$VirtualFilterChain.doFilter(FilterChainProxy.java:336)
	at org.springframework.security.web.authentication.logout.LogoutFilter.doFilter(LogoutFilter.java:103)
	at org.springframework.security.web.authentication.logout.LogoutFilter.doFilter(LogoutFilter.java:89)
	at org.springframework.security.web.FilterChainProxy$VirtualFilterChain.doFilter(FilterChainProxy.java:336)
	at org.springframework.web.filter.CorsFilter.doFilterInternal(CorsFilter.java:91)
	at org.springframework.web.filter.OncePerRequestFilter.doFilter(OncePerRequestFilter.java:117)
	at org.springframework.security.web.FilterChainProxy$VirtualFilterChain.doFilter(FilterChainProxy.java:336)
	at org.springframework.security.web.header.HeaderWriterFilter.doHeadersAfter(HeaderWriterFilter.java:90)
	at org.springframework.security.web.header.HeaderWriterFilter.doFilterInternal(HeaderWriterFilter.java:75)
	at org.springframework.web.filter.OncePerRequestFilter.doFilter(OncePerRequestFilter.java:117)
	at org.springframework.security.web.FilterChainProxy$VirtualFilterChain.doFilter(FilterChainProxy.java:336)
	at org.springframework.security.web.context.SecurityContextPersistenceFilter.doFilter(SecurityContextPersistenceFilter.java:110)
	at org.springframework.security.web.context.SecurityContextPersistenceFilter.doFilter(SecurityContextPersistenceFilter.java:80)
	at org.springframework.security.web.FilterChainProxy$VirtualFilterChain.doFilter(FilterChainProxy.java:336)
	at org.springframework.security.web.context.request.async.WebAsyncManagerIntegrationFilter.doFilterInternal(WebAsyncManagerIntegrationFilter.java:55)
	at org.springframework.web.filter.OncePerRequestFilter.doFilter(OncePerRequestFilter.java:117)
	at org.springframework.security.web.FilterChainProxy$VirtualFilterChain.doFilter(FilterChainProxy.java:336)
	at org.springframework.security.web.FilterChainProxy.doFilterInternal(FilterChainProxy.java:211)
	at org.springframework.security.web.FilterChainProxy.doFilter(FilterChainProxy.java:183)
	at org.springframework.web.filter.DelegatingFilterProxy.invokeDelegate(DelegatingFilterProxy.java:354)
	at org.springframework.web.filter.DelegatingFilterProxy.doFilter(DelegatingFilterProxy.java:267)
	at org.apache.catalina.core.ApplicationFilterChain.internalDoFilter(ApplicationFilterChain.java:189)
	at org.apache.catalina.core.ApplicationFilterChain.doFilter(ApplicationFilterChain.java:162)
	at org.springframework.web.filter.RequestContextFilter.doFilterInternal(RequestContextFilter.java:100)
	at org.springframework.web.filter.OncePerRequestFilter.doFilter(OncePerRequestFilter.java:117)
	at org.apache.catalina.core.ApplicationFilterChain.internalDoFilter(ApplicationFilterChain.java:189)
	at org.apache.catalina.core.ApplicationFilterChain.doFilter(ApplicationFilterChain.java:162)
	at org.springframework.web.filter.FormContentFilter.doFilterInternal(FormContentFilter.java:93)
	at org.springframework.web.filter.OncePerRequestFilter.doFilter(OncePerRequestFilter.java:117)
	at org.apache.catalina.core.ApplicationFilterChain.internalDoFilter(ApplicationFilterChain.java:189)
	at org.apache.catalina.core.ApplicationFilterChain.doFilter(ApplicationFilterChain.java:162)
	at org.springframework.web.filter.CharacterEncodingFilter.doFilterInternal(CharacterEncodingFilter.java:201)
	at org.springframework.web.filter.OncePerRequestFilter.doFilter(OncePerRequestFilter.java:117)
	at org.apache.catalina.core.ApplicationFilterChain.internalDoFilter(ApplicationFilterChain.java:189)
	at org.apache.catalina.core.ApplicationFilterChain.doFilter(ApplicationFilterChain.java:162)
	at org.apache.catalina.core.StandardWrapperValve.invoke(StandardWrapperValve.java:197)
	at org.apache.catalina.core.StandardContextValve.invoke(StandardContextValve.java:97)
	at org.apache.catalina.authenticator.AuthenticatorBase.invoke(AuthenticatorBase.java:540)
	at org.apache.catalina.core.StandardHostValve.invoke(StandardHostValve.java:135)
	at org.apache.catalina.valves.ErrorReportValve.invoke(ErrorReportValve.java:92)
	at org.apache.catalina.core.StandardEngineValve.invoke(StandardEngineValve.java:78)
	at org.apache.catalina.connector.CoyoteAdapter.service(CoyoteAdapter.java:357)
	at org.apache.coyote.http11.Http11Processor.service(Http11Processor.java:382)
	at org.apache.coyote.AbstractProcessorLight.process(AbstractProcessorLight.java:65)
	at org.apache.coyote.AbstractProtocol$ConnectionHandler.process(AbstractProtocol.java:895)
	at org.apache.tomcat.util.net.NioEndpoint$SocketProcessor.doRun(NioEndpoint.java:1732)
	at org.apache.tomcat.util.net.SocketProcessorBase.run(SocketProcessorBase.java:49)
	at org.apache.tomcat.util.threads.ThreadPoolExecutor.runWorker(ThreadPoolExecutor.java:1191)
	at org.apache.tomcat.util.threads.ThreadPoolExecutor$Worker.run(ThreadPoolExecutor.java:659)
	at org.apache.tomcat.util.threads.TaskThread$WrappingRunnable.run(TaskThread.java:61)
	at java.base/java.lang.Thread.run(Thread.java:1583)
Caused by: java.net.ConnectException: Connection refused: getsockopt
	at java.base/sun.nio.ch.Net.pollConnect(Native Method)
	at java.base/sun.nio.ch.Net.pollConnectNow(Net.java:682)
	at java.base/sun.nio.ch.NioSocketImpl.timedFinishConnect(NioSocketImpl.java:542)
	at java.base/sun.nio.ch.NioSocketImpl.connect(NioSocketImpl.java:592)
	at java.base/java.net.Socket.connect(Socket.java:751)
	at java.base/sun.net.NetworkClient.doConnect(NetworkClient.java:178)
	at java.base/sun.net.www.http.HttpClient.openServer(HttpClient.java:531)
	at java.base/sun.net.www.http.HttpClient.openServer(HttpClient.java:636)
	at java.base/sun.net.www.http.HttpClient.<init>(HttpClient.java:282)
	at java.base/sun.net.www.http.HttpClient.New(HttpClient.java:386)
	at java.base/sun.net.www.http.HttpClient.New(HttpClient.java:408)
	at java.base/sun.net.www.protocol.http.HttpURLConnection.getNewHttpClient(HttpURLConnection.java:1320)
	at java.base/sun.net.www.protocol.http.HttpURLConnection.plainConnect0(HttpURLConnection.java:1253)
	at java.base/sun.net.www.protocol.http.HttpURLConnection.plainConnect(HttpURLConnection.java:1139)
	at java.base/sun.net.www.protocol.http.HttpURLConnection.connect(HttpURLConnection.java:1068)
	at org.springframework.http.client.SimpleBufferingClientHttpRequest.executeInternal(SimpleBufferingClientHttpRequest.java:76)
	at org.springframework.http.client.AbstractBufferingClientHttpRequest.executeInternal(AbstractBufferingClientHttpRequest.java:48)
	at org.springframework.http.client.AbstractClientHttpRequest.execute(AbstractClientHttpRequest.java:66)
	at org.springframework.web.client.RestTemplate.doExecute(RestTemplate.java:776)
	... 112 common frames omitted
2026-04-26 08:21:37.636    DEBUG org.springframework.web.servlet.mvc.method.annotation.RequestResponseBodyMethodProcessor - Using 'application/json', given [application/json, text/plain, */*] and supported [application/json, application/*+json, application/json, application/*+json]
2026-04-26 08:21:37.636    DEBUG org.springframework.web.servlet.mvc.method.annotation.RequestResponseBodyMethodProcessor - Writing [cn.imhtb.live.common.ApiResponse@5e42544e]
2026-04-26 08:21:37.638    DEBUG org.springframework.web.servlet.DispatcherServlet - Completed 200 OK
2026-04-26 08:21:37.854    DEBUG org.springframework.web.servlet.DispatcherServlet - POST "/api/v1/live/stopLive", parameters={}
2026-04-26 08:21:37.854    DEBUG org.springframework.web.servlet.mvc.method.annotation.RequestMappingHandlerMapping - Mapped to cn.imhtb.live.modules.live.controller.AntLiveController#stopLive()
2026-04-26 08:21:37.861    DEBUG org.springframework.jdbc.core.JdbcTemplate - Executing prepared SQL query
2026-04-26 08:21:37.861    DEBUG org.springframework.jdbc.core.JdbcTemplate - Executing prepared SQL statement [SELECT COUNT(*) FROM information_schema.TABLES WHERE TABLE_SCHEMA = DATABASE() AND TABLE_NAME = ?]
2026-04-26 08:21:37.883    INFO  cn.imhtb.live.modules.live.service.impl.LalLiveServiceImpl - initiative stop live, roomId = 17, userId = 10019
2026-04-26 08:21:37.891    DEBUG org.springframework.web.servlet.mvc.method.annotation.RequestResponseBodyMethodProcessor - Using 'application/json', given [application/json, text/plain, */*] and supported [application/json, application/*+json, application/json, application/*+json]
2026-04-26 08:21:37.892    DEBUG org.springframework.web.servlet.mvc.method.annotation.RequestResponseBodyMethodProcessor - Writing [cn.imhtb.live.common.ApiResponse@545015bc]
2026-04-26 08:21:37.893    DEBUG org.springframework.web.servlet.DispatcherServlet - Completed 200 OK
2026-04-26 08:21:37.906    DEBUG org.springframework.web.servlet.DispatcherServlet - GET "/api/v1/live/getLiveStatus", parameters={}
2026-04-26 08:21:37.906    DEBUG org.springframework.web.servlet.DispatcherServlet - GET "/api/v1/room/setting/info", parameters={}
2026-04-26 08:21:37.906    DEBUG org.springframework.web.servlet.mvc.method.annotation.RequestMappingHandlerMapping - Mapped to cn.imhtb.live.modules.live.controller.AntLiveController#getLiveStatus()
2026-04-26 08:21:37.907    DEBUG org.springframework.web.servlet.mvc.method.annotation.RequestMappingHandlerMapping - Mapped to cn.imhtb.live.modules.live.controller.RoomController#settingInfo(HttpServletRequest)
2026-04-26 08:21:37.910    DEBUG org.springframework.web.servlet.mvc.method.annotation.RequestResponseBodyMethodProcessor - Using 'application/json', given [application/json, text/plain, */*] and supported [application/json, application/*+json, application/json, application/*+json]
2026-04-26 08:21:37.910    DEBUG org.springframework.web.servlet.mvc.method.annotation.RequestResponseBodyMethodProcessor - Using 'application/json', given [application/json, text/plain, */*] and supported [application/json, application/*+json, application/json, application/*+json]
2026-04-26 08:21:37.910    DEBUG org.springframework.web.servlet.mvc.method.annotation.RequestResponseBodyMethodProcessor - Writing [cn.imhtb.live.common.ApiResponse@74bd355f]
2026-04-26 08:21:37.911    DEBUG org.springframework.web.servlet.mvc.method.annotation.RequestResponseBodyMethodProcessor - Writing [cn.imhtb.live.common.ApiResponse@6f099eb4]
2026-04-26 08:21:37.912    DEBUG org.springframework.web.servlet.DispatcherServlet - Completed 200 OK
2026-04-26 08:21:37.912    DEBUG org.springframework.web.servlet.DispatcherServlet - Completed 200 OK
2026-04-26 08:21:44.876    DEBUG org.springframework.web.servlet.DispatcherServlet - GET "/api/v1/wallet/getBalance", parameters={}
2026-04-26 08:21:44.876    DEBUG org.springframework.web.servlet.DispatcherServlet - GET "/api/v1/wallet/listRecentWalletLogs", parameters={}
2026-04-26 08:21:44.876    DEBUG org.springframework.web.servlet.mvc.method.annotation.RequestMappingHandlerMapping - Mapped to cn.imhtb.live.modules.wallet.controller.WalletController#getBalance()
2026-04-26 08:21:44.877    DEBUG org.springframework.web.servlet.mvc.method.annotation.RequestMappingHandlerMapping - Mapped to cn.imhtb.live.modules.wallet.controller.WalletController#listRecentWalletLogs()
2026-04-26 08:21:44.878    DEBUG org.springframework.jdbc.core.JdbcTemplate - Executing prepared SQL query
2026-04-26 08:21:44.878    DEBUG org.springframework.jdbc.core.JdbcTemplate - Executing prepared SQL query
2026-04-26 08:21:44.878    DEBUG org.springframework.jdbc.core.JdbcTemplate - Executing prepared SQL statement [SELECT COUNT(*) FROM information_schema.TABLES WHERE TABLE_SCHEMA = DATABASE() AND TABLE_NAME = ?]
2026-04-26 08:21:44.878    DEBUG org.springframework.jdbc.core.JdbcTemplate - Executing prepared SQL statement [SELECT COUNT(*) FROM information_schema.TABLES WHERE TABLE_SCHEMA = DATABASE() AND TABLE_NAME = ?]
2026-04-26 08:21:44.881    DEBUG org.springframework.jdbc.core.JdbcTemplate - Executing prepared SQL query
2026-04-26 08:21:44.883    DEBUG org.springframework.jdbc.core.JdbcTemplate - Executing prepared SQL statement [SELECT COUNT(*) FROM information_schema.TABLES WHERE TABLE_SCHEMA = DATABASE() AND TABLE_NAME = ?]
2026-04-26 08:21:44.883    DEBUG org.springframework.web.servlet.mvc.method.annotation.RequestResponseBodyMethodProcessor - Using 'application/json', given [application/json, text/plain, */*] and supported [application/json, application/*+json, application/json, application/*+json]
2026-04-26 08:21:44.884    DEBUG org.springframework.web.servlet.mvc.method.annotation.RequestResponseBodyMethodProcessor - Writing [cn.imhtb.live.common.ApiResponse@503e0bfe]
2026-04-26 08:21:44.885    DEBUG org.springframework.web.servlet.DispatcherServlet - Completed 200 OK
2026-04-26 08:21:44.891    DEBUG org.springframework.web.servlet.mvc.method.annotation.RequestResponseBodyMethodProcessor - Using 'application/json', given [application/json, text/plain, */*] and supported [application/json, application/*+json, application/json, application/*+json]
2026-04-26 08:21:44.892    DEBUG org.springframework.web.servlet.mvc.method.annotation.RequestResponseBodyMethodProcessor - Writing [cn.imhtb.live.common.ApiResponse@5a6fb5a4]
2026-04-26 08:21:44.892    DEBUG org.springframework.web.servlet.DispatcherServlet - Completed 200 OK
2026-04-26 08:21:46.593    DEBUG org.springframework.web.servlet.DispatcherServlet - GET "/api/v1/wallet/listWalletLogs?pageNo=1&pageSize=10", parameters={masked}
2026-04-26 08:21:46.597    DEBUG org.springframework.web.servlet.mvc.method.annotation.RequestMappingHandlerMapping - Mapped to cn.imhtb.live.modules.wallet.controller.WalletController#listWalletLogs(Integer, Integer)
2026-04-26 08:21:46.600    DEBUG org.springframework.jdbc.core.JdbcTemplate - Executing prepared SQL query
2026-04-26 08:21:46.600    DEBUG org.springframework.jdbc.core.JdbcTemplate - Executing prepared SQL statement [SELECT COUNT(*) FROM information_schema.TABLES WHERE TABLE_SCHEMA = DATABASE() AND TABLE_NAME = ?]
2026-04-26 08:21:46.602    DEBUG org.springframework.jdbc.core.JdbcTemplate - Executing prepared SQL query
2026-04-26 08:21:46.603    DEBUG org.springframework.jdbc.core.JdbcTemplate - Executing prepared SQL statement [SELECT COUNT(*) FROM information_schema.TABLES WHERE TABLE_SCHEMA = DATABASE() AND TABLE_NAME = ?]
2026-04-26 08:21:46.612    DEBUG org.springframework.web.servlet.mvc.method.annotation.RequestResponseBodyMethodProcessor - Using 'application/json', given [application/json, text/plain, */*] and supported [application/json, application/*+json, application/json, application/*+json]
2026-04-26 08:21:46.612    DEBUG org.springframework.web.servlet.mvc.method.annotation.RequestResponseBodyMethodProcessor - Writing [cn.imhtb.live.common.ApiResponse@3d70aeea]
2026-04-26 08:21:46.613    DEBUG org.springframework.web.servlet.DispatcherServlet - Completed 200 OK
2026-04-26 08:21:47.510    DEBUG org.springframework.web.servlet.DispatcherServlet - GET "/api/v1/wallet/listRecentWalletLogs", parameters={}
2026-04-26 08:21:47.511    DEBUG org.springframework.web.servlet.DispatcherServlet - GET "/api/v1/wallet/getBalance", parameters={}
2026-04-26 08:21:47.511    DEBUG org.springframework.web.servlet.mvc.method.annotation.RequestMappingHandlerMapping - Mapped to cn.imhtb.live.modules.wallet.controller.WalletController#listRecentWalletLogs()
2026-04-26 08:21:47.512    DEBUG org.springframework.web.servlet.mvc.method.annotation.RequestMappingHandlerMapping - Mapped to cn.imhtb.live.modules.wallet.controller.WalletController#getBalance()
2026-04-26 08:21:47.513    DEBUG org.springframework.jdbc.core.JdbcTemplate - Executing prepared SQL query
2026-04-26 08:21:47.513    DEBUG org.springframework.jdbc.core.JdbcTemplate - Executing prepared SQL statement [SELECT COUNT(*) FROM information_schema.TABLES WHERE TABLE_SCHEMA = DATABASE() AND TABLE_NAME = ?]
2026-04-26 08:21:47.513    DEBUG org.springframework.jdbc.core.JdbcTemplate - Executing prepared SQL query
2026-04-26 08:21:47.514    DEBUG org.springframework.jdbc.core.JdbcTemplate - Executing prepared SQL statement [SELECT COUNT(*) FROM information_schema.TABLES WHERE TABLE_SCHEMA = DATABASE() AND TABLE_NAME = ?]
2026-04-26 08:21:47.515    DEBUG org.springframework.jdbc.core.JdbcTemplate - Executing prepared SQL query
2026-04-26 08:21:47.515    DEBUG org.springframework.jdbc.core.JdbcTemplate - Executing prepared SQL statement [SELECT COUNT(*) FROM information_schema.TABLES WHERE TABLE_SCHEMA = DATABASE() AND TABLE_NAME = ?]
2026-04-26 08:21:47.518    DEBUG org.springframework.web.servlet.mvc.method.annotation.RequestResponseBodyMethodProcessor - Using 'application/json', given [application/json, text/plain, */*] and supported [application/json, application/*+json, application/json, application/*+json]
2026-04-26 08:21:47.519    DEBUG org.springframework.web.servlet.mvc.method.annotation.RequestResponseBodyMethodProcessor - Writing [cn.imhtb.live.common.ApiResponse@9db0f3b]
2026-04-26 08:21:47.520    DEBUG org.springframework.web.servlet.DispatcherServlet - Completed 200 OK
2026-04-26 08:21:47.523    DEBUG org.springframework.web.servlet.mvc.method.annotation.RequestResponseBodyMethodProcessor - Using 'application/json', given [application/json, text/plain, */*] and supported [application/json, application/*+json, application/json, application/*+json]
2026-04-26 08:21:47.524    DEBUG org.springframework.web.servlet.mvc.method.annotation.RequestResponseBodyMethodProcessor - Writing [cn.imhtb.live.common.ApiResponse@4f699233]
2026-04-26 08:21:47.525    DEBUG org.springframework.web.servlet.DispatcherServlet - Completed 200 OK
2026-04-26 08:21:49.339    DEBUG org.springframework.web.servlet.DispatcherServlet - GET "/api/v1/room/setting/info", parameters={}
2026-04-26 08:21:49.340    DEBUG org.springframework.web.servlet.DispatcherServlet - GET "/api/v1/live/getLiveStatus", parameters={}
2026-04-26 08:21:49.349    DEBUG org.springframework.web.servlet.mvc.method.annotation.RequestMappingHandlerMapping - Mapped to cn.imhtb.live.modules.live.controller.RoomController#settingInfo(HttpServletRequest)
2026-04-26 08:21:49.350    DEBUG org.springframework.web.servlet.mvc.method.annotation.RequestMappingHandlerMapping - Mapped to cn.imhtb.live.modules.live.controller.AntLiveController#getLiveStatus()
2026-04-26 08:21:49.354    DEBUG org.springframework.web.servlet.mvc.method.annotation.RequestResponseBodyMethodProcessor - Using 'application/json', given [application/json, text/plain, */*] and supported [application/json, application/*+json, application/json, application/*+json]
2026-04-26 08:21:49.354    DEBUG org.springframework.web.servlet.mvc.method.annotation.RequestResponseBodyMethodProcessor - Using 'application/json', given [application/json, text/plain, */*] and supported [application/json, application/*+json, application/json, application/*+json]
2026-04-26 08:21:49.354    DEBUG org.springframework.web.servlet.mvc.method.annotation.RequestResponseBodyMethodProcessor - Writing [cn.imhtb.live.common.ApiResponse@f0ca988]
2026-04-26 08:21:49.354    DEBUG org.springframework.web.servlet.mvc.method.annotation.RequestResponseBodyMethodProcessor - Writing [cn.imhtb.live.common.ApiResponse@2b4c5806]
2026-04-26 08:21:49.356    DEBUG org.springframework.web.servlet.DispatcherServlet - Completed 200 OK
2026-04-26 08:21:49.356    DEBUG org.springframework.web.servlet.DispatcherServlet - Completed 200 OK
2026-04-26 08:21:51.099    DEBUG org.springframework.web.servlet.DispatcherServlet - GET "/api/v1/room/living", parameters={}
2026-04-26 08:21:51.099    DEBUG org.springframework.web.servlet.DispatcherServlet - GET "/api/v1/category/query", parameters={}
2026-04-26 08:21:51.099    DEBUG org.springframework.web.servlet.DispatcherServlet - GET "/api/v1/watch/list?type=0&page=1&limit=6", parameters={masked}
2026-04-26 08:21:51.100    DEBUG org.springframework.web.servlet.mvc.method.annotation.RequestMappingHandlerMapping - Mapped to cn.imhtb.live.modules.live.controller.RoomController#livingRoom(Integer, Integer, Integer)
2026-04-26 08:21:51.101    DEBUG org.springframework.web.servlet.mvc.method.annotation.RequestMappingHandlerMapping - Mapped to cn.imhtb.live.modules.live.controller.WatchController#listWatches(Integer, Integer, Integer)
2026-04-26 08:21:51.100    DEBUG org.springframework.web.servlet.mvc.method.annotation.RequestMappingHandlerMapping - Mapped to cn.imhtb.live.modules.live.controller.CategoryController#queryCategoryPage(Integer, Integer)
2026-04-26 08:21:51.106    DEBUG org.springframework.web.servlet.mvc.method.annotation.RequestResponseBodyMethodProcessor - Using 'application/json', given [application/json, text/plain, */*] and supported [application/json, application/*+json, application/json, application/*+json]
2026-04-26 08:21:51.110    DEBUG org.springframework.web.servlet.mvc.method.annotation.RequestResponseBodyMethodProcessor - Writing [cn.imhtb.live.common.ApiResponse@4eec920f]
2026-04-26 08:21:51.111    DEBUG org.springframework.web.servlet.DispatcherServlet - Completed 200 OK
2026-04-26 08:21:51.114    DEBUG org.springframework.web.servlet.mvc.method.annotation.RequestResponseBodyMethodProcessor - Using 'application/json', given [application/json, text/plain, */*] and supported [application/json, application/*+json, application/json, application/*+json]
2026-04-26 08:21:51.115    DEBUG org.springframework.web.servlet.mvc.method.annotation.RequestResponseBodyMethodProcessor - Using 'application/json', given [application/json, text/plain, */*] and supported [application/json, application/*+json, application/json, application/*+json]
2026-04-26 08:21:51.115    DEBUG org.springframework.web.servlet.mvc.method.annotation.RequestResponseBodyMethodProcessor - Writing [cn.imhtb.live.common.ApiResponse@2c7f792c]
2026-04-26 08:21:51.116    DEBUG org.springframework.web.servlet.mvc.method.annotation.RequestResponseBodyMethodProcessor - Writing [cn.imhtb.live.common.ApiResponse@7114e366]
2026-04-26 08:21:51.118    DEBUG org.springframework.web.servlet.DispatcherServlet - Completed 200 OK
2026-04-26 08:21:51.118    DEBUG org.springframework.web.servlet.DispatcherServlet - Completed 200 OK
2026-04-26 08:21:51.136    DEBUG org.springframework.web.servlet.DispatcherServlet - GET "/api/v1/chat/getPopularity?roomId=1", parameters={masked}
2026-04-26 08:21:51.136    DEBUG org.springframework.web.servlet.DispatcherServlet - GET "/api/v1/chat/getPopularity?roomId=2", parameters={masked}
2026-04-26 08:21:51.136    DEBUG org.springframework.web.servlet.mvc.method.annotation.RequestMappingHandlerMapping - Mapped to cn.imhtb.live.modules.server.netty.web.ChatController#getPopularity(Integer)
2026-04-26 08:21:51.137    DEBUG org.springframework.web.servlet.mvc.method.annotation.RequestMappingHandlerMapping - Mapped to cn.imhtb.live.modules.server.netty.web.ChatController#getPopularity(Integer)
2026-04-26 08:21:51.138    DEBUG org.springframework.web.servlet.mvc.method.annotation.RequestResponseBodyMethodProcessor - Using 'application/json', given [application/json, text/plain, */*] and supported [application/json, application/*+json, application/json, application/*+json]
2026-04-26 08:21:51.138    DEBUG org.springframework.web.servlet.mvc.method.annotation.RequestResponseBodyMethodProcessor - Using 'application/json', given [application/json, text/plain, */*] and supported [application/json, application/*+json, application/json, application/*+json]
2026-04-26 08:21:51.138    DEBUG org.springframework.web.servlet.mvc.method.annotation.RequestResponseBodyMethodProcessor - Writing [cn.imhtb.live.common.ApiResponse@5ab90e35]
2026-04-26 08:21:51.139    DEBUG org.springframework.web.servlet.mvc.method.annotation.RequestResponseBodyMethodProcessor - Writing [cn.imhtb.live.common.ApiResponse@47765479]
2026-04-26 08:21:51.139    DEBUG org.springframework.web.servlet.DispatcherServlet - Completed 200 OK
2026-04-26 08:21:51.140    DEBUG org.springframework.web.servlet.DispatcherServlet - Completed 200 OK
2026-04-26 08:21:51.154    DEBUG org.springframework.web.servlet.DispatcherServlet - GET "/api/v1/chat/getPopularity?roomId=1", parameters={masked}
2026-04-26 08:21:51.155    DEBUG org.springframework.web.servlet.mvc.method.annotation.RequestMappingHandlerMapping - Mapped to cn.imhtb.live.modules.server.netty.web.ChatController#getPopularity(Integer)
2026-04-26 08:21:51.156    DEBUG org.springframework.web.servlet.DispatcherServlet - GET "/api/v1/chat/getPopularity?roomId=2", parameters={masked}
2026-04-26 08:21:51.156    DEBUG org.springframework.web.servlet.mvc.method.annotation.RequestMappingHandlerMapping - Mapped to cn.imhtb.live.modules.server.netty.web.ChatController#getPopularity(Integer)
2026-04-26 08:21:51.157    DEBUG org.springframework.web.servlet.mvc.method.annotation.RequestResponseBodyMethodProcessor - Using 'application/json', given [application/json, text/plain, */*] and supported [application/json, application/*+json, application/json, application/*+json]
2026-04-26 08:21:51.157    DEBUG org.springframework.web.servlet.mvc.method.annotation.RequestResponseBodyMethodProcessor - Using 'application/json', given [application/json, text/plain, */*] and supported [application/json, application/*+json, application/json, application/*+json]
2026-04-26 08:21:51.158    DEBUG org.springframework.web.servlet.mvc.method.annotation.RequestResponseBodyMethodProcessor - Writing [cn.imhtb.live.common.ApiResponse@7e3d4a72]
2026-04-26 08:21:51.158    DEBUG org.springframework.web.servlet.mvc.method.annotation.RequestResponseBodyMethodProcessor - Writing [cn.imhtb.live.common.ApiResponse@6adc6763]
2026-04-26 08:21:51.159    DEBUG org.springframework.web.servlet.DispatcherServlet - Completed 200 OK
2026-04-26 08:21:51.159    DEBUG org.springframework.web.servlet.DispatcherServlet - Completed 200 OK
2026-04-26 08:21:54.780    DEBUG org.springframework.web.servlet.DispatcherServlet - GET "/api/v1/room/living", parameters={}
2026-04-26 08:21:54.780    DEBUG org.springframework.web.servlet.mvc.method.annotation.RequestMappingHandlerMapping - Mapped to cn.imhtb.live.modules.live.controller.RoomController#livingRoom(Integer, Integer, Integer)
2026-04-26 08:21:54.798    DEBUG org.springframework.web.servlet.mvc.method.annotation.RequestResponseBodyMethodProcessor - Using 'application/json', given [application/json, text/plain, */*] and supported [application/json, application/*+json, application/json, application/*+json]
2026-04-26 08:21:54.799    DEBUG org.springframework.web.servlet.mvc.method.annotation.RequestResponseBodyMethodProcessor - Writing [cn.imhtb.live.common.ApiResponse@6e1bec75]
2026-04-26 08:21:54.800    DEBUG org.springframework.web.servlet.DispatcherServlet - Completed 200 OK
2026-04-26 08:22:03.136    DEBUG org.springframework.web.servlet.DispatcherServlet - GET "/api/v1/chat/getPopularity?roomId=2", parameters={masked}
2026-04-26 08:22:03.136    DEBUG org.springframework.web.servlet.mvc.method.annotation.RequestMappingHandlerMapping - Mapped to cn.imhtb.live.modules.server.netty.web.ChatController#getPopularity(Integer)
2026-04-26 08:22:03.136    DEBUG org.springframework.web.servlet.DispatcherServlet - GET "/api/v1/chat/getPopularity?roomId=1", parameters={masked}
2026-04-26 08:22:03.142    DEBUG org.springframework.web.servlet.mvc.method.annotation.RequestResponseBodyMethodProcessor - Using 'application/json', given [application/json, text/plain, */*] and supported [application/json, application/*+json, application/json, application/*+json]
2026-04-26 08:22:03.143    DEBUG org.springframework.web.servlet.mvc.method.annotation.RequestMappingHandlerMapping - Mapped to cn.imhtb.live.modules.server.netty.web.ChatController#getPopularity(Integer)
2026-04-26 08:22:03.143    DEBUG org.springframework.web.servlet.mvc.method.annotation.RequestResponseBodyMethodProcessor - Writing [cn.imhtb.live.common.ApiResponse@7f47bc35]
2026-04-26 08:22:03.145    DEBUG org.springframework.web.servlet.mvc.method.annotation.RequestResponseBodyMethodProcessor - Using 'application/json', given [application/json, text/plain, */*] and supported [application/json, application/*+json, application/json, application/*+json]
2026-04-26 08:22:03.145    DEBUG org.springframework.web.servlet.DispatcherServlet - Completed 200 OK
2026-04-26 08:22:03.146    DEBUG org.springframework.web.servlet.mvc.method.annotation.RequestResponseBodyMethodProcessor - Writing [cn.imhtb.live.common.ApiResponse@5ba4bbdf]
2026-04-26 08:22:03.148    DEBUG org.springframework.web.servlet.DispatcherServlet - Completed 200 OK
2026-04-26 08:22:03.157    DEBUG org.springframework.web.servlet.DispatcherServlet - GET "/api/v1/chat/getPopularity?roomId=2", parameters={masked}
2026-04-26 08:22:03.158    DEBUG org.springframework.web.servlet.DispatcherServlet - GET "/api/v1/chat/getPopularity?roomId=1", parameters={masked}
2026-04-26 08:22:03.158    DEBUG org.springframework.web.servlet.mvc.method.annotation.RequestMappingHandlerMapping - Mapped to cn.imhtb.live.modules.server.netty.web.ChatController#getPopularity(Integer)
2026-04-26 08:22:03.158    DEBUG org.springframework.web.servlet.mvc.method.annotation.RequestMappingHandlerMapping - Mapped to cn.imhtb.live.modules.server.netty.web.ChatController#getPopularity(Integer)
2026-04-26 08:22:03.159    DEBUG org.springframework.web.servlet.mvc.method.annotation.RequestResponseBodyMethodProcessor - Using 'application/json', given [application/json, text/plain, */*] and supported [application/json, application/*+json, application/json, application/*+json]
2026-04-26 08:22:03.160    DEBUG org.springframework.web.servlet.mvc.method.annotation.RequestResponseBodyMethodProcessor - Using 'application/json', given [application/json, text/plain, */*] and supported [application/json, application/*+json, application/json, application/*+json]
2026-04-26 08:22:03.160    DEBUG org.springframework.web.servlet.mvc.method.annotation.RequestResponseBodyMethodProcessor - Writing [cn.imhtb.live.common.ApiResponse@7ac4af7a]
2026-04-26 08:22:03.160    DEBUG org.springframework.web.servlet.DispatcherServlet - Completed 200 OK
2026-04-26 08:22:03.160    DEBUG org.springframework.web.servlet.mvc.method.annotation.RequestResponseBodyMethodProcessor - Writing [cn.imhtb.live.common.ApiResponse@4ca42ce1]
2026-04-26 08:22:03.162    DEBUG org.springframework.web.servlet.DispatcherServlet - Completed 200 OK
2026-04-26 08:22:15.869    DEBUG org.springframework.web.servlet.DispatcherServlet - GET "/api/v1/chat/getPopularity?roomId=1", parameters={masked}
2026-04-26 08:22:15.870    DEBUG org.springframework.web.servlet.mvc.method.annotation.RequestMappingHandlerMapping - Mapped to cn.imhtb.live.modules.server.netty.web.ChatController#getPopularity(Integer)
2026-04-26 08:22:15.870    DEBUG org.springframework.web.servlet.DispatcherServlet - GET "/api/v1/chat/getPopularity?roomId=2", parameters={masked}
2026-04-26 08:22:15.871    DEBUG org.springframework.web.servlet.mvc.method.annotation.RequestMappingHandlerMapping - Mapped to cn.imhtb.live.modules.server.netty.web.ChatController#getPopularity(Integer)
2026-04-26 08:22:15.871    DEBUG org.springframework.web.servlet.mvc.method.annotation.RequestResponseBodyMethodProcessor - Using 'application/json', given [application/json, text/plain, */*] and supported [application/json, application/*+json, application/json, application/*+json]
2026-04-26 08:22:15.871    DEBUG org.springframework.web.servlet.mvc.method.annotation.RequestResponseBodyMethodProcessor - Writing [cn.imhtb.live.common.ApiResponse@6d065677]
2026-04-26 08:22:15.871    DEBUG org.springframework.web.servlet.mvc.method.annotation.RequestResponseBodyMethodProcessor - Using 'application/json', given [application/json, text/plain, */*] and supported [application/json, application/*+json, application/json, application/*+json]
2026-04-26 08:22:15.872    DEBUG org.springframework.web.servlet.mvc.method.annotation.RequestResponseBodyMethodProcessor - Writing [cn.imhtb.live.common.ApiResponse@760234eb]
2026-04-26 08:22:15.872    DEBUG org.springframework.web.servlet.DispatcherServlet - Completed 200 OK
2026-04-26 08:22:15.872    DEBUG org.springframework.web.servlet.DispatcherServlet - Completed 200 OK
2026-04-26 08:22:15.878    DEBUG org.springframework.web.servlet.DispatcherServlet - GET "/api/v1/chat/getPopularity?roomId=2", parameters={masked}
2026-04-26 08:22:15.879    DEBUG org.springframework.web.servlet.mvc.method.annotation.RequestMappingHandlerMapping - Mapped to cn.imhtb.live.modules.server.netty.web.ChatController#getPopularity(Integer)
2026-04-26 08:22:15.879    DEBUG org.springframework.web.servlet.DispatcherServlet - GET "/api/v1/chat/getPopularity?roomId=1", parameters={masked}
2026-04-26 08:22:15.879    DEBUG org.springframework.web.servlet.mvc.method.annotation.RequestMappingHandlerMapping - Mapped to cn.imhtb.live.modules.server.netty.web.ChatController#getPopularity(Integer)
2026-04-26 08:22:15.879    DEBUG org.springframework.web.servlet.mvc.method.annotation.RequestResponseBodyMethodProcessor - Using 'application/json', given [application/json, text/plain, */*] and supported [application/json, application/*+json, application/json, application/*+json]
2026-04-26 08:22:15.879    DEBUG org.springframework.web.servlet.mvc.method.annotation.RequestResponseBodyMethodProcessor - Using 'application/json', given [application/json, text/plain, */*] and supported [application/json, application/*+json, application/json, application/*+json]
2026-04-26 08:22:15.879    DEBUG org.springframework.web.servlet.mvc.method.annotation.RequestResponseBodyMethodProcessor - Writing [cn.imhtb.live.common.ApiResponse@25cb70d2]
2026-04-26 08:22:15.880    DEBUG org.springframework.web.servlet.mvc.method.annotation.RequestResponseBodyMethodProcessor - Writing [cn.imhtb.live.common.ApiResponse@370cc3ee]
2026-04-26 08:22:15.880    DEBUG org.springframework.web.servlet.DispatcherServlet - Completed 200 OK
2026-04-26 08:22:15.880    DEBUG org.springframework.web.servlet.DispatcherServlet - Completed 200 OK
2026-04-26 08:22:27.877    DEBUG org.springframework.web.servlet.DispatcherServlet - GET "/api/v1/chat/getPopularity?roomId=1", parameters={masked}
2026-04-26 08:22:27.880    DEBUG org.springframework.web.servlet.DispatcherServlet - GET "/api/v1/chat/getPopularity?roomId=2", parameters={masked}
2026-04-26 08:22:27.887    DEBUG org.springframework.web.servlet.mvc.method.annotation.RequestMappingHandlerMapping - Mapped to cn.imhtb.live.modules.server.netty.web.ChatController#getPopularity(Integer)
2026-04-26 08:22:27.887    DEBUG org.springframework.web.servlet.mvc.method.annotation.RequestMappingHandlerMapping - Mapped to cn.imhtb.live.modules.server.netty.web.ChatController#getPopularity(Integer)
2026-04-26 08:22:27.888    DEBUG org.springframework.web.servlet.mvc.method.annotation.RequestResponseBodyMethodProcessor - Using 'application/json', given [application/json, text/plain, */*] and supported [application/json, application/*+json, application/json, application/*+json]
2026-04-26 08:22:27.888    DEBUG org.springframework.web.servlet.mvc.method.annotation.RequestResponseBodyMethodProcessor - Using 'application/json', given [application/json, text/plain, */*] and supported [application/json, application/*+json, application/json, application/*+json]
2026-04-26 08:22:27.888    DEBUG org.springframework.web.servlet.mvc.method.annotation.RequestResponseBodyMethodProcessor - Writing [cn.imhtb.live.common.ApiResponse@4c2a64c]
2026-04-26 08:22:27.888    DEBUG org.springframework.web.servlet.mvc.method.annotation.RequestResponseBodyMethodProcessor - Writing [cn.imhtb.live.common.ApiResponse@4d4739c0]
2026-04-26 08:22:27.889    DEBUG org.springframework.web.servlet.DispatcherServlet - Completed 200 OK
2026-04-26 08:22:27.889    DEBUG org.springframework.web.servlet.DispatcherServlet - Completed 200 OK
2026-04-26 08:22:27.894    DEBUG org.springframework.web.servlet.DispatcherServlet - GET "/api/v1/chat/getPopularity?roomId=1", parameters={masked}
2026-04-26 08:22:27.894    DEBUG org.springframework.web.servlet.DispatcherServlet - GET "/api/v1/chat/getPopularity?roomId=2", parameters={masked}
2026-04-26 08:22:27.894    DEBUG org.springframework.web.servlet.mvc.method.annotation.RequestMappingHandlerMapping - Mapped to cn.imhtb.live.modules.server.netty.web.ChatController#getPopularity(Integer)
2026-04-26 08:22:27.895    DEBUG org.springframework.web.servlet.mvc.method.annotation.RequestMappingHandlerMapping - Mapped to cn.imhtb.live.modules.server.netty.web.ChatController#getPopularity(Integer)
2026-04-26 08:22:27.895    DEBUG org.springframework.web.servlet.mvc.method.annotation.RequestResponseBodyMethodProcessor - Using 'application/json', given [application/json, text/plain, */*] and supported [application/json, application/*+json, application/json, application/*+json]
2026-04-26 08:22:27.895    DEBUG org.springframework.web.servlet.mvc.method.annotation.RequestResponseBodyMethodProcessor - Using 'application/json', given [application/json, text/plain, */*] and supported [application/json, application/*+json, application/json, application/*+json]
2026-04-26 08:22:27.895    DEBUG org.springframework.web.servlet.mvc.method.annotation.RequestResponseBodyMethodProcessor - Writing [cn.imhtb.live.common.ApiResponse@4f6d2dee]
2026-04-26 08:22:27.895    DEBUG org.springframework.web.servlet.mvc.method.annotation.RequestResponseBodyMethodProcessor - Writing [cn.imhtb.live.common.ApiResponse@10937f2c]
2026-04-26 08:22:27.896    DEBUG org.springframework.web.servlet.DispatcherServlet - Completed 200 OK
2026-04-26 08:22:27.896    DEBUG org.springframework.web.servlet.DispatcherServlet - Completed 200 OK
2026-04-26 08:22:39.891    DEBUG org.springframework.web.servlet.DispatcherServlet - GET "/api/v1/chat/getPopularity?roomId=1", parameters={masked}
2026-04-26 08:22:39.892    DEBUG org.springframework.web.servlet.mvc.method.annotation.RequestMappingHandlerMapping - Mapped to cn.imhtb.live.modules.server.netty.web.ChatController#getPopularity(Integer)
2026-04-26 08:22:39.891    DEBUG org.springframework.web.servlet.DispatcherServlet - GET "/api/v1/chat/getPopularity?roomId=2", parameters={masked}
2026-04-26 08:22:39.892    DEBUG org.springframework.web.servlet.mvc.method.annotation.RequestMappingHandlerMapping - Mapped to cn.imhtb.live.modules.server.netty.web.ChatController#getPopularity(Integer)
2026-04-26 08:22:39.893    DEBUG org.springframework.web.servlet.mvc.method.annotation.RequestResponseBodyMethodProcessor - Using 'application/json', given [application/json, text/plain, */*] and supported [application/json, application/*+json, application/json, application/*+json]
2026-04-26 08:22:39.893    DEBUG org.springframework.web.servlet.mvc.method.annotation.RequestResponseBodyMethodProcessor - Writing [cn.imhtb.live.common.ApiResponse@6a7702f2]
2026-04-26 08:22:39.893    DEBUG org.springframework.web.servlet.mvc.method.annotation.RequestResponseBodyMethodProcessor - Using 'application/json', given [application/json, text/plain, */*] and supported [application/json, application/*+json, application/json, application/*+json]
2026-04-26 08:22:39.893    DEBUG org.springframework.web.servlet.mvc.method.annotation.RequestResponseBodyMethodProcessor - Writing [cn.imhtb.live.common.ApiResponse@3d499839]
2026-04-26 08:22:39.893    DEBUG org.springframework.web.servlet.DispatcherServlet - Completed 200 OK
2026-04-26 08:22:39.893    DEBUG org.springframework.web.servlet.DispatcherServlet - Completed 200 OK
2026-04-26 08:22:39.901    DEBUG org.springframework.web.servlet.DispatcherServlet - GET "/api/v1/chat/getPopularity?roomId=2", parameters={masked}
2026-04-26 08:22:39.901    DEBUG org.springframework.web.servlet.DispatcherServlet - GET "/api/v1/chat/getPopularity?roomId=1", parameters={masked}
2026-04-26 08:22:39.901    DEBUG org.springframework.web.servlet.mvc.method.annotation.RequestMappingHandlerMapping - Mapped to cn.imhtb.live.modules.server.netty.web.ChatController#getPopularity(Integer)
2026-04-26 08:22:39.901    DEBUG org.springframework.web.servlet.mvc.method.annotation.RequestMappingHandlerMapping - Mapped to cn.imhtb.live.modules.server.netty.web.ChatController#getPopularity(Integer)
2026-04-26 08:22:39.902    DEBUG org.springframework.web.servlet.mvc.method.annotation.RequestResponseBodyMethodProcessor - Using 'application/json', given [application/json, text/plain, */*] and supported [application/json, application/*+json, application/json, application/*+json]
2026-04-26 08:22:39.902    DEBUG org.springframework.web.servlet.mvc.method.annotation.RequestResponseBodyMethodProcessor - Using 'application/json', given [application/json, text/plain, */*] and supported [application/json, application/*+json, application/json, application/*+json]
2026-04-26 08:22:39.902    DEBUG org.springframework.web.servlet.mvc.method.annotation.RequestResponseBodyMethodProcessor - Writing [cn.imhtb.live.common.ApiResponse@15a7af34]
2026-04-26 08:22:39.902    DEBUG org.springframework.web.servlet.mvc.method.annotation.RequestResponseBodyMethodProcessor - Writing [cn.imhtb.live.common.ApiResponse@5904f131]
2026-04-26 08:22:39.902    DEBUG org.springframework.web.servlet.DispatcherServlet - Completed 200 OK
2026-04-26 08:22:39.902    DEBUG org.springframework.web.servlet.DispatcherServlet - Completed 200 OK
2026-04-26 08:22:51.872    DEBUG org.springframework.web.servlet.DispatcherServlet - GET "/api/v1/chat/getPopularity?roomId=1", parameters={masked}
2026-04-26 08:22:51.872    DEBUG org.springframework.web.servlet.mvc.method.annotation.RequestMappingHandlerMapping - Mapped to cn.imhtb.live.modules.server.netty.web.ChatController#getPopularity(Integer)
2026-04-26 08:22:51.872    DEBUG org.springframework.web.servlet.mvc.method.annotation.RequestResponseBodyMethodProcessor - Using 'application/json', given [application/json, text/plain, */*] and supported [application/json, application/*+json, application/json, application/*+json]
2026-04-26 08:22:51.873    DEBUG org.springframework.web.servlet.mvc.method.annotation.RequestResponseBodyMethodProcessor - Writing [cn.imhtb.live.common.ApiResponse@4a742097]
2026-04-26 08:22:51.873    DEBUG org.springframework.web.servlet.DispatcherServlet - Completed 200 OK
2026-04-26 08:22:51.874    DEBUG org.springframework.web.servlet.DispatcherServlet - GET "/api/v1/chat/getPopularity?roomId=2", parameters={masked}
2026-04-26 08:22:51.874    DEBUG org.springframework.web.servlet.mvc.method.annotation.RequestMappingHandlerMapping - Mapped to cn.imhtb.live.modules.server.netty.web.ChatController#getPopularity(Integer)
2026-04-26 08:22:51.875    DEBUG org.springframework.web.servlet.mvc.method.annotation.RequestResponseBodyMethodProcessor - Using 'application/json', given [application/json, text/plain, */*] and supported [application/json, application/*+json, application/json, application/*+json]
2026-04-26 08:22:51.875    DEBUG org.springframework.web.servlet.mvc.method.annotation.RequestResponseBodyMethodProcessor - Writing [cn.imhtb.live.common.ApiResponse@5e3bf659]
2026-04-26 08:22:51.875    DEBUG org.springframework.web.servlet.DispatcherServlet - Completed 200 OK
2026-04-26 08:22:51.881    DEBUG org.springframework.web.servlet.DispatcherServlet - GET "/api/v1/chat/getPopularity?roomId=1", parameters={masked}
2026-04-26 08:22:51.881    DEBUG org.springframework.web.servlet.mvc.method.annotation.RequestMappingHandlerMapping - Mapped to cn.imhtb.live.modules.server.netty.web.ChatController#getPopularity(Integer)
2026-04-26 08:22:51.881    DEBUG org.springframework.web.servlet.DispatcherServlet - GET "/api/v1/chat/getPopularity?roomId=2", parameters={masked}
2026-04-26 08:22:51.881    DEBUG org.springframework.web.servlet.mvc.method.annotation.RequestMappingHandlerMapping - Mapped to cn.imhtb.live.modules.server.netty.web.ChatController#getPopularity(Integer)
2026-04-26 08:22:51.882    DEBUG org.springframework.web.servlet.mvc.method.annotation.RequestResponseBodyMethodProcessor - Using 'application/json', given [application/json, text/plain, */*] and supported [application/json, application/*+json, application/json, application/*+json]
2026-04-26 08:22:51.882    DEBUG org.springframework.web.servlet.mvc.method.annotation.RequestResponseBodyMethodProcessor - Writing [cn.imhtb.live.common.ApiResponse@3a8c4357]
2026-04-26 08:22:51.882    DEBUG org.springframework.web.servlet.mvc.method.annotation.RequestResponseBodyMethodProcessor - Using 'application/json', given [application/json, text/plain, */*] and supported [application/json, application/*+json, application/json, application/*+json]
2026-04-26 08:22:51.883    DEBUG org.springframework.web.servlet.mvc.method.annotation.RequestResponseBodyMethodProcessor - Writing [cn.imhtb.live.common.ApiResponse@4763b6fe]
2026-04-26 08:22:51.883    DEBUG org.springframework.web.servlet.DispatcherServlet - Completed 200 OK
2026-04-26 08:22:51.883    DEBUG org.springframework.web.servlet.DispatcherServlet - Completed 200 OK
2026-04-26 08:23:03.881    DEBUG org.springframework.web.servlet.DispatcherServlet - GET "/api/v1/chat/getPopularity?roomId=2", parameters={masked}
2026-04-26 08:23:03.881    DEBUG org.springframework.web.servlet.DispatcherServlet - GET "/api/v1/chat/getPopularity?roomId=1", parameters={masked}
2026-04-26 08:23:03.881    DEBUG org.springframework.web.servlet.mvc.method.annotation.RequestMappingHandlerMapping - Mapped to cn.imhtb.live.modules.server.netty.web.ChatController#getPopularity(Integer)
2026-04-26 08:23:03.882    DEBUG org.springframework.web.servlet.mvc.method.annotation.RequestMappingHandlerMapping - Mapped to cn.imhtb.live.modules.server.netty.web.ChatController#getPopularity(Integer)
2026-04-26 08:23:03.883    DEBUG org.springframework.web.servlet.mvc.method.annotation.RequestResponseBodyMethodProcessor - Using 'application/json', given [application/json, text/plain, */*] and supported [application/json, application/*+json, application/json, application/*+json]
2026-04-26 08:23:03.883    DEBUG org.springframework.web.servlet.mvc.method.annotation.RequestResponseBodyMethodProcessor - Using 'application/json', given [application/json, text/plain, */*] and supported [application/json, application/*+json, application/json, application/*+json]
2026-04-26 08:23:03.883    DEBUG org.springframework.web.servlet.mvc.method.annotation.RequestResponseBodyMethodProcessor - Writing [cn.imhtb.live.common.ApiResponse@6d0bb6bd]
2026-04-26 08:23:03.883    DEBUG org.springframework.web.servlet.mvc.method.annotation.RequestResponseBodyMethodProcessor - Writing [cn.imhtb.live.common.ApiResponse@44481f7e]
2026-04-26 08:23:03.883    DEBUG org.springframework.web.servlet.DispatcherServlet - Completed 200 OK
2026-04-26 08:23:03.884    DEBUG org.springframework.web.servlet.DispatcherServlet - Completed 200 OK
2026-04-26 08:23:03.889    DEBUG org.springframework.web.servlet.DispatcherServlet - GET "/api/v1/chat/getPopularity?roomId=1", parameters={masked}
2026-04-26 08:23:03.889    DEBUG org.springframework.web.servlet.DispatcherServlet - GET "/api/v1/chat/getPopularity?roomId=2", parameters={masked}
2026-04-26 08:23:03.890    DEBUG org.springframework.web.servlet.mvc.method.annotation.RequestMappingHandlerMapping - Mapped to cn.imhtb.live.modules.server.netty.web.ChatController#getPopularity(Integer)
2026-04-26 08:23:03.890    DEBUG org.springframework.web.servlet.mvc.method.annotation.RequestMappingHandlerMapping - Mapped to cn.imhtb.live.modules.server.netty.web.ChatController#getPopularity(Integer)
2026-04-26 08:23:03.890    DEBUG org.springframework.web.servlet.mvc.method.annotation.RequestResponseBodyMethodProcessor - Using 'application/json', given [application/json, text/plain, */*] and supported [application/json, application/*+json, application/json, application/*+json]
2026-04-26 08:23:03.890    DEBUG org.springframework.web.servlet.mvc.method.annotation.RequestResponseBodyMethodProcessor - Writing [cn.imhtb.live.common.ApiResponse@263fc69d]
2026-04-26 08:23:03.890    DEBUG org.springframework.web.servlet.mvc.method.annotation.RequestResponseBodyMethodProcessor - Using 'application/json', given [application/json, text/plain, */*] and supported [application/json, application/*+json, application/json, application/*+json]
2026-04-26 08:23:03.891    DEBUG org.springframework.web.servlet.mvc.method.annotation.RequestResponseBodyMethodProcessor - Writing [cn.imhtb.live.common.ApiResponse@7736f09d]
2026-04-26 08:23:03.891    DEBUG org.springframework.web.servlet.DispatcherServlet - Completed 200 OK
2026-04-26 08:23:03.891    DEBUG org.springframework.web.servlet.DispatcherServlet - Completed 200 OK
2026-04-26 08:23:15.880    DEBUG org.springframework.web.servlet.DispatcherServlet - GET "/api/v1/chat/getPopularity?roomId=1", parameters={masked}
2026-04-26 08:23:15.880    DEBUG org.springframework.web.servlet.mvc.method.annotation.RequestMappingHandlerMapping - Mapped to cn.imhtb.live.modules.server.netty.web.ChatController#getPopularity(Integer)
2026-04-26 08:23:15.881    DEBUG org.springframework.web.servlet.mvc.method.annotation.RequestResponseBodyMethodProcessor - Using 'application/json', given [application/json, text/plain, */*] and supported [application/json, application/*+json, application/json, application/*+json]
2026-04-26 08:23:15.881    DEBUG org.springframework.web.servlet.mvc.method.annotation.RequestResponseBodyMethodProcessor - Writing [cn.imhtb.live.common.ApiResponse@2e1b627d]
2026-04-26 08:23:15.881    DEBUG org.springframework.web.servlet.DispatcherServlet - Completed 200 OK
2026-04-26 08:23:15.884    DEBUG org.springframework.web.servlet.DispatcherServlet - GET "/api/v1/chat/getPopularity?roomId=2", parameters={masked}
2026-04-26 08:23:15.884    DEBUG org.springframework.web.servlet.mvc.method.annotation.RequestMappingHandlerMapping - Mapped to cn.imhtb.live.modules.server.netty.web.ChatController#getPopularity(Integer)
2026-04-26 08:23:15.884    DEBUG org.springframework.web.servlet.mvc.method.annotation.RequestResponseBodyMethodProcessor - Using 'application/json', given [application/json, text/plain, */*] and supported [application/json, application/*+json, application/json, application/*+json]
2026-04-26 08:23:15.885    DEBUG org.springframework.web.servlet.mvc.method.annotation.RequestResponseBodyMethodProcessor - Writing [cn.imhtb.live.common.ApiResponse@304eec69]
2026-04-26 08:23:15.886    DEBUG org.springframework.web.servlet.DispatcherServlet - Completed 200 OK
2026-04-26 08:23:15.888    DEBUG org.springframework.web.servlet.DispatcherServlet - GET "/api/v1/chat/getPopularity?roomId=1", parameters={masked}
2026-04-26 08:23:15.889    DEBUG org.springframework.web.servlet.mvc.method.annotation.RequestMappingHandlerMapping - Mapped to cn.imhtb.live.modules.server.netty.web.ChatController#getPopularity(Integer)
2026-04-26 08:23:15.889    DEBUG org.springframework.web.servlet.mvc.method.annotation.RequestResponseBodyMethodProcessor - Using 'application/json', given [application/json, text/plain, */*] and supported [application/json, application/*+json, application/json, application/*+json]
2026-04-26 08:23:15.890    DEBUG org.springframework.web.servlet.mvc.method.annotation.RequestResponseBodyMethodProcessor - Writing [cn.imhtb.live.common.ApiResponse@7b8db574]
2026-04-26 08:23:15.890    DEBUG org.springframework.web.servlet.DispatcherServlet - Completed 200 OK
2026-04-26 08:23:15.893    DEBUG org.springframework.web.servlet.DispatcherServlet - GET "/api/v1/chat/getPopularity?roomId=2", parameters={masked}
2026-04-26 08:23:15.893    DEBUG org.springframework.web.servlet.mvc.method.annotation.RequestMappingHandlerMapping - Mapped to cn.imhtb.live.modules.server.netty.web.ChatController#getPopularity(Integer)
2026-04-26 08:23:15.893    DEBUG org.springframework.web.servlet.mvc.method.annotation.RequestResponseBodyMethodProcessor - Using 'application/json', given [application/json, text/plain, */*] and supported [application/json, application/*+json, application/json, application/*+json]
2026-04-26 08:23:15.893    DEBUG org.springframework.web.servlet.mvc.method.annotation.RequestResponseBodyMethodProcessor - Writing [cn.imhtb.live.common.ApiResponse@462b82ec]
2026-04-26 08:23:15.893    DEBUG org.springframework.web.servlet.DispatcherServlet - Completed 200 OK
2026-04-26 08:23:37.887    DEBUG org.springframework.web.servlet.DispatcherServlet - GET "/api/v1/chat/getPopularity?roomId=1", parameters={masked}
2026-04-26 08:23:37.887    DEBUG org.springframework.web.servlet.DispatcherServlet - GET "/api/v1/chat/getPopularity?roomId=2", parameters={masked}
2026-04-26 08:23:37.898    DEBUG org.springframework.web.servlet.mvc.method.annotation.RequestMappingHandlerMapping - Mapped to cn.imhtb.live.modules.server.netty.web.ChatController#getPopularity(Integer)
2026-04-26 08:23:37.898    DEBUG org.springframework.web.servlet.mvc.method.annotation.RequestMappingHandlerMapping - Mapped to cn.imhtb.live.modules.server.netty.web.ChatController#getPopularity(Integer)
2026-04-26 08:23:37.901    DEBUG org.springframework.web.servlet.mvc.method.annotation.RequestResponseBodyMethodProcessor - Using 'application/json', given [application/json, text/plain, */*] and supported [application/json, application/*+json, application/json, application/*+json]
2026-04-26 08:23:37.901    DEBUG org.springframework.web.servlet.mvc.method.annotation.RequestResponseBodyMethodProcessor - Using 'application/json', given [application/json, text/plain, */*] and supported [application/json, application/*+json, application/json, application/*+json]
2026-04-26 08:23:37.902    DEBUG org.springframework.web.servlet.mvc.method.annotation.RequestResponseBodyMethodProcessor - Writing [cn.imhtb.live.common.ApiResponse@28bc25bc]
2026-04-26 08:23:37.902    DEBUG org.springframework.web.servlet.mvc.method.annotation.RequestResponseBodyMethodProcessor - Writing [cn.imhtb.live.common.ApiResponse@56b4d94b]
2026-04-26 08:23:37.903    DEBUG org.springframework.web.servlet.DispatcherServlet - Completed 200 OK
2026-04-26 08:23:37.903    DEBUG org.springframework.web.servlet.DispatcherServlet - Completed 200 OK
2026-04-26 08:23:37.910    DEBUG org.springframework.web.servlet.DispatcherServlet - GET "/api/v1/chat/getPopularity?roomId=1", parameters={masked}
2026-04-26 08:23:37.910    DEBUG org.springframework.web.servlet.DispatcherServlet - GET "/api/v1/chat/getPopularity?roomId=2", parameters={masked}
2026-04-26 08:23:37.910    DEBUG org.springframework.web.servlet.mvc.method.annotation.RequestMappingHandlerMapping - Mapped to cn.imhtb.live.modules.server.netty.web.ChatController#getPopularity(Integer)
2026-04-26 08:23:37.910    DEBUG org.springframework.web.servlet.mvc.method.annotation.RequestMappingHandlerMapping - Mapped to cn.imhtb.live.modules.server.netty.web.ChatController#getPopularity(Integer)
2026-04-26 08:23:37.911    DEBUG org.springframework.web.servlet.mvc.method.annotation.RequestResponseBodyMethodProcessor - Using 'application/json', given [application/json, text/plain, */*] and supported [application/json, application/*+json, application/json, application/*+json]
2026-04-26 08:23:37.911    DEBUG org.springframework.web.servlet.mvc.method.annotation.RequestResponseBodyMethodProcessor - Using 'application/json', given [application/json, text/plain, */*] and supported [application/json, application/*+json, application/json, application/*+json]
2026-04-26 08:23:37.911    DEBUG org.springframework.web.servlet.mvc.method.annotation.RequestResponseBodyMethodProcessor - Writing [cn.imhtb.live.common.ApiResponse@260e8e02]
2026-04-26 08:23:37.911    DEBUG org.springframework.web.servlet.mvc.method.annotation.RequestResponseBodyMethodProcessor - Writing [cn.imhtb.live.common.ApiResponse@9ba1906]
2026-04-26 08:23:37.911    DEBUG org.springframework.web.servlet.DispatcherServlet - Completed 200 OK
2026-04-26 08:23:37.911    DEBUG org.springframework.web.servlet.DispatcherServlet - Completed 200 OK
2026-04-26 08:24:37.874    DEBUG org.springframework.web.servlet.DispatcherServlet - GET "/api/v1/chat/getPopularity?roomId=1", parameters={masked}
2026-04-26 08:24:37.874    DEBUG org.springframework.web.servlet.DispatcherServlet - GET "/api/v1/chat/getPopularity?roomId=2", parameters={masked}
2026-04-26 08:24:37.874    DEBUG org.springframework.web.servlet.mvc.method.annotation.RequestMappingHandlerMapping - Mapped to cn.imhtb.live.modules.server.netty.web.ChatController#getPopularity(Integer)
2026-04-26 08:24:37.874    DEBUG org.springframework.web.servlet.mvc.method.annotation.RequestMappingHandlerMapping - Mapped to cn.imhtb.live.modules.server.netty.web.ChatController#getPopularity(Integer)
2026-04-26 08:24:37.875    DEBUG org.springframework.web.servlet.mvc.method.annotation.RequestResponseBodyMethodProcessor - Using 'application/json', given [application/json, text/plain, */*] and supported [application/json, application/*+json, application/json, application/*+json]
2026-04-26 08:24:37.875    DEBUG org.springframework.web.servlet.mvc.method.annotation.RequestResponseBodyMethodProcessor - Using 'application/json', given [application/json, text/plain, */*] and supported [application/json, application/*+json, application/json, application/*+json]
2026-04-26 08:24:37.875    DEBUG org.springframework.web.servlet.mvc.method.annotation.RequestResponseBodyMethodProcessor - Writing [cn.imhtb.live.common.ApiResponse@5b146370]
2026-04-26 08:24:37.875    DEBUG org.springframework.web.servlet.mvc.method.annotation.RequestResponseBodyMethodProcessor - Writing [cn.imhtb.live.common.ApiResponse@7d0a6df3]
2026-04-26 08:24:37.876    DEBUG org.springframework.web.servlet.DispatcherServlet - Completed 200 OK
2026-04-26 08:24:37.876    DEBUG org.springframework.web.servlet.DispatcherServlet - Completed 200 OK
2026-04-26 08:24:37.888    DEBUG org.springframework.web.servlet.DispatcherServlet - GET "/api/v1/chat/getPopularity?roomId=2", parameters={masked}
2026-04-26 08:24:37.888    DEBUG org.springframework.web.servlet.mvc.method.annotation.RequestMappingHandlerMapping - Mapped to cn.imhtb.live.modules.server.netty.web.ChatController#getPopularity(Integer)
2026-04-26 08:24:37.889    DEBUG org.springframework.web.servlet.mvc.method.annotation.RequestResponseBodyMethodProcessor - Using 'application/json', given [application/json, text/plain, */*] and supported [application/json, application/*+json, application/json, application/*+json]
2026-04-26 08:24:37.889    DEBUG org.springframework.web.servlet.mvc.method.annotation.RequestResponseBodyMethodProcessor - Writing [cn.imhtb.live.common.ApiResponse@24c8a86b]
2026-04-26 08:24:37.889    DEBUG org.springframework.web.servlet.DispatcherServlet - GET "/api/v1/chat/getPopularity?roomId=1", parameters={masked}
2026-04-26 08:24:37.889    DEBUG org.springframework.web.servlet.DispatcherServlet - Completed 200 OK
2026-04-26 08:24:37.890    DEBUG org.springframework.web.servlet.mvc.method.annotation.RequestMappingHandlerMapping - Mapped to cn.imhtb.live.modules.server.netty.web.ChatController#getPopularity(Integer)
2026-04-26 08:24:37.890    DEBUG org.springframework.web.servlet.mvc.method.annotation.RequestResponseBodyMethodProcessor - Using 'application/json', given [application/json, text/plain, */*] and supported [application/json, application/*+json, application/json, application/*+json]
2026-04-26 08:24:37.891    DEBUG org.springframework.web.servlet.mvc.method.annotation.RequestResponseBodyMethodProcessor - Writing [cn.imhtb.live.common.ApiResponse@2f1cdf9]
2026-04-26 08:24:37.891    DEBUG org.springframework.web.servlet.DispatcherServlet - Completed 200 OK
2026-04-26 08:25:37.883    DEBUG org.springframework.web.servlet.DispatcherServlet - GET "/api/v1/chat/getPopularity?roomId=1", parameters={masked}
2026-04-26 08:25:37.884    DEBUG org.springframework.web.servlet.DispatcherServlet - GET "/api/v1/chat/getPopularity?roomId=2", parameters={masked}
2026-04-26 08:25:37.892    DEBUG org.springframework.web.servlet.mvc.method.annotation.RequestMappingHandlerMapping - Mapped to cn.imhtb.live.modules.server.netty.web.ChatController#getPopularity(Integer)
2026-04-26 08:25:37.892    DEBUG org.springframework.web.servlet.mvc.method.annotation.RequestMappingHandlerMapping - Mapped to cn.imhtb.live.modules.server.netty.web.ChatController#getPopularity(Integer)
2026-04-26 08:25:37.893    DEBUG org.springframework.web.servlet.mvc.method.annotation.RequestResponseBodyMethodProcessor - Using 'application/json', given [application/json, text/plain, */*] and supported [application/json, application/*+json, application/json, application/*+json]
2026-04-26 08:25:37.893    DEBUG org.springframework.web.servlet.mvc.method.annotation.RequestResponseBodyMethodProcessor - Writing [cn.imhtb.live.common.ApiResponse@7f7ad782]
2026-04-26 08:25:37.893    DEBUG org.springframework.web.servlet.mvc.method.annotation.RequestResponseBodyMethodProcessor - Using 'application/json', given [application/json, text/plain, */*] and supported [application/json, application/*+json, application/json, application/*+json]
2026-04-26 08:25:37.894    DEBUG org.springframework.web.servlet.DispatcherServlet - Completed 200 OK
2026-04-26 08:25:37.897    DEBUG org.springframework.web.servlet.mvc.method.annotation.RequestResponseBodyMethodProcessor - Writing [cn.imhtb.live.common.ApiResponse@243ab525]
2026-04-26 08:25:37.900    DEBUG org.springframework.web.servlet.DispatcherServlet - Completed 200 OK
2026-04-26 08:25:37.904    DEBUG org.springframework.web.servlet.DispatcherServlet - GET "/api/v1/chat/getPopularity?roomId=1", parameters={masked}
2026-04-26 08:25:37.905    DEBUG org.springframework.web.servlet.mvc.method.annotation.RequestMappingHandlerMapping - Mapped to cn.imhtb.live.modules.server.netty.web.ChatController#getPopularity(Integer)
2026-04-26 08:25:37.906    DEBUG org.springframework.web.servlet.mvc.method.annotation.RequestResponseBodyMethodProcessor - Using 'application/json', given [application/json, text/plain, */*] and supported [application/json, application/*+json, application/json, application/*+json]
2026-04-26 08:25:37.906    DEBUG org.springframework.web.servlet.mvc.method.annotation.RequestResponseBodyMethodProcessor - Writing [cn.imhtb.live.common.ApiResponse@11f364d6]
2026-04-26 08:25:37.906    DEBUG org.springframework.web.servlet.DispatcherServlet - Completed 200 OK
2026-04-26 08:25:37.908    DEBUG org.springframework.web.servlet.DispatcherServlet - GET "/api/v1/chat/getPopularity?roomId=2", parameters={masked}
2026-04-26 08:25:37.908    DEBUG org.springframework.web.servlet.mvc.method.annotation.RequestMappingHandlerMapping - Mapped to cn.imhtb.live.modules.server.netty.web.ChatController#getPopularity(Integer)
2026-04-26 08:25:37.909    DEBUG org.springframework.web.servlet.mvc.method.annotation.RequestResponseBodyMethodProcessor - Using 'application/json', given [application/json, text/plain, */*] and supported [application/json, application/*+json, application/json, application/*+json]
2026-04-26 08:25:37.909    DEBUG org.springframework.web.servlet.mvc.method.annotation.RequestResponseBodyMethodProcessor - Writing [cn.imhtb.live.common.ApiResponse@19e1ac51]
2026-04-26 08:25:37.909    DEBUG org.springframework.web.servlet.DispatcherServlet - Completed 200 OK
2026-04-26 08:26:37.875    DEBUG org.springframework.web.servlet.DispatcherServlet - GET "/api/v1/chat/getPopularity?roomId=1", parameters={masked}
2026-04-26 08:26:37.875    DEBUG org.springframework.web.servlet.mvc.method.annotation.RequestMappingHandlerMapping - Mapped to cn.imhtb.live.modules.server.netty.web.ChatController#getPopularity(Integer)
2026-04-26 08:26:37.876    DEBUG org.springframework.web.servlet.mvc.method.annotation.RequestResponseBodyMethodProcessor - Using 'application/json', given [application/json, text/plain, */*] and supported [application/json, application/*+json, application/json, application/*+json]
2026-04-26 08:26:37.876    DEBUG org.springframework.web.servlet.DispatcherServlet - GET "/api/v1/chat/getPopularity?roomId=2", parameters={masked}
2026-04-26 08:26:37.876    DEBUG org.springframework.web.servlet.mvc.method.annotation.RequestResponseBodyMethodProcessor - Writing [cn.imhtb.live.common.ApiResponse@4b4a9fa9]
2026-04-26 08:26:37.876    DEBUG org.springframework.web.servlet.mvc.method.annotation.RequestMappingHandlerMapping - Mapped to cn.imhtb.live.modules.server.netty.web.ChatController#getPopularity(Integer)
2026-04-26 08:26:37.877    DEBUG org.springframework.web.servlet.DispatcherServlet - Completed 200 OK
2026-04-26 08:26:37.877    DEBUG org.springframework.web.servlet.mvc.method.annotation.RequestResponseBodyMethodProcessor - Using 'application/json', given [application/json, text/plain, */*] and supported [application/json, application/*+json, application/json, application/*+json]
2026-04-26 08:26:37.877    DEBUG org.springframework.web.servlet.mvc.method.annotation.RequestResponseBodyMethodProcessor - Writing [cn.imhtb.live.common.ApiResponse@2fcaa91d]
2026-04-26 08:26:37.877    DEBUG org.springframework.web.servlet.DispatcherServlet - Completed 200 OK
2026-04-26 08:26:37.884    DEBUG org.springframework.web.servlet.DispatcherServlet - GET "/api/v1/chat/getPopularity?roomId=1", parameters={masked}
2026-04-26 08:26:37.884    DEBUG org.springframework.web.servlet.DispatcherServlet - GET "/api/v1/chat/getPopularity?roomId=2", parameters={masked}
2026-04-26 08:26:37.885    DEBUG org.springframework.web.servlet.mvc.method.annotation.RequestMappingHandlerMapping - Mapped to cn.imhtb.live.modules.server.netty.web.ChatController#getPopularity(Integer)
2026-04-26 08:26:37.885    DEBUG org.springframework.web.servlet.mvc.method.annotation.RequestMappingHandlerMapping - Mapped to cn.imhtb.live.modules.server.netty.web.ChatController#getPopularity(Integer)
2026-04-26 08:26:37.885    DEBUG org.springframework.web.servlet.mvc.method.annotation.RequestResponseBodyMethodProcessor - Using 'application/json', given [application/json, text/plain, */*] and supported [application/json, application/*+json, application/json, application/*+json]
2026-04-26 08:26:37.885    DEBUG org.springframework.web.servlet.mvc.method.annotation.RequestResponseBodyMethodProcessor - Writing [cn.imhtb.live.common.ApiResponse@deeca73]
2026-04-26 08:26:37.885    DEBUG org.springframework.web.servlet.mvc.method.annotation.RequestResponseBodyMethodProcessor - Using 'application/json', given [application/json, text/plain, */*] and supported [application/json, application/*+json, application/json, application/*+json]
2026-04-26 08:26:37.886    DEBUG org.springframework.web.servlet.DispatcherServlet - Completed 200 OK
2026-04-26 08:26:37.886    DEBUG org.springframework.web.servlet.mvc.method.annotation.RequestResponseBodyMethodProcessor - Writing [cn.imhtb.live.common.ApiResponse@4b83f36d]
2026-04-26 08:26:37.886    DEBUG org.springframework.web.servlet.DispatcherServlet - Completed 200 OK
2026-04-26 08:26:40.005    DEBUG org.springframework.web.servlet.DispatcherServlet - GET "/api/v1/chat/getPopularity?roomId=1", parameters={masked}
2026-04-26 08:26:40.005    DEBUG org.springframework.web.servlet.DispatcherServlet - GET "/api/v1/chat/getPopularity?roomId=2", parameters={masked}
2026-04-26 08:26:40.015    DEBUG org.springframework.web.servlet.mvc.method.annotation.RequestMappingHandlerMapping - Mapped to cn.imhtb.live.modules.server.netty.web.ChatController#getPopularity(Integer)
2026-04-26 08:26:40.015    DEBUG org.springframework.web.servlet.mvc.method.annotation.RequestMappingHandlerMapping - Mapped to cn.imhtb.live.modules.server.netty.web.ChatController#getPopularity(Integer)
2026-04-26 08:26:40.016    DEBUG org.springframework.web.servlet.mvc.method.annotation.RequestResponseBodyMethodProcessor - Using 'application/json', given [application/json, text/plain, */*] and supported [application/json, application/*+json, application/json, application/*+json]
2026-04-26 08:26:40.016    DEBUG org.springframework.web.servlet.mvc.method.annotation.RequestResponseBodyMethodProcessor - Using 'application/json', given [application/json, text/plain, */*] and supported [application/json, application/*+json, application/json, application/*+json]
2026-04-26 08:26:40.016    DEBUG org.springframework.web.servlet.mvc.method.annotation.RequestResponseBodyMethodProcessor - Writing [cn.imhtb.live.common.ApiResponse@799ac1b9]
2026-04-26 08:26:40.017    DEBUG org.springframework.web.servlet.mvc.method.annotation.RequestResponseBodyMethodProcessor - Writing [cn.imhtb.live.common.ApiResponse@21fb8bd]
2026-04-26 08:26:40.018    DEBUG org.springframework.web.servlet.DispatcherServlet - Completed 200 OK
2026-04-26 08:26:40.018    DEBUG org.springframework.web.servlet.DispatcherServlet - Completed 200 OK
2026-04-26 08:26:40.026    DEBUG org.springframework.web.servlet.DispatcherServlet - GET "/api/v1/chat/getPopularity?roomId=2", parameters={masked}
2026-04-26 08:26:40.026    DEBUG org.springframework.web.servlet.DispatcherServlet - GET "/api/v1/chat/getPopularity?roomId=1", parameters={masked}
2026-04-26 08:26:40.027    DEBUG org.springframework.web.servlet.mvc.method.annotation.RequestMappingHandlerMapping - Mapped to cn.imhtb.live.modules.server.netty.web.ChatController#getPopularity(Integer)
2026-04-26 08:26:40.027    DEBUG org.springframework.web.servlet.mvc.method.annotation.RequestMappingHandlerMapping - Mapped to cn.imhtb.live.modules.server.netty.web.ChatController#getPopularity(Integer)
2026-04-26 08:26:40.028    DEBUG org.springframework.web.servlet.mvc.method.annotation.RequestResponseBodyMethodProcessor - Using 'application/json', given [application/json, text/plain, */*] and supported [application/json, application/*+json, application/json, application/*+json]
2026-04-26 08:26:40.028    DEBUG org.springframework.web.servlet.mvc.method.annotation.RequestResponseBodyMethodProcessor - Using 'application/json', given [application/json, text/plain, */*] and supported [application/json, application/*+json, application/json, application/*+json]
2026-04-26 08:26:40.028    DEBUG org.springframework.web.servlet.mvc.method.annotation.RequestResponseBodyMethodProcessor - Writing [cn.imhtb.live.common.ApiResponse@75f14a38]
2026-04-26 08:26:40.029    DEBUG org.springframework.web.servlet.mvc.method.annotation.RequestResponseBodyMethodProcessor - Writing [cn.imhtb.live.common.ApiResponse@362911]
2026-04-26 08:26:40.029    DEBUG org.springframework.web.servlet.DispatcherServlet - Completed 200 OK
2026-04-26 08:26:40.030    DEBUG org.springframework.web.servlet.DispatcherServlet - Completed 200 OK
2026-04-26 08:26:51.874    DEBUG org.springframework.web.servlet.DispatcherServlet - GET "/api/v1/chat/getPopularity?roomId=2", parameters={masked}
2026-04-26 08:26:51.874    DEBUG org.springframework.web.servlet.DispatcherServlet - GET "/api/v1/chat/getPopularity?roomId=1", parameters={masked}
2026-04-26 08:26:51.874    DEBUG org.springframework.web.servlet.mvc.method.annotation.RequestMappingHandlerMapping - Mapped to cn.imhtb.live.modules.server.netty.web.ChatController#getPopularity(Integer)
2026-04-26 08:26:51.874    DEBUG org.springframework.web.servlet.mvc.method.annotation.RequestMappingHandlerMapping - Mapped to cn.imhtb.live.modules.server.netty.web.ChatController#getPopularity(Integer)
2026-04-26 08:26:51.875    DEBUG org.springframework.web.servlet.mvc.method.annotation.RequestResponseBodyMethodProcessor - Using 'application/json', given [application/json, text/plain, */*] and supported [application/json, application/*+json, application/json, application/*+json]
2026-04-26 08:26:51.875    DEBUG org.springframework.web.servlet.mvc.method.annotation.RequestResponseBodyMethodProcessor - Using 'application/json', given [application/json, text/plain, */*] and supported [application/json, application/*+json, application/json, application/*+json]
2026-04-26 08:26:51.875    DEBUG org.springframework.web.servlet.mvc.method.annotation.RequestResponseBodyMethodProcessor - Writing [cn.imhtb.live.common.ApiResponse@38df8815]
2026-04-26 08:26:51.876    DEBUG org.springframework.web.servlet.mvc.method.annotation.RequestResponseBodyMethodProcessor - Writing [cn.imhtb.live.common.ApiResponse@5f9e4d02]
2026-04-26 08:26:51.876    DEBUG org.springframework.web.servlet.DispatcherServlet - Completed 200 OK
2026-04-26 08:26:51.876    DEBUG org.springframework.web.servlet.DispatcherServlet - Completed 200 OK
2026-04-26 08:26:51.885    DEBUG org.springframework.web.servlet.DispatcherServlet - GET "/api/v1/chat/getPopularity?roomId=2", parameters={masked}
2026-04-26 08:26:51.885    DEBUG org.springframework.web.servlet.DispatcherServlet - GET "/api/v1/chat/getPopularity?roomId=1", parameters={masked}
2026-04-26 08:26:51.885    DEBUG org.springframework.web.servlet.mvc.method.annotation.RequestMappingHandlerMapping - Mapped to cn.imhtb.live.modules.server.netty.web.ChatController#getPopularity(Integer)
2026-04-26 08:26:51.885    DEBUG org.springframework.web.servlet.mvc.method.annotation.RequestMappingHandlerMapping - Mapped to cn.imhtb.live.modules.server.netty.web.ChatController#getPopularity(Integer)
2026-04-26 08:26:51.886    DEBUG org.springframework.web.servlet.mvc.method.annotation.RequestResponseBodyMethodProcessor - Using 'application/json', given [application/json, text/plain, */*] and supported [application/json, application/*+json, application/json, application/*+json]
2026-04-26 08:26:51.886    DEBUG org.springframework.web.servlet.mvc.method.annotation.RequestResponseBodyMethodProcessor - Using 'application/json', given [application/json, text/plain, */*] and supported [application/json, application/*+json, application/json, application/*+json]
2026-04-26 08:26:51.886    DEBUG org.springframework.web.servlet.mvc.method.annotation.RequestResponseBodyMethodProcessor - Writing [cn.imhtb.live.common.ApiResponse@5c5eae67]
2026-04-26 08:26:51.886    DEBUG org.springframework.web.servlet.mvc.method.annotation.RequestResponseBodyMethodProcessor - Writing [cn.imhtb.live.common.ApiResponse@3a9f73d2]
2026-04-26 08:26:51.886    DEBUG org.springframework.web.servlet.DispatcherServlet - Completed 200 OK
2026-04-26 08:26:51.887    DEBUG org.springframework.web.servlet.DispatcherServlet - Completed 200 OK
2026-04-26 08:27:03.876    DEBUG org.springframework.web.servlet.DispatcherServlet - GET "/api/v1/chat/getPopularity?roomId=1", parameters={masked}
2026-04-26 08:27:03.876    DEBUG org.springframework.web.servlet.mvc.method.annotation.RequestMappingHandlerMapping - Mapped to cn.imhtb.live.modules.server.netty.web.ChatController#getPopularity(Integer)
2026-04-26 08:27:03.881    DEBUG org.springframework.web.servlet.mvc.method.annotation.RequestResponseBodyMethodProcessor - Using 'application/json', given [application/json, text/plain, */*] and supported [application/json, application/*+json, application/json, application/*+json]
2026-04-26 08:27:03.881    DEBUG org.springframework.web.servlet.mvc.method.annotation.RequestResponseBodyMethodProcessor - Writing [cn.imhtb.live.common.ApiResponse@28e3ed72]
2026-04-26 08:27:03.882    DEBUG org.springframework.web.servlet.DispatcherServlet - Completed 200 OK
2026-04-26 08:27:03.883    DEBUG org.springframework.web.servlet.DispatcherServlet - GET "/api/v1/chat/getPopularity?roomId=2", parameters={masked}
2026-04-26 08:27:03.883    DEBUG org.springframework.web.servlet.mvc.method.annotation.RequestMappingHandlerMapping - Mapped to cn.imhtb.live.modules.server.netty.web.ChatController#getPopularity(Integer)
2026-04-26 08:27:03.883    DEBUG org.springframework.web.servlet.mvc.method.annotation.RequestResponseBodyMethodProcessor - Using 'application/json', given [application/json, text/plain, */*] and supported [application/json, application/*+json, application/json, application/*+json]
2026-04-26 08:27:03.883    DEBUG org.springframework.web.servlet.mvc.method.annotation.RequestResponseBodyMethodProcessor - Writing [cn.imhtb.live.common.ApiResponse@5c0fb8b6]
2026-04-26 08:27:03.885    DEBUG org.springframework.web.servlet.DispatcherServlet - Completed 200 OK
2026-04-26 08:27:03.887    DEBUG org.springframework.web.servlet.DispatcherServlet - GET "/api/v1/chat/getPopularity?roomId=1", parameters={masked}
2026-04-26 08:27:03.888    DEBUG org.springframework.web.servlet.mvc.method.annotation.RequestMappingHandlerMapping - Mapped to cn.imhtb.live.modules.server.netty.web.ChatController#getPopularity(Integer)
2026-04-26 08:27:03.888    DEBUG org.springframework.web.servlet.mvc.method.annotation.RequestResponseBodyMethodProcessor - Using 'application/json', given [application/json, text/plain, */*] and supported [application/json, application/*+json, application/json, application/*+json]
2026-04-26 08:27:03.888    DEBUG org.springframework.web.servlet.mvc.method.annotation.RequestResponseBodyMethodProcessor - Writing [cn.imhtb.live.common.ApiResponse@5cb5f392]
2026-04-26 08:27:03.889    DEBUG org.springframework.web.servlet.DispatcherServlet - Completed 200 OK
2026-04-26 08:27:03.891    DEBUG org.springframework.web.servlet.DispatcherServlet - GET "/api/v1/chat/getPopularity?roomId=2", parameters={masked}
2026-04-26 08:27:03.891    DEBUG org.springframework.web.servlet.mvc.method.annotation.RequestMappingHandlerMapping - Mapped to cn.imhtb.live.modules.server.netty.web.ChatController#getPopularity(Integer)
2026-04-26 08:27:03.892    DEBUG org.springframework.web.servlet.mvc.method.annotation.RequestResponseBodyMethodProcessor - Using 'application/json', given [application/json, text/plain, */*] and supported [application/json, application/*+json, application/json, application/*+json]
2026-04-26 08:27:03.892    DEBUG org.springframework.web.servlet.mvc.method.annotation.RequestResponseBodyMethodProcessor - Writing [cn.imhtb.live.common.ApiResponse@3e02a7db]
2026-04-26 08:27:03.892    DEBUG org.springframework.web.servlet.DispatcherServlet - Completed 200 OK
2026-04-26 08:27:15.876    DEBUG org.springframework.web.servlet.DispatcherServlet - GET "/api/v1/chat/getPopularity?roomId=1", parameters={masked}
2026-04-26 08:27:15.882    DEBUG org.springframework.web.servlet.DispatcherServlet - GET "/api/v1/chat/getPopularity?roomId=2", parameters={masked}
2026-04-26 08:27:15.886    DEBUG org.springframework.web.servlet.mvc.method.annotation.RequestMappingHandlerMapping - Mapped to cn.imhtb.live.modules.server.netty.web.ChatController#getPopularity(Integer)
2026-04-26 08:27:15.886    DEBUG org.springframework.web.servlet.mvc.method.annotation.RequestMappingHandlerMapping - Mapped to cn.imhtb.live.modules.server.netty.web.ChatController#getPopularity(Integer)
2026-04-26 08:27:15.886    DEBUG org.springframework.web.servlet.mvc.method.annotation.RequestResponseBodyMethodProcessor - Using 'application/json', given [application/json, text/plain, */*] and supported [application/json, application/*+json, application/json, application/*+json]
2026-04-26 08:27:15.886    DEBUG org.springframework.web.servlet.mvc.method.annotation.RequestResponseBodyMethodProcessor - Writing [cn.imhtb.live.common.ApiResponse@40270fe9]
2026-04-26 08:27:15.886    DEBUG org.springframework.web.servlet.mvc.method.annotation.RequestResponseBodyMethodProcessor - Using 'application/json', given [application/json, text/plain, */*] and supported [application/json, application/*+json, application/json, application/*+json]
2026-04-26 08:27:15.887    DEBUG org.springframework.web.servlet.DispatcherServlet - Completed 200 OK
2026-04-26 08:27:15.887    DEBUG org.springframework.web.servlet.mvc.method.annotation.RequestResponseBodyMethodProcessor - Writing [cn.imhtb.live.common.ApiResponse@309b8b6e]
2026-04-26 08:27:15.888    DEBUG org.springframework.web.servlet.DispatcherServlet - Completed 200 OK
2026-04-26 08:27:15.895    DEBUG org.springframework.web.servlet.DispatcherServlet - GET "/api/v1/chat/getPopularity?roomId=1", parameters={masked}
2026-04-26 08:27:15.896    DEBUG org.springframework.web.servlet.mvc.method.annotation.RequestMappingHandlerMapping - Mapped to cn.imhtb.live.modules.server.netty.web.ChatController#getPopularity(Integer)
2026-04-26 08:27:15.896    DEBUG org.springframework.web.servlet.DispatcherServlet - GET "/api/v1/chat/getPopularity?roomId=2", parameters={masked}
2026-04-26 08:27:15.896    DEBUG org.springframework.web.servlet.mvc.method.annotation.RequestResponseBodyMethodProcessor - Using 'application/json', given [application/json, text/plain, */*] and supported [application/json, application/*+json, application/json, application/*+json]
2026-04-26 08:27:15.896    DEBUG org.springframework.web.servlet.mvc.method.annotation.RequestMappingHandlerMapping - Mapped to cn.imhtb.live.modules.server.netty.web.ChatController#getPopularity(Integer)
2026-04-26 08:27:15.896    DEBUG org.springframework.web.servlet.mvc.method.annotation.RequestResponseBodyMethodProcessor - Writing [cn.imhtb.live.common.ApiResponse@325449e9]
2026-04-26 08:27:15.897    DEBUG org.springframework.web.servlet.mvc.method.annotation.RequestResponseBodyMethodProcessor - Using 'application/json', given [application/json, text/plain, */*] and supported [application/json, application/*+json, application/json, application/*+json]
2026-04-26 08:27:15.897    DEBUG org.springframework.web.servlet.mvc.method.annotation.RequestResponseBodyMethodProcessor - Writing [cn.imhtb.live.common.ApiResponse@17c31afb]
2026-04-26 08:27:15.897    DEBUG org.springframework.web.servlet.DispatcherServlet - Completed 200 OK
2026-04-26 08:27:15.897    DEBUG org.springframework.web.servlet.DispatcherServlet - Completed 200 OK
2026-04-26 08:27:27.889    DEBUG org.springframework.web.servlet.DispatcherServlet - GET "/api/v1/chat/getPopularity?roomId=1", parameters={masked}
2026-04-26 08:27:27.892    DEBUG org.springframework.web.servlet.DispatcherServlet - GET "/api/v1/chat/getPopularity?roomId=2", parameters={masked}
2026-04-26 08:27:27.900    DEBUG org.springframework.web.servlet.mvc.method.annotation.RequestMappingHandlerMapping - Mapped to cn.imhtb.live.modules.server.netty.web.ChatController#getPopularity(Integer)
2026-04-26 08:27:27.900    DEBUG org.springframework.web.servlet.mvc.method.annotation.RequestMappingHandlerMapping - Mapped to cn.imhtb.live.modules.server.netty.web.ChatController#getPopularity(Integer)
2026-04-26 08:27:27.901    DEBUG org.springframework.web.servlet.mvc.method.annotation.RequestResponseBodyMethodProcessor - Using 'application/json', given [application/json, text/plain, */*] and supported [application/json, application/*+json, application/json, application/*+json]
2026-04-26 08:27:27.901    DEBUG org.springframework.web.servlet.mvc.method.annotation.RequestResponseBodyMethodProcessor - Using 'application/json', given [application/json, text/plain, */*] and supported [application/json, application/*+json, application/json, application/*+json]
2026-04-26 08:27:27.901    DEBUG org.springframework.web.servlet.mvc.method.annotation.RequestResponseBodyMethodProcessor - Writing [cn.imhtb.live.common.ApiResponse@7155b18]
2026-04-26 08:27:27.901    DEBUG org.springframework.web.servlet.mvc.method.annotation.RequestResponseBodyMethodProcessor - Writing [cn.imhtb.live.common.ApiResponse@42f5ae2]
2026-04-26 08:27:27.902    DEBUG org.springframework.web.servlet.DispatcherServlet - Completed 200 OK
2026-04-26 08:27:27.902    DEBUG org.springframework.web.servlet.DispatcherServlet - Completed 200 OK
2026-04-26 08:27:27.908    DEBUG org.springframework.web.servlet.DispatcherServlet - GET "/api/v1/chat/getPopularity?roomId=2", parameters={masked}
2026-04-26 08:27:27.908    DEBUG org.springframework.web.servlet.mvc.method.annotation.RequestMappingHandlerMapping - Mapped to cn.imhtb.live.modules.server.netty.web.ChatController#getPopularity(Integer)
2026-04-26 08:27:27.909    DEBUG org.springframework.web.servlet.DispatcherServlet - GET "/api/v1/chat/getPopularity?roomId=1", parameters={masked}
2026-04-26 08:27:27.909    DEBUG org.springframework.web.servlet.mvc.method.annotation.RequestMappingHandlerMapping - Mapped to cn.imhtb.live.modules.server.netty.web.ChatController#getPopularity(Integer)
2026-04-26 08:27:27.909    DEBUG org.springframework.web.servlet.mvc.method.annotation.RequestResponseBodyMethodProcessor - Using 'application/json', given [application/json, text/plain, */*] and supported [application/json, application/*+json, application/json, application/*+json]
2026-04-26 08:27:27.909    DEBUG org.springframework.web.servlet.mvc.method.annotation.RequestResponseBodyMethodProcessor - Writing [cn.imhtb.live.common.ApiResponse@2c5a8def]
2026-04-26 08:27:27.909    DEBUG org.springframework.web.servlet.mvc.method.annotation.RequestResponseBodyMethodProcessor - Using 'application/json', given [application/json, text/plain, */*] and supported [application/json, application/*+json, application/json, application/*+json]
2026-04-26 08:27:27.910    DEBUG org.springframework.web.servlet.mvc.method.annotation.RequestResponseBodyMethodProcessor - Writing [cn.imhtb.live.common.ApiResponse@7eee4e27]
2026-04-26 08:27:27.910    DEBUG org.springframework.web.servlet.DispatcherServlet - Completed 200 OK
2026-04-26 08:27:27.910    DEBUG org.springframework.web.servlet.DispatcherServlet - Completed 200 OK
2026-04-26 08:27:39.876    DEBUG org.springframework.web.servlet.DispatcherServlet - GET "/api/v1/chat/getPopularity?roomId=1", parameters={masked}
2026-04-26 08:27:39.878    DEBUG org.springframework.web.servlet.DispatcherServlet - GET "/api/v1/chat/getPopularity?roomId=2", parameters={masked}
2026-04-26 08:27:39.887    DEBUG org.springframework.web.servlet.mvc.method.annotation.RequestMappingHandlerMapping - Mapped to cn.imhtb.live.modules.server.netty.web.ChatController#getPopularity(Integer)
2026-04-26 08:27:39.886    DEBUG org.springframework.web.servlet.mvc.method.annotation.RequestMappingHandlerMapping - Mapped to cn.imhtb.live.modules.server.netty.web.ChatController#getPopularity(Integer)
2026-04-26 08:27:39.887    DEBUG org.springframework.web.servlet.mvc.method.annotation.RequestResponseBodyMethodProcessor - Using 'application/json', given [application/json, text/plain, */*] and supported [application/json, application/*+json, application/json, application/*+json]
2026-04-26 08:27:39.887    DEBUG org.springframework.web.servlet.mvc.method.annotation.RequestResponseBodyMethodProcessor - Writing [cn.imhtb.live.common.ApiResponse@679cc837]
2026-04-26 08:27:39.887    DEBUG org.springframework.web.servlet.mvc.method.annotation.RequestResponseBodyMethodProcessor - Using 'application/json', given [application/json, text/plain, */*] and supported [application/json, application/*+json, application/json, application/*+json]
2026-04-26 08:27:39.887    DEBUG org.springframework.web.servlet.mvc.method.annotation.RequestResponseBodyMethodProcessor - Writing [cn.imhtb.live.common.ApiResponse@42895a92]
2026-04-26 08:27:39.887    DEBUG org.springframework.web.servlet.DispatcherServlet - Completed 200 OK
2026-04-26 08:27:39.887    DEBUG org.springframework.web.servlet.DispatcherServlet - Completed 200 OK
2026-04-26 08:27:39.894    DEBUG org.springframework.web.servlet.DispatcherServlet - GET "/api/v1/chat/getPopularity?roomId=2", parameters={masked}
2026-04-26 08:27:39.894    DEBUG org.springframework.web.servlet.DispatcherServlet - GET "/api/v1/chat/getPopularity?roomId=1", parameters={masked}
2026-04-26 08:27:39.894    DEBUG org.springframework.web.servlet.mvc.method.annotation.RequestMappingHandlerMapping - Mapped to cn.imhtb.live.modules.server.netty.web.ChatController#getPopularity(Integer)
2026-04-26 08:27:39.894    DEBUG org.springframework.web.servlet.mvc.method.annotation.RequestMappingHandlerMapping - Mapped to cn.imhtb.live.modules.server.netty.web.ChatController#getPopularity(Integer)
2026-04-26 08:27:39.895    DEBUG org.springframework.web.servlet.mvc.method.annotation.RequestResponseBodyMethodProcessor - Using 'application/json', given [application/json, text/plain, */*] and supported [application/json, application/*+json, application/json, application/*+json]
2026-04-26 08:27:39.895    DEBUG org.springframework.web.servlet.mvc.method.annotation.RequestResponseBodyMethodProcessor - Writing [cn.imhtb.live.common.ApiResponse@5f0dd3f4]
2026-04-26 08:27:39.895    DEBUG org.springframework.web.servlet.mvc.method.annotation.RequestResponseBodyMethodProcessor - Using 'application/json', given [application/json, text/plain, */*] and supported [application/json, application/*+json, application/json, application/*+json]
2026-04-26 08:27:39.895    DEBUG org.springframework.web.servlet.DispatcherServlet - Completed 200 OK
2026-04-26 08:27:39.895    DEBUG org.springframework.web.servlet.mvc.method.annotation.RequestResponseBodyMethodProcessor - Writing [cn.imhtb.live.common.ApiResponse@5c99667f]
2026-04-26 08:27:39.896    DEBUG org.springframework.web.servlet.DispatcherServlet - Completed 200 OK
2026-04-26 08:28:02.617    DEBUG org.springframework.web.servlet.DispatcherServlet - GET "/api/v1/chat/getPopularity?roomId=1", parameters={masked}
2026-04-26 08:28:02.617    DEBUG org.springframework.web.servlet.DispatcherServlet - GET "/api/v1/chat/getPopularity?roomId=2", parameters={masked}
2026-04-26 08:28:02.618    DEBUG org.springframework.web.servlet.mvc.method.annotation.RequestMappingHandlerMapping - Mapped to cn.imhtb.live.modules.server.netty.web.ChatController#getPopularity(Integer)
2026-04-26 08:28:02.618    DEBUG org.springframework.web.servlet.mvc.method.annotation.RequestMappingHandlerMapping - Mapped to cn.imhtb.live.modules.server.netty.web.ChatController#getPopularity(Integer)
2026-04-26 08:28:02.620    DEBUG org.springframework.web.servlet.mvc.method.annotation.RequestResponseBodyMethodProcessor - Using 'application/json', given [application/json, text/plain, */*] and supported [application/json, application/*+json, application/json, application/*+json]
2026-04-26 08:28:02.620    DEBUG org.springframework.web.servlet.mvc.method.annotation.RequestResponseBodyMethodProcessor - Using 'application/json', given [application/json, text/plain, */*] and supported [application/json, application/*+json, application/json, application/*+json]
2026-04-26 08:28:02.621    DEBUG org.springframework.web.servlet.mvc.method.annotation.RequestResponseBodyMethodProcessor - Writing [cn.imhtb.live.common.ApiResponse@4a3ad268]
2026-04-26 08:28:02.621    DEBUG org.springframework.web.servlet.mvc.method.annotation.RequestResponseBodyMethodProcessor - Writing [cn.imhtb.live.common.ApiResponse@70350372]
2026-04-26 08:28:02.621    DEBUG org.springframework.web.servlet.DispatcherServlet - Completed 200 OK
2026-04-26 08:28:02.621    DEBUG org.springframework.web.servlet.DispatcherServlet - Completed 200 OK
2026-04-26 08:28:02.640    DEBUG org.springframework.web.servlet.DispatcherServlet - GET "/api/v1/chat/getPopularity?roomId=2", parameters={masked}
2026-04-26 08:28:02.640    DEBUG org.springframework.web.servlet.DispatcherServlet - GET "/api/v1/chat/getPopularity?roomId=1", parameters={masked}
2026-04-26 08:28:02.642    DEBUG org.springframework.web.servlet.mvc.method.annotation.RequestMappingHandlerMapping - Mapped to cn.imhtb.live.modules.server.netty.web.ChatController#getPopularity(Integer)
2026-04-26 08:28:02.642    DEBUG org.springframework.web.servlet.mvc.method.annotation.RequestMappingHandlerMapping - Mapped to cn.imhtb.live.modules.server.netty.web.ChatController#getPopularity(Integer)
2026-04-26 08:28:02.643    DEBUG org.springframework.web.servlet.mvc.method.annotation.RequestResponseBodyMethodProcessor - Using 'application/json', given [application/json, text/plain, */*] and supported [application/json, application/*+json, application/json, application/*+json]
2026-04-26 08:28:02.644    DEBUG org.springframework.web.servlet.mvc.method.annotation.RequestResponseBodyMethodProcessor - Writing [cn.imhtb.live.common.ApiResponse@4481f109]
2026-04-26 08:28:02.644    DEBUG org.springframework.web.servlet.mvc.method.annotation.RequestResponseBodyMethodProcessor - Using 'application/json', given [application/json, text/plain, */*] and supported [application/json, application/*+json, application/json, application/*+json]
2026-04-26 08:28:02.645    DEBUG org.springframework.web.servlet.mvc.method.annotation.RequestResponseBodyMethodProcessor - Writing [cn.imhtb.live.common.ApiResponse@4c377f5]
2026-04-26 08:28:02.646    DEBUG org.springframework.web.servlet.DispatcherServlet - Completed 200 OK
2026-04-26 08:28:02.649    DEBUG org.springframework.web.servlet.DispatcherServlet - Completed 200 OK
2026-04-26 08:28:06.069    DEBUG org.springframework.web.servlet.DispatcherServlet - GET "/api/v1/room/setting/info", parameters={}
2026-04-26 08:28:06.069    DEBUG org.springframework.web.servlet.DispatcherServlet - GET "/api/v1/live/getLiveStatus", parameters={}
2026-04-26 08:28:06.070    DEBUG org.springframework.web.servlet.mvc.method.annotation.RequestMappingHandlerMapping - Mapped to cn.imhtb.live.modules.live.controller.RoomController#settingInfo(HttpServletRequest)
2026-04-26 08:28:06.070    DEBUG org.springframework.web.servlet.mvc.method.annotation.RequestMappingHandlerMapping - Mapped to cn.imhtb.live.modules.live.controller.AntLiveController#getLiveStatus()
2026-04-26 08:28:06.073    DEBUG org.springframework.web.servlet.mvc.method.annotation.RequestResponseBodyMethodProcessor - Using 'application/json', given [application/json, text/plain, */*] and supported [application/json, application/*+json, application/json, application/*+json]
2026-04-26 08:28:06.073    DEBUG org.springframework.web.servlet.mvc.method.annotation.RequestResponseBodyMethodProcessor - Using 'application/json', given [application/json, text/plain, */*] and supported [application/json, application/*+json, application/json, application/*+json]
2026-04-26 08:28:06.073    DEBUG org.springframework.web.servlet.mvc.method.annotation.RequestResponseBodyMethodProcessor - Writing [cn.imhtb.live.common.ApiResponse@5aa45587]
2026-04-26 08:28:06.073    DEBUG org.springframework.web.servlet.mvc.method.annotation.RequestResponseBodyMethodProcessor - Writing [cn.imhtb.live.common.ApiResponse@6938762]
2026-04-26 08:28:06.074    DEBUG org.springframework.web.servlet.DispatcherServlet - Completed 200 OK
2026-04-26 08:28:06.074    DEBUG org.springframework.web.servlet.DispatcherServlet - Completed 200 OK
2026-04-26 08:28:08.444    DEBUG org.springframework.web.servlet.DispatcherServlet - GET "/api/v1/wallet/getBalance", parameters={}
2026-04-26 08:28:08.444    DEBUG org.springframework.web.servlet.DispatcherServlet - GET "/api/v1/wallet/listRecentWalletLogs", parameters={}
2026-04-26 08:28:08.445    DEBUG org.springframework.web.servlet.mvc.method.annotation.RequestMappingHandlerMapping - Mapped to cn.imhtb.live.modules.wallet.controller.WalletController#getBalance()
2026-04-26 08:28:08.445    DEBUG org.springframework.web.servlet.mvc.method.annotation.RequestMappingHandlerMapping - Mapped to cn.imhtb.live.modules.wallet.controller.WalletController#listRecentWalletLogs()
2026-04-26 08:28:08.445    DEBUG org.springframework.jdbc.core.JdbcTemplate - Executing prepared SQL query
2026-04-26 08:28:08.446    DEBUG org.springframework.jdbc.core.JdbcTemplate - Executing prepared SQL statement [SELECT COUNT(*) FROM information_schema.TABLES WHERE TABLE_SCHEMA = DATABASE() AND TABLE_NAME = ?]
2026-04-26 08:28:08.446    DEBUG org.springframework.jdbc.core.JdbcTemplate - Executing prepared SQL query
2026-04-26 08:28:08.446    DEBUG org.springframework.jdbc.core.JdbcTemplate - Executing prepared SQL statement [SELECT COUNT(*) FROM information_schema.TABLES WHERE TABLE_SCHEMA = DATABASE() AND TABLE_NAME = ?]
2026-04-26 08:28:08.448    DEBUG org.springframework.jdbc.core.JdbcTemplate - Executing prepared SQL query
2026-04-26 08:28:08.449    DEBUG org.springframework.jdbc.core.JdbcTemplate - Executing prepared SQL statement [SELECT COUNT(*) FROM information_schema.TABLES WHERE TABLE_SCHEMA = DATABASE() AND TABLE_NAME = ?]
2026-04-26 08:28:08.449    DEBUG org.springframework.web.servlet.mvc.method.annotation.RequestResponseBodyMethodProcessor - Using 'application/json', given [application/json, text/plain, */*] and supported [application/json, application/*+json, application/json, application/*+json]
2026-04-26 08:28:08.451    DEBUG org.springframework.web.servlet.mvc.method.annotation.RequestResponseBodyMethodProcessor - Writing [cn.imhtb.live.common.ApiResponse@195616e9]
2026-04-26 08:28:08.451    DEBUG org.springframework.web.servlet.DispatcherServlet - Completed 200 OK
2026-04-26 08:28:08.458    DEBUG org.springframework.web.servlet.mvc.method.annotation.RequestResponseBodyMethodProcessor - Using 'application/json', given [application/json, text/plain, */*] and supported [application/json, application/*+json, application/json, application/*+json]
2026-04-26 08:28:08.458    DEBUG org.springframework.web.servlet.mvc.method.annotation.RequestResponseBodyMethodProcessor - Writing [cn.imhtb.live.common.ApiResponse@de3ffbc]
2026-04-26 08:28:08.459    DEBUG org.springframework.web.servlet.DispatcherServlet - Completed 200 OK
2026-04-26 08:28:15.178    DEBUG org.springframework.web.servlet.DispatcherServlet - GET "/api/v1/wallet/listRecentWalletLogs", parameters={}
2026-04-26 08:28:15.179    DEBUG org.springframework.web.servlet.DispatcherServlet - GET "/api/v1/wallet/getBalance", parameters={}
2026-04-26 08:28:15.179    DEBUG org.springframework.web.servlet.mvc.method.annotation.RequestMappingHandlerMapping - Mapped to cn.imhtb.live.modules.wallet.controller.WalletController#listRecentWalletLogs()
2026-04-26 08:28:15.179    DEBUG org.springframework.jdbc.core.JdbcTemplate - Executing prepared SQL query
2026-04-26 08:28:15.180    DEBUG org.springframework.jdbc.core.JdbcTemplate - Executing prepared SQL statement [SELECT COUNT(*) FROM information_schema.TABLES WHERE TABLE_SCHEMA = DATABASE() AND TABLE_NAME = ?]
2026-04-26 08:28:15.179    DEBUG org.springframework.web.servlet.mvc.method.annotation.RequestMappingHandlerMapping - Mapped to cn.imhtb.live.modules.wallet.controller.WalletController#getBalance()
2026-04-26 08:28:15.181    DEBUG org.springframework.jdbc.core.JdbcTemplate - Executing prepared SQL query
2026-04-26 08:28:15.181    DEBUG org.springframework.jdbc.core.JdbcTemplate - Executing prepared SQL statement [SELECT COUNT(*) FROM information_schema.TABLES WHERE TABLE_SCHEMA = DATABASE() AND TABLE_NAME = ?]
2026-04-26 08:28:15.186    DEBUG org.springframework.jdbc.core.JdbcTemplate - Executing prepared SQL query
2026-04-26 08:28:15.186    DEBUG org.springframework.jdbc.core.JdbcTemplate - Executing prepared SQL statement [SELECT COUNT(*) FROM information_schema.TABLES WHERE TABLE_SCHEMA = DATABASE() AND TABLE_NAME = ?]
2026-04-26 08:28:15.188    DEBUG org.springframework.web.servlet.mvc.method.annotation.RequestResponseBodyMethodProcessor - Using 'application/json', given [application/json, text/plain, */*] and supported [application/json, application/*+json, application/json, application/*+json]
2026-04-26 08:28:15.188    DEBUG org.springframework.web.servlet.mvc.method.annotation.RequestResponseBodyMethodProcessor - Writing [cn.imhtb.live.common.ApiResponse@3e7a5fc5]
2026-04-26 08:28:15.190    DEBUG org.springframework.web.servlet.DispatcherServlet - Completed 200 OK
2026-04-26 08:28:15.193    DEBUG org.springframework.web.servlet.mvc.method.annotation.RequestResponseBodyMethodProcessor - Using 'application/json', given [application/json, text/plain, */*] and supported [application/json, application/*+json, application/json, application/*+json]
2026-04-26 08:28:15.193    DEBUG org.springframework.web.servlet.mvc.method.annotation.RequestResponseBodyMethodProcessor - Writing [cn.imhtb.live.common.ApiResponse@5bc78b8a]
2026-04-26 08:28:15.194    DEBUG org.springframework.web.servlet.DispatcherServlet - Completed 200 OK
2026-04-26 08:29:15.633    DEBUG org.springframework.web.servlet.DispatcherServlet - GET "/api/v1/wallet/getBalance", parameters={}
2026-04-26 08:29:15.633    DEBUG org.springframework.web.servlet.DispatcherServlet - GET "/api/v1/wallet/listRecentWalletLogs", parameters={}
2026-04-26 08:29:15.643    DEBUG org.springframework.web.servlet.mvc.method.annotation.RequestMappingHandlerMapping - Mapped to cn.imhtb.live.modules.wallet.controller.WalletController#getBalance()
2026-04-26 08:29:15.643    DEBUG org.springframework.web.servlet.mvc.method.annotation.RequestMappingHandlerMapping - Mapped to cn.imhtb.live.modules.wallet.controller.WalletController#listRecentWalletLogs()
2026-04-26 08:29:15.644    DEBUG org.springframework.jdbc.core.JdbcTemplate - Executing prepared SQL query
2026-04-26 08:29:15.645    DEBUG org.springframework.jdbc.core.JdbcTemplate - Executing prepared SQL statement [SELECT COUNT(*) FROM information_schema.TABLES WHERE TABLE_SCHEMA = DATABASE() AND TABLE_NAME = ?]
2026-04-26 08:29:15.644    DEBUG org.springframework.jdbc.core.JdbcTemplate - Executing prepared SQL query
2026-04-26 08:29:15.645    DEBUG org.springframework.jdbc.core.JdbcTemplate - Executing prepared SQL statement [SELECT COUNT(*) FROM information_schema.TABLES WHERE TABLE_SCHEMA = DATABASE() AND TABLE_NAME = ?]
2026-04-26 08:29:15.647    DEBUG org.springframework.jdbc.core.JdbcTemplate - Executing prepared SQL query
2026-04-26 08:29:15.647    DEBUG org.springframework.web.servlet.mvc.method.annotation.RequestResponseBodyMethodProcessor - Using 'application/json', given [application/json, text/plain, */*] and supported [application/json, application/*+json, application/json, application/*+json]
2026-04-26 08:29:15.648    DEBUG org.springframework.jdbc.core.JdbcTemplate - Executing prepared SQL statement [SELECT COUNT(*) FROM information_schema.TABLES WHERE TABLE_SCHEMA = DATABASE() AND TABLE_NAME = ?]
2026-04-26 08:29:15.648    DEBUG org.springframework.web.servlet.mvc.method.annotation.RequestResponseBodyMethodProcessor - Writing [cn.imhtb.live.common.ApiResponse@30f34c72]
2026-04-26 08:29:15.649    DEBUG org.springframework.web.servlet.DispatcherServlet - Completed 200 OK
2026-04-26 08:29:15.654    DEBUG org.springframework.web.servlet.mvc.method.annotation.RequestResponseBodyMethodProcessor - Using 'application/json', given [application/json, text/plain, */*] and supported [application/json, application/*+json, application/json, application/*+json]
2026-04-26 08:29:15.655    DEBUG org.springframework.web.servlet.mvc.method.annotation.RequestResponseBodyMethodProcessor - Writing [cn.imhtb.live.common.ApiResponse@1ceb905e]
2026-04-26 08:29:15.655    DEBUG org.springframework.web.servlet.DispatcherServlet - Completed 200 OK
2026-04-26 08:29:15.662    DEBUG org.springframework.web.servlet.DispatcherServlet - GET "/api/v1/wallet/getBalance", parameters={}
2026-04-26 08:29:15.662    DEBUG org.springframework.web.servlet.mvc.method.annotation.RequestMappingHandlerMapping - Mapped to cn.imhtb.live.modules.wallet.controller.WalletController#getBalance()
2026-04-26 08:29:15.663    DEBUG org.springframework.jdbc.core.JdbcTemplate - Executing prepared SQL query
2026-04-26 08:29:15.663    DEBUG org.springframework.jdbc.core.JdbcTemplate - Executing prepared SQL statement [SELECT COUNT(*) FROM information_schema.TABLES WHERE TABLE_SCHEMA = DATABASE() AND TABLE_NAME = ?]
2026-04-26 08:29:15.665    DEBUG org.springframework.web.servlet.DispatcherServlet - GET "/api/v1/wallet/listRecentWalletLogs", parameters={}
2026-04-26 08:29:15.665    DEBUG org.springframework.web.servlet.mvc.method.annotation.RequestMappingHandlerMapping - Mapped to cn.imhtb.live.modules.wallet.controller.WalletController#listRecentWalletLogs()
2026-04-26 08:29:15.666    DEBUG org.springframework.web.servlet.mvc.method.annotation.RequestResponseBodyMethodProcessor - Using 'application/json', given [application/json, text/plain, */*] and supported [application/json, application/*+json, application/json, application/*+json]
2026-04-26 08:29:15.666    DEBUG org.springframework.jdbc.core.JdbcTemplate - Executing prepared SQL query
2026-04-26 08:29:15.667    DEBUG org.springframework.web.servlet.mvc.method.annotation.RequestResponseBodyMethodProcessor - Writing [cn.imhtb.live.common.ApiResponse@71e37997]
2026-04-26 08:29:15.668    DEBUG org.springframework.jdbc.core.JdbcTemplate - Executing prepared SQL statement [SELECT COUNT(*) FROM information_schema.TABLES WHERE TABLE_SCHEMA = DATABASE() AND TABLE_NAME = ?]
2026-04-26 08:29:15.668    DEBUG org.springframework.web.servlet.DispatcherServlet - Completed 200 OK
2026-04-26 08:29:15.670    DEBUG org.springframework.jdbc.core.JdbcTemplate - Executing prepared SQL query
2026-04-26 08:29:15.671    DEBUG org.springframework.jdbc.core.JdbcTemplate - Executing prepared SQL statement [SELECT COUNT(*) FROM information_schema.TABLES WHERE TABLE_SCHEMA = DATABASE() AND TABLE_NAME = ?]
2026-04-26 08:29:15.677    DEBUG org.springframework.web.servlet.mvc.method.annotation.RequestResponseBodyMethodProcessor - Using 'application/json', given [application/json, text/plain, */*] and supported [application/json, application/*+json, application/json, application/*+json]
2026-04-26 08:29:15.678    DEBUG org.springframework.web.servlet.mvc.method.annotation.RequestResponseBodyMethodProcessor - Writing [cn.imhtb.live.common.ApiResponse@200b689e]
2026-04-26 08:29:15.679    DEBUG org.springframework.web.servlet.DispatcherServlet - Completed 200 OK
2026-04-26 08:29:17.536    DEBUG org.springframework.web.servlet.DispatcherServlet - GET "/api/v1/live/getLiveStatus", parameters={}
2026-04-26 08:29:17.536    DEBUG org.springframework.web.servlet.DispatcherServlet - GET "/api/v1/room/setting/info", parameters={}
2026-04-26 08:29:17.536    DEBUG org.springframework.web.servlet.mvc.method.annotation.RequestMappingHandlerMapping - Mapped to cn.imhtb.live.modules.live.controller.AntLiveController#getLiveStatus()
2026-04-26 08:29:17.537    DEBUG org.springframework.web.servlet.mvc.method.annotation.RequestMappingHandlerMapping - Mapped to cn.imhtb.live.modules.live.controller.RoomController#settingInfo(HttpServletRequest)
2026-04-26 08:29:17.539    DEBUG org.springframework.web.servlet.mvc.method.annotation.RequestResponseBodyMethodProcessor - Using 'application/json', given [application/json, text/plain, */*] and supported [application/json, application/*+json, application/json, application/*+json]
2026-04-26 08:29:17.539    DEBUG org.springframework.web.servlet.mvc.method.annotation.RequestResponseBodyMethodProcessor - Using 'application/json', given [application/json, text/plain, */*] and supported [application/json, application/*+json, application/json, application/*+json]
2026-04-26 08:29:17.539    DEBUG org.springframework.web.servlet.mvc.method.annotation.RequestResponseBodyMethodProcessor - Writing [cn.imhtb.live.common.ApiResponse@2fdfa80e]
2026-04-26 08:29:17.539    DEBUG org.springframework.web.servlet.mvc.method.annotation.RequestResponseBodyMethodProcessor - Writing [cn.imhtb.live.common.ApiResponse@42c2c446]
2026-04-26 08:29:17.540    DEBUG org.springframework.web.servlet.DispatcherServlet - Completed 200 OK
2026-04-26 08:29:17.541    DEBUG org.springframework.web.servlet.DispatcherServlet - Completed 200 OK
2026-04-26 08:29:19.836    DEBUG org.springframework.web.servlet.DispatcherServlet - POST "/api/v1/live/applySecret", parameters={}
2026-04-26 08:29:19.837    DEBUG org.springframework.web.servlet.mvc.method.annotation.RequestMappingHandlerMapping - Mapped to cn.imhtb.live.modules.live.controller.AntLiveController#applySecret()
2026-04-26 08:29:19.855    DEBUG org.springframework.web.servlet.mvc.method.annotation.RequestResponseBodyMethodProcessor - Using 'application/json', given [application/json, text/plain, */*] and supported [application/json, application/*+json, application/json, application/*+json]
2026-04-26 08:29:19.856    DEBUG org.springframework.web.servlet.mvc.method.annotation.RequestResponseBodyMethodProcessor - Writing [cn.imhtb.live.common.ApiResponse@149c1804]
2026-04-26 08:29:19.857    DEBUG org.springframework.web.servlet.DispatcherServlet - Completed 200 OK
2026-04-26 08:29:19.867    DEBUG org.springframework.web.servlet.DispatcherServlet - GET "/api/v1/live/getLiveStatus", parameters={}
2026-04-26 08:29:19.867    DEBUG org.springframework.web.servlet.DispatcherServlet - GET "/api/v1/room/setting/info", parameters={}
2026-04-26 08:29:19.868    DEBUG org.springframework.web.servlet.mvc.method.annotation.RequestMappingHandlerMapping - Mapped to cn.imhtb.live.modules.live.controller.AntLiveController#getLiveStatus()
2026-04-26 08:29:19.868    DEBUG org.springframework.web.servlet.mvc.method.annotation.RequestMappingHandlerMapping - Mapped to cn.imhtb.live.modules.live.controller.RoomController#settingInfo(HttpServletRequest)
2026-04-26 08:29:19.869    DEBUG org.springframework.web.servlet.mvc.method.annotation.RequestResponseBodyMethodProcessor - Using 'application/json', given [application/json, text/plain, */*] and supported [application/json, application/*+json, application/json, application/*+json]
2026-04-26 08:29:19.869    DEBUG org.springframework.web.servlet.mvc.method.annotation.RequestResponseBodyMethodProcessor - Writing [cn.imhtb.live.common.ApiResponse@23c2443e]
2026-04-26 08:29:19.869    DEBUG org.springframework.web.servlet.mvc.method.annotation.RequestResponseBodyMethodProcessor - Using 'application/json', given [application/json, text/plain, */*] and supported [application/json, application/*+json, application/json, application/*+json]
2026-04-26 08:29:19.872    DEBUG org.springframework.web.servlet.DispatcherServlet - Completed 200 OK
2026-04-26 08:29:19.872    DEBUG org.springframework.web.servlet.mvc.method.annotation.RequestResponseBodyMethodProcessor - Writing [cn.imhtb.live.common.ApiResponse@2b6d308b]
2026-04-26 08:29:19.873    DEBUG org.springframework.web.servlet.DispatcherServlet - Completed 200 OK
2026-04-26 08:29:21.088    INFO  cn.imhtb.live.modules.server.netty.WebSocketServerHandler - 5dae0866 WebSocket 握手完成
2026-04-26 08:29:21.110    DEBUG org.springframework.web.servlet.DispatcherServlet - GET "/api/v1/room/setting/info", parameters={}
2026-04-26 08:29:21.110    DEBUG org.springframework.web.servlet.DispatcherServlet - GET "/api/v1/live/getLiveStatus", parameters={}
2026-04-26 08:29:21.110    DEBUG org.springframework.web.servlet.mvc.method.annotation.RequestMappingHandlerMapping - Mapped to cn.imhtb.live.modules.live.controller.RoomController#settingInfo(HttpServletRequest)
2026-04-26 08:29:21.111    DEBUG org.springframework.web.servlet.mvc.method.annotation.RequestMappingHandlerMapping - Mapped to cn.imhtb.live.modules.live.controller.AntLiveController#getLiveStatus()
2026-04-26 08:29:21.112    DEBUG org.springframework.web.servlet.mvc.method.annotation.RequestResponseBodyMethodProcessor - Using 'application/json', given [application/json, text/plain, */*] and supported [application/json, application/*+json, application/json, application/*+json]
2026-04-26 08:29:21.113    DEBUG org.springframework.web.servlet.mvc.method.annotation.RequestResponseBodyMethodProcessor - Writing [cn.imhtb.live.common.ApiResponse@79d03384]
2026-04-26 08:29:21.113    DEBUG org.springframework.web.servlet.mvc.method.annotation.RequestResponseBodyMethodProcessor - Using 'application/json', given [application/json, text/plain, */*] and supported [application/json, application/*+json, application/json, application/*+json]
2026-04-26 08:29:21.114    DEBUG org.springframework.web.servlet.DispatcherServlet - Completed 200 OK
2026-04-26 08:29:21.114    DEBUG org.springframework.web.servlet.mvc.method.annotation.RequestResponseBodyMethodProcessor - Writing [cn.imhtb.live.common.ApiResponse@53de0431]
2026-04-26 08:29:21.115    DEBUG org.springframework.web.servlet.DispatcherServlet - Completed 200 OK
2026-04-26 08:29:23.119    DEBUG org.springframework.web.servlet.DispatcherServlet - POST "/api/v1/live/guard/check", parameters={multipart}
2026-04-26 08:29:23.134    DEBUG org.springframework.web.servlet.mvc.method.annotation.RequestMappingHandlerMapping - Mapped to cn.imhtb.live.modules.live.controller.AntLiveController#guardCheck(Integer, MultipartFile)
2026-04-26 08:29:23.143    DEBUG org.springframework.web.client.RestTemplate - HTTP POST http://localhost:8000/check
2026-04-26 08:29:23.143    DEBUG org.springframework.web.client.RestTemplate - Accept=[application/json, application/*+json]
2026-04-26 08:29:23.143    DEBUG org.springframework.web.client.RestTemplate - Writing [{file=[Byte array resource [resource loaded from byte array]]}] as "multipart/form-data"
2026-04-26 08:29:30.840    DEBUG org.springframework.web.client.RestTemplate - Response 200 OK
2026-04-26 08:29:30.841    DEBUG org.springframework.web.client.RestTemplate - Reading to [java.util.Map<?, ?>]
2026-04-26 08:29:30.852    DEBUG org.springframework.jdbc.core.JdbcTemplate - Executing prepared SQL query
2026-04-26 08:29:30.852    DEBUG org.springframework.jdbc.core.JdbcTemplate - Executing prepared SQL statement [SELECT COUNT(*) FROM information_schema.TABLES WHERE TABLE_SCHEMA = DATABASE() AND TABLE_NAME = ?]
2026-04-26 08:29:30.871    WARN  cn.imhtb.live.modules.live.guard.LiveGuardService - live room banned by guard, roomId=17, reason=直播内容触发违规检测：暴力行为，直播间已封停
2026-04-26 08:29:30.879    DEBUG org.springframework.web.servlet.mvc.method.annotation.RequestResponseBodyMethodProcessor - Using 'application/json', given [application/json, text/plain, */*] and supported [application/json, application/*+json, application/json, application/*+json]
2026-04-26 08:29:30.880    DEBUG org.springframework.web.servlet.mvc.method.annotation.RequestResponseBodyMethodProcessor - Writing [cn.imhtb.live.common.ApiResponse@42c54f00]
2026-04-26 08:29:30.885    DEBUG org.springframework.web.servlet.DispatcherServlet - Completed 200 OK
2026-04-26 08:29:30.920    DEBUG org.springframework.web.servlet.DispatcherServlet - GET "/api/v1/room/setting/info", parameters={}
2026-04-26 08:29:30.920    DEBUG org.springframework.web.servlet.DispatcherServlet - GET "/api/v1/live/getLiveStatus", parameters={}
2026-04-26 08:29:30.920    DEBUG org.springframework.web.servlet.mvc.method.annotation.RequestMappingHandlerMapping - Mapped to cn.imhtb.live.modules.live.controller.RoomController#settingInfo(HttpServletRequest)
2026-04-26 08:29:30.920    DEBUG org.springframework.web.servlet.mvc.method.annotation.RequestMappingHandlerMapping - Mapped to cn.imhtb.live.modules.live.controller.AntLiveController#getLiveStatus()
2026-04-26 08:29:30.923    DEBUG org.springframework.web.servlet.mvc.method.annotation.RequestResponseBodyMethodProcessor - Using 'application/json', given [application/json, text/plain, */*] and supported [application/json, application/*+json, application/json, application/*+json]
2026-04-26 08:29:30.923    DEBUG org.springframework.web.servlet.mvc.method.annotation.RequestResponseBodyMethodProcessor - Using 'application/json', given [application/json, text/plain, */*] and supported [application/json, application/*+json, application/json, application/*+json]
2026-04-26 08:29:30.923    DEBUG org.springframework.web.servlet.mvc.method.annotation.RequestResponseBodyMethodProcessor - Writing [cn.imhtb.live.common.ApiResponse@73e0002a]
2026-04-26 08:29:30.923    DEBUG org.springframework.web.servlet.mvc.method.annotation.RequestResponseBodyMethodProcessor - Writing [cn.imhtb.live.common.ApiResponse@1c0f24d6]
2026-04-26 08:29:30.924    DEBUG org.springframework.web.servlet.DispatcherServlet - Completed 200 OK
2026-04-26 08:29:30.924    DEBUG org.springframework.web.servlet.DispatcherServlet - Completed 200 OK
2026-04-26 08:29:31.782    DEBUG org.springframework.web.servlet.DispatcherServlet - GET "/api/v1/room/setting/info", parameters={}
2026-04-26 08:29:31.782    DEBUG org.springframework.web.servlet.DispatcherServlet - GET "/api/v1/category/query", parameters={}
2026-04-26 08:29:31.782    DEBUG org.springframework.web.servlet.DispatcherServlet - GET "/api/v1/live/getLiveStatus", parameters={}
2026-04-26 08:29:31.783    DEBUG org.springframework.web.servlet.mvc.method.annotation.RequestMappingHandlerMapping - Mapped to cn.imhtb.live.modules.live.controller.RoomController#settingInfo(HttpServletRequest)
2026-04-26 08:29:31.783    DEBUG org.springframework.web.servlet.mvc.method.annotation.RequestMappingHandlerMapping - Mapped to cn.imhtb.live.modules.live.controller.CategoryController#queryCategoryPage(Integer, Integer)
2026-04-26 08:29:31.783    DEBUG org.springframework.web.servlet.mvc.method.annotation.RequestMappingHandlerMapping - Mapped to cn.imhtb.live.modules.live.controller.AntLiveController#getLiveStatus()
2026-04-26 08:29:31.786    DEBUG org.springframework.web.servlet.mvc.method.annotation.RequestResponseBodyMethodProcessor - Using 'application/json', given [application/json, text/plain, */*] and supported [application/json, application/*+json, application/json, application/*+json]
2026-04-26 08:29:31.787    DEBUG org.springframework.web.servlet.mvc.method.annotation.RequestResponseBodyMethodProcessor - Writing [cn.imhtb.live.common.ApiResponse@6d2fdb4e]
2026-04-26 08:29:31.787    DEBUG org.springframework.web.servlet.DispatcherServlet - Completed 200 OK
2026-04-26 08:29:31.788    DEBUG org.springframework.web.servlet.mvc.method.annotation.RequestResponseBodyMethodProcessor - Using 'application/json', given [application/json, text/plain, */*] and supported [application/json, application/*+json, application/json, application/*+json]
2026-04-26 08:29:31.788    DEBUG org.springframework.web.servlet.mvc.method.annotation.RequestResponseBodyMethodProcessor - Writing [cn.imhtb.live.common.ApiResponse@2b85a8c7]
2026-04-26 08:29:31.788    DEBUG org.springframework.web.servlet.mvc.method.annotation.RequestResponseBodyMethodProcessor - Using 'application/json', given [application/json, text/plain, */*] and supported [application/json, application/*+json, application/json, application/*+json]
2026-04-26 08:29:31.788    DEBUG org.springframework.web.servlet.mvc.method.annotation.RequestResponseBodyMethodProcessor - Writing [cn.imhtb.live.common.ApiResponse@7d60b9f]
2026-04-26 08:29:31.788    DEBUG org.springframework.web.servlet.DispatcherServlet - Completed 200 OK
2026-04-26 08:29:31.790    DEBUG org.springframework.web.servlet.DispatcherServlet - Completed 200 OK
2026-04-26 08:29:33.566    DEBUG org.springframework.web.servlet.DispatcherServlet - GET "/api/v1/category/query", parameters={}
2026-04-26 08:29:33.566    DEBUG org.springframework.web.servlet.DispatcherServlet - GET "/api/v1/room/living", parameters={}
2026-04-26 08:29:33.566    DEBUG org.springframework.web.servlet.DispatcherServlet - GET "/api/v1/watch/list?type=0&page=1&limit=6", parameters={masked}
2026-04-26 08:29:33.567    DEBUG org.springframework.web.servlet.mvc.method.annotation.RequestMappingHandlerMapping - Mapped to cn.imhtb.live.modules.live.controller.CategoryController#queryCategoryPage(Integer, Integer)
2026-04-26 08:29:33.567    DEBUG org.springframework.web.servlet.mvc.method.annotation.RequestMappingHandlerMapping - Mapped to cn.imhtb.live.modules.live.controller.RoomController#livingRoom(Integer, Integer, Integer)
2026-04-26 08:29:33.567    DEBUG org.springframework.web.servlet.mvc.method.annotation.RequestMappingHandlerMapping - Mapped to cn.imhtb.live.modules.live.controller.WatchController#listWatches(Integer, Integer, Integer)
2026-04-26 08:29:33.573    DEBUG org.springframework.web.servlet.mvc.method.annotation.RequestResponseBodyMethodProcessor - Using 'application/json', given [application/json, text/plain, */*] and supported [application/json, application/*+json, application/json, application/*+json]
2026-04-26 08:29:33.573    DEBUG org.springframework.web.servlet.mvc.method.annotation.RequestResponseBodyMethodProcessor - Writing [cn.imhtb.live.common.ApiResponse@36f44d2e]
2026-04-26 08:29:33.575    DEBUG org.springframework.web.servlet.DispatcherServlet - Completed 200 OK
2026-04-26 08:29:33.576    DEBUG org.springframework.web.servlet.mvc.method.annotation.RequestResponseBodyMethodProcessor - Using 'application/json', given [application/json, text/plain, */*] and supported [application/json, application/*+json, application/json, application/*+json]
2026-04-26 08:29:33.576    DEBUG org.springframework.web.servlet.mvc.method.annotation.RequestResponseBodyMethodProcessor - Using 'application/json', given [application/json, text/plain, */*] and supported [application/json, application/*+json, application/json, application/*+json]
2026-04-26 08:29:33.577    DEBUG org.springframework.web.servlet.mvc.method.annotation.RequestResponseBodyMethodProcessor - Writing [cn.imhtb.live.common.ApiResponse@261774a9]
2026-04-26 08:29:33.577    DEBUG org.springframework.web.servlet.mvc.method.annotation.RequestResponseBodyMethodProcessor - Writing [cn.imhtb.live.common.ApiResponse@57623e48]
2026-04-26 08:29:33.578    DEBUG org.springframework.web.servlet.DispatcherServlet - Completed 200 OK
2026-04-26 08:29:33.579    DEBUG org.springframework.web.servlet.DispatcherServlet - Completed 200 OK
2026-04-26 08:29:33.596    DEBUG org.springframework.web.servlet.DispatcherServlet - GET "/api/v1/chat/getPopularity?roomId=2", parameters={masked}
2026-04-26 08:29:33.596    DEBUG org.springframework.web.servlet.DispatcherServlet - GET "/api/v1/chat/getPopularity?roomId=1", parameters={masked}
2026-04-26 08:29:33.596    DEBUG org.springframework.web.servlet.mvc.method.annotation.RequestMappingHandlerMapping - Mapped to cn.imhtb.live.modules.server.netty.web.ChatController#getPopularity(Integer)
2026-04-26 08:29:33.596    DEBUG org.springframework.web.servlet.mvc.method.annotation.RequestMappingHandlerMapping - Mapped to cn.imhtb.live.modules.server.netty.web.ChatController#getPopularity(Integer)
2026-04-26 08:29:33.596    DEBUG org.springframework.web.servlet.mvc.method.annotation.RequestResponseBodyMethodProcessor - Using 'application/json', given [application/json, text/plain, */*] and supported [application/json, application/*+json, application/json, application/*+json]
2026-04-26 08:29:33.596    DEBUG org.springframework.web.servlet.mvc.method.annotation.RequestResponseBodyMethodProcessor - Using 'application/json', given [application/json, text/plain, */*] and supported [application/json, application/*+json, application/json, application/*+json]
2026-04-26 08:29:33.599    DEBUG org.springframework.web.servlet.mvc.method.annotation.RequestResponseBodyMethodProcessor - Writing [cn.imhtb.live.common.ApiResponse@705d7c41]
2026-04-26 08:29:33.599    DEBUG org.springframework.web.servlet.mvc.method.annotation.RequestResponseBodyMethodProcessor - Writing [cn.imhtb.live.common.ApiResponse@4f80139e]
2026-04-26 08:29:33.600    DEBUG org.springframework.web.servlet.DispatcherServlet - Completed 200 OK
2026-04-26 08:29:33.600    DEBUG org.springframework.web.servlet.DispatcherServlet - Completed 200 OK
2026-04-26 08:29:33.611    DEBUG org.springframework.web.servlet.DispatcherServlet - GET "/api/v1/chat/getPopularity?roomId=1", parameters={masked}
2026-04-26 08:29:33.611    DEBUG org.springframework.web.servlet.DispatcherServlet - GET "/api/v1/chat/getPopularity?roomId=2", parameters={masked}
2026-04-26 08:29:33.612    DEBUG org.springframework.web.servlet.mvc.method.annotation.RequestMappingHandlerMapping - Mapped to cn.imhtb.live.modules.server.netty.web.ChatController#getPopularity(Integer)
2026-04-26 08:29:33.612    DEBUG org.springframework.web.servlet.mvc.method.annotation.RequestMappingHandlerMapping - Mapped to cn.imhtb.live.modules.server.netty.web.ChatController#getPopularity(Integer)
2026-04-26 08:29:33.613    DEBUG org.springframework.web.servlet.mvc.method.annotation.RequestResponseBodyMethodProcessor - Using 'application/json', given [application/json, text/plain, */*] and supported [application/json, application/*+json, application/json, application/*+json]
2026-04-26 08:29:33.613    DEBUG org.springframework.web.servlet.mvc.method.annotation.RequestResponseBodyMethodProcessor - Using 'application/json', given [application/json, text/plain, */*] and supported [application/json, application/*+json, application/json, application/*+json]
2026-04-26 08:29:33.614    DEBUG org.springframework.web.servlet.mvc.method.annotation.RequestResponseBodyMethodProcessor - Writing [cn.imhtb.live.common.ApiResponse@6b795cc2]
2026-04-26 08:29:33.614    DEBUG org.springframework.web.servlet.mvc.method.annotation.RequestResponseBodyMethodProcessor - Writing [cn.imhtb.live.common.ApiResponse@7e57f6db]
2026-04-26 08:29:33.615    DEBUG org.springframework.web.servlet.DispatcherServlet - Completed 200 OK
2026-04-26 08:29:33.615    DEBUG org.springframework.web.servlet.DispatcherServlet - Completed 200 OK
2026-04-26 08:29:36.610    DEBUG org.springframework.web.servlet.DispatcherServlet - GET "/api/v1/room/living", parameters={}
2026-04-26 08:29:36.610    DEBUG org.springframework.web.servlet.DispatcherServlet - GET "/api/v1/category/query", parameters={}
2026-04-26 08:29:36.610    DEBUG org.springframework.web.servlet.DispatcherServlet - GET "/api/v1/watch/list?type=0&page=1&limit=6", parameters={masked}
2026-04-26 08:29:36.611    DEBUG org.springframework.web.servlet.mvc.method.annotation.RequestMappingHandlerMapping - Mapped to cn.imhtb.live.modules.live.controller.RoomController#livingRoom(Integer, Integer, Integer)
2026-04-26 08:29:36.611    DEBUG org.springframework.web.servlet.mvc.method.annotation.RequestMappingHandlerMapping - Mapped to cn.imhtb.live.modules.live.controller.CategoryController#queryCategoryPage(Integer, Integer)
2026-04-26 08:29:36.612    DEBUG org.springframework.web.servlet.mvc.method.annotation.RequestMappingHandlerMapping - Mapped to cn.imhtb.live.modules.live.controller.WatchController#listWatches(Integer, Integer, Integer)
2026-04-26 08:29:36.616    DEBUG org.springframework.web.servlet.mvc.method.annotation.RequestResponseBodyMethodProcessor - Using 'application/json', given [application/json, text/plain, */*] and supported [application/json, application/*+json, application/json, application/*+json]
2026-04-26 08:29:36.617    DEBUG org.springframework.web.servlet.mvc.method.annotation.RequestResponseBodyMethodProcessor - Writing [cn.imhtb.live.common.ApiResponse@4d22f542]
2026-04-26 08:29:36.618    DEBUG org.springframework.web.servlet.DispatcherServlet - Completed 200 OK
2026-04-26 08:29:36.619    DEBUG org.springframework.web.servlet.mvc.method.annotation.RequestResponseBodyMethodProcessor - Using 'application/json', given [application/json, text/plain, */*] and supported [application/json, application/*+json, application/json, application/*+json]
2026-04-26 08:29:36.620    DEBUG org.springframework.web.servlet.mvc.method.annotation.RequestResponseBodyMethodProcessor - Using 'application/json', given [application/json, text/plain, */*] and supported [application/json, application/*+json, application/json, application/*+json]
2026-04-26 08:29:36.620    DEBUG org.springframework.web.servlet.mvc.method.annotation.RequestResponseBodyMethodProcessor - Writing [cn.imhtb.live.common.ApiResponse@3593513]
2026-04-26 08:29:36.620    DEBUG org.springframework.web.servlet.mvc.method.annotation.RequestResponseBodyMethodProcessor - Writing [cn.imhtb.live.common.ApiResponse@6b31d8a2]
2026-04-26 08:29:36.621    DEBUG org.springframework.web.servlet.DispatcherServlet - Completed 200 OK
2026-04-26 08:29:36.621    DEBUG org.springframework.web.servlet.DispatcherServlet - Completed 200 OK
2026-04-26 08:29:36.629    DEBUG org.springframework.web.servlet.DispatcherServlet - GET "/api/v1/category/query", parameters={}
2026-04-26 08:29:36.630    DEBUG org.springframework.web.servlet.mvc.method.annotation.RequestMappingHandlerMapping - Mapped to cn.imhtb.live.modules.live.controller.CategoryController#queryCategoryPage(Integer, Integer)
2026-04-26 08:29:36.635    DEBUG org.springframework.web.servlet.mvc.method.annotation.RequestResponseBodyMethodProcessor - Using 'application/json', given [application/json, text/plain, */*] and supported [application/json, application/*+json, application/json, application/*+json]
2026-04-26 08:29:36.635    DEBUG org.springframework.web.servlet.mvc.method.annotation.RequestResponseBodyMethodProcessor - Writing [cn.imhtb.live.common.ApiResponse@6bdf564b]
2026-04-26 08:29:36.636    DEBUG org.springframework.web.servlet.DispatcherServlet - Completed 200 OK
2026-04-26 08:29:36.639    DEBUG org.springframework.web.servlet.DispatcherServlet - GET "/api/v1/chat/getPopularity?roomId=2", parameters={masked}
2026-04-26 08:29:36.639    DEBUG org.springframework.web.servlet.DispatcherServlet - GET "/api/v1/chat/getPopularity?roomId=1", parameters={masked}
2026-04-26 08:29:36.639    DEBUG org.springframework.web.servlet.mvc.method.annotation.RequestMappingHandlerMapping - Mapped to cn.imhtb.live.modules.server.netty.web.ChatController#getPopularity(Integer)
2026-04-26 08:29:36.639    DEBUG org.springframework.web.servlet.mvc.method.annotation.RequestMappingHandlerMapping - Mapped to cn.imhtb.live.modules.server.netty.web.ChatController#getPopularity(Integer)
2026-04-26 08:29:36.640    DEBUG org.springframework.web.servlet.mvc.method.annotation.RequestResponseBodyMethodProcessor - Using 'application/json', given [application/json, text/plain, */*] and supported [application/json, application/*+json, application/json, application/*+json]
2026-04-26 08:29:36.640    DEBUG org.springframework.web.servlet.mvc.method.annotation.RequestResponseBodyMethodProcessor - Using 'application/json', given [application/json, text/plain, */*] and supported [application/json, application/*+json, application/json, application/*+json]
2026-04-26 08:29:36.640    DEBUG org.springframework.web.servlet.mvc.method.annotation.RequestResponseBodyMethodProcessor - Writing [cn.imhtb.live.common.ApiResponse@13799533]
2026-04-26 08:29:36.641    DEBUG org.springframework.web.servlet.mvc.method.annotation.RequestResponseBodyMethodProcessor - Writing [cn.imhtb.live.common.ApiResponse@5ea10765]
2026-04-26 08:29:36.642    DEBUG org.springframework.web.servlet.DispatcherServlet - Completed 200 OK
2026-04-26 08:29:36.642    DEBUG org.springframework.web.servlet.DispatcherServlet - Completed 200 OK
2026-04-26 08:29:36.653    DEBUG org.springframework.web.servlet.DispatcherServlet - GET "/api/v1/chat/getPopularity?roomId=2", parameters={masked}
2026-04-26 08:29:36.653    DEBUG org.springframework.web.servlet.DispatcherServlet - GET "/api/v1/chat/getPopularity?roomId=1", parameters={masked}
2026-04-26 08:29:36.653    DEBUG org.springframework.web.servlet.mvc.method.annotation.RequestMappingHandlerMapping - Mapped to cn.imhtb.live.modules.server.netty.web.ChatController#getPopularity(Integer)
2026-04-26 08:29:36.654    DEBUG org.springframework.web.servlet.mvc.method.annotation.RequestMappingHandlerMapping - Mapped to cn.imhtb.live.modules.server.netty.web.ChatController#getPopularity(Integer)
2026-04-26 08:29:36.654    DEBUG org.springframework.web.servlet.mvc.method.annotation.RequestResponseBodyMethodProcessor - Using 'application/json', given [application/json, text/plain, */*] and supported [application/json, application/*+json, application/json, application/*+json]
2026-04-26 08:29:36.655    DEBUG org.springframework.web.servlet.mvc.method.annotation.RequestResponseBodyMethodProcessor - Using 'application/json', given [application/json, text/plain, */*] and supported [application/json, application/*+json, application/json, application/*+json]
2026-04-26 08:29:36.655    DEBUG org.springframework.web.servlet.mvc.method.annotation.RequestResponseBodyMethodProcessor - Writing [cn.imhtb.live.common.ApiResponse@630e1272]
2026-04-26 08:29:36.656    DEBUG org.springframework.web.servlet.mvc.method.annotation.RequestResponseBodyMethodProcessor - Writing [cn.imhtb.live.common.ApiResponse@26328491]
2026-04-26 08:29:36.656    DEBUG org.springframework.web.servlet.DispatcherServlet - Completed 200 OK
2026-04-26 08:29:36.657    DEBUG org.springframework.web.servlet.DispatcherServlet - Completed 200 OK
2026-04-26 08:29:48.878    DEBUG org.springframework.web.servlet.DispatcherServlet - GET "/api/v1/chat/getPopularity?roomId=2", parameters={masked}
2026-04-26 08:29:48.878    DEBUG org.springframework.web.servlet.DispatcherServlet - GET "/api/v1/chat/getPopularity?roomId=1", parameters={masked}
2026-04-26 08:29:48.879    DEBUG org.springframework.web.servlet.mvc.method.annotation.RequestMappingHandlerMapping - Mapped to cn.imhtb.live.modules.server.netty.web.ChatController#getPopularity(Integer)
2026-04-26 08:29:48.879    DEBUG org.springframework.web.servlet.mvc.method.annotation.RequestMappingHandlerMapping - Mapped to cn.imhtb.live.modules.server.netty.web.ChatController#getPopularity(Integer)
2026-04-26 08:29:48.879    DEBUG org.springframework.web.servlet.mvc.method.annotation.RequestResponseBodyMethodProcessor - Using 'application/json', given [application/json, text/plain, */*] and supported [application/json, application/*+json, application/json, application/*+json]
2026-04-26 08:29:48.879    DEBUG org.springframework.web.servlet.mvc.method.annotation.RequestResponseBodyMethodProcessor - Writing [cn.imhtb.live.common.ApiResponse@408f10d7]
2026-04-26 08:29:48.879    DEBUG org.springframework.web.servlet.mvc.method.annotation.RequestResponseBodyMethodProcessor - Using 'application/json', given [application/json, text/plain, */*] and supported [application/json, application/*+json, application/json, application/*+json]
2026-04-26 08:29:48.879    DEBUG org.springframework.web.servlet.mvc.method.annotation.RequestResponseBodyMethodProcessor - Writing [cn.imhtb.live.common.ApiResponse@686c717e]
2026-04-26 08:29:48.880    DEBUG org.springframework.web.servlet.DispatcherServlet - Completed 200 OK
2026-04-26 08:29:48.880    DEBUG org.springframework.web.servlet.DispatcherServlet - Completed 200 OK
2026-04-26 08:29:48.889    DEBUG org.springframework.web.servlet.DispatcherServlet - GET "/api/v1/chat/getPopularity?roomId=1", parameters={masked}
2026-04-26 08:29:48.889    DEBUG org.springframework.web.servlet.DispatcherServlet - GET "/api/v1/chat/getPopularity?roomId=2", parameters={masked}
2026-04-26 08:29:48.889    DEBUG org.springframework.web.servlet.mvc.method.annotation.RequestMappingHandlerMapping - Mapped to cn.imhtb.live.modules.server.netty.web.ChatController#getPopularity(Integer)
2026-04-26 08:29:48.889    DEBUG org.springframework.web.servlet.mvc.method.annotation.RequestMappingHandlerMapping - Mapped to cn.imhtb.live.modules.server.netty.web.ChatController#getPopularity(Integer)
2026-04-26 08:29:48.889    DEBUG org.springframework.web.servlet.mvc.method.annotation.RequestResponseBodyMethodProcessor - Using 'application/json', given [application/json, text/plain, */*] and supported [application/json, application/*+json, application/json, application/*+json]
2026-04-26 08:29:48.890    DEBUG org.springframework.web.servlet.mvc.method.annotation.RequestResponseBodyMethodProcessor - Writing [cn.imhtb.live.common.ApiResponse@70dc70cc]
2026-04-26 08:29:48.889    DEBUG org.springframework.web.servlet.mvc.method.annotation.RequestResponseBodyMethodProcessor - Using 'application/json', given [application/json, text/plain, */*] and supported [application/json, application/*+json, application/json, application/*+json]
2026-04-26 08:29:48.890    DEBUG org.springframework.web.servlet.mvc.method.annotation.RequestResponseBodyMethodProcessor - Writing [cn.imhtb.live.common.ApiResponse@6fac6ea6]
2026-04-26 08:29:48.890    DEBUG org.springframework.web.servlet.DispatcherServlet - Completed 200 OK
2026-04-26 08:29:48.890    DEBUG org.springframework.web.servlet.DispatcherServlet - Completed 200 OK
2026-04-26 08:30:00.870    DEBUG org.springframework.web.servlet.DispatcherServlet - GET "/api/v1/chat/getPopularity?roomId=1", parameters={masked}
2026-04-26 08:30:00.871    DEBUG org.springframework.web.servlet.DispatcherServlet - GET "/api/v1/chat/getPopularity?roomId=2", parameters={masked}
2026-04-26 08:30:00.881    DEBUG org.springframework.web.servlet.mvc.method.annotation.RequestMappingHandlerMapping - Mapped to cn.imhtb.live.modules.server.netty.web.ChatController#getPopularity(Integer)
2026-04-26 08:30:00.881    DEBUG org.springframework.web.servlet.mvc.method.annotation.RequestMappingHandlerMapping - Mapped to cn.imhtb.live.modules.server.netty.web.ChatController#getPopularity(Integer)
2026-04-26 08:30:00.882    DEBUG org.springframework.web.servlet.mvc.method.annotation.RequestResponseBodyMethodProcessor - Using 'application/json', given [application/json, text/plain, */*] and supported [application/json, application/*+json, application/json, application/*+json]
2026-04-26 08:30:00.882    DEBUG org.springframework.web.servlet.mvc.method.annotation.RequestResponseBodyMethodProcessor - Using 'application/json', given [application/json, text/plain, */*] and supported [application/json, application/*+json, application/json, application/*+json]
2026-04-26 08:30:00.882    DEBUG org.springframework.web.servlet.mvc.method.annotation.RequestResponseBodyMethodProcessor - Writing [cn.imhtb.live.common.ApiResponse@63e00aeb]
2026-04-26 08:30:00.882    DEBUG org.springframework.web.servlet.mvc.method.annotation.RequestResponseBodyMethodProcessor - Writing [cn.imhtb.live.common.ApiResponse@4414bf73]
2026-04-26 08:30:00.882    DEBUG org.springframework.web.servlet.DispatcherServlet - Completed 200 OK
2026-04-26 08:30:00.882    DEBUG org.springframework.web.servlet.DispatcherServlet - Completed 200 OK
2026-04-26 08:30:00.892    DEBUG org.springframework.web.servlet.DispatcherServlet - GET "/api/v1/chat/getPopularity?roomId=1", parameters={masked}
2026-04-26 08:30:00.892    DEBUG org.springframework.web.servlet.DispatcherServlet - GET "/api/v1/chat/getPopularity?roomId=2", parameters={masked}
2026-04-26 08:30:00.892    DEBUG org.springframework.web.servlet.mvc.method.annotation.RequestMappingHandlerMapping - Mapped to cn.imhtb.live.modules.server.netty.web.ChatController#getPopularity(Integer)
2026-04-26 08:30:00.892    DEBUG org.springframework.web.servlet.mvc.method.annotation.RequestMappingHandlerMapping - Mapped to cn.imhtb.live.modules.server.netty.web.ChatController#getPopularity(Integer)
2026-04-26 08:30:00.893    DEBUG org.springframework.web.servlet.mvc.method.annotation.RequestResponseBodyMethodProcessor - Using 'application/json', given [application/json, text/plain, */*] and supported [application/json, application/*+json, application/json, application/*+json]
2026-04-26 08:30:00.893    DEBUG org.springframework.web.servlet.mvc.method.annotation.RequestResponseBodyMethodProcessor - Using 'application/json', given [application/json, text/plain, */*] and supported [application/json, application/*+json, application/json, application/*+json]
2026-04-26 08:30:00.893    DEBUG org.springframework.web.servlet.mvc.method.annotation.RequestResponseBodyMethodProcessor - Writing [cn.imhtb.live.common.ApiResponse@d03ec23]
2026-04-26 08:30:00.893    DEBUG org.springframework.web.servlet.mvc.method.annotation.RequestResponseBodyMethodProcessor - Writing [cn.imhtb.live.common.ApiResponse@16a9866a]
2026-04-26 08:30:00.893    DEBUG org.springframework.web.servlet.DispatcherServlet - Completed 200 OK
2026-04-26 08:30:00.893    DEBUG org.springframework.web.servlet.DispatcherServlet - Completed 200 OK
2026-04-26 08:30:12.877    DEBUG org.springframework.web.servlet.DispatcherServlet - GET "/api/v1/chat/getPopularity?roomId=1", parameters={masked}
2026-04-26 08:30:12.878    DEBUG org.springframework.web.servlet.DispatcherServlet - GET "/api/v1/chat/getPopularity?roomId=2", parameters={masked}
2026-04-26 08:30:12.878    DEBUG org.springframework.web.servlet.mvc.method.annotation.RequestMappingHandlerMapping - Mapped to cn.imhtb.live.modules.server.netty.web.ChatController#getPopularity(Integer)
2026-04-26 08:30:12.878    DEBUG org.springframework.web.servlet.mvc.method.annotation.RequestMappingHandlerMapping - Mapped to cn.imhtb.live.modules.server.netty.web.ChatController#getPopularity(Integer)
2026-04-26 08:30:12.878    DEBUG org.springframework.web.servlet.mvc.method.annotation.RequestResponseBodyMethodProcessor - Using 'application/json', given [application/json, text/plain, */*] and supported [application/json, application/*+json, application/json, application/*+json]
2026-04-26 08:30:12.878    DEBUG org.springframework.web.servlet.mvc.method.annotation.RequestResponseBodyMethodProcessor - Using 'application/json', given [application/json, text/plain, */*] and supported [application/json, application/*+json, application/json, application/*+json]
2026-04-26 08:30:12.878    DEBUG org.springframework.web.servlet.mvc.method.annotation.RequestResponseBodyMethodProcessor - Writing [cn.imhtb.live.common.ApiResponse@569c4016]
2026-04-26 08:30:12.878    DEBUG org.springframework.web.servlet.mvc.method.annotation.RequestResponseBodyMethodProcessor - Writing [cn.imhtb.live.common.ApiResponse@bbd6c51]
2026-04-26 08:30:12.879    DEBUG org.springframework.web.servlet.DispatcherServlet - Completed 200 OK
2026-04-26 08:30:12.879    DEBUG org.springframework.web.servlet.DispatcherServlet - Completed 200 OK
2026-04-26 08:30:12.885    DEBUG org.springframework.web.servlet.DispatcherServlet - GET "/api/v1/chat/getPopularity?roomId=1", parameters={masked}
2026-04-26 08:30:12.885    DEBUG org.springframework.web.servlet.DispatcherServlet - GET "/api/v1/chat/getPopularity?roomId=2", parameters={masked}
2026-04-26 08:30:12.885    DEBUG org.springframework.web.servlet.mvc.method.annotation.RequestMappingHandlerMapping - Mapped to cn.imhtb.live.modules.server.netty.web.ChatController#getPopularity(Integer)
2026-04-26 08:30:12.886    DEBUG org.springframework.web.servlet.mvc.method.annotation.RequestMappingHandlerMapping - Mapped to cn.imhtb.live.modules.server.netty.web.ChatController#getPopularity(Integer)
2026-04-26 08:30:12.886    DEBUG org.springframework.web.servlet.mvc.method.annotation.RequestResponseBodyMethodProcessor - Using 'application/json', given [application/json, text/plain, */*] and supported [application/json, application/*+json, application/json, application/*+json]
2026-04-26 08:30:12.886    DEBUG org.springframework.web.servlet.mvc.method.annotation.RequestResponseBodyMethodProcessor - Writing [cn.imhtb.live.common.ApiResponse@19c4f69e]
2026-04-26 08:30:12.886    DEBUG org.springframework.web.servlet.mvc.method.annotation.RequestResponseBodyMethodProcessor - Using 'application/json', given [application/json, text/plain, */*] and supported [application/json, application/*+json, application/json, application/*+json]
2026-04-26 08:30:12.886    DEBUG org.springframework.web.servlet.mvc.method.annotation.RequestResponseBodyMethodProcessor - Writing [cn.imhtb.live.common.ApiResponse@5bdf2be6]
2026-04-26 08:30:12.886    DEBUG org.springframework.web.servlet.DispatcherServlet - Completed 200 OK
2026-04-26 08:30:12.887    DEBUG org.springframework.web.servlet.DispatcherServlet - Completed 200 OK
2026-04-26 08:30:18.369    INFO  cn.imhtb.live.modules.server.netty.handler.HttpHeaderHandler - connect userId = 10001, token: Bearer eyJhbGciOiJIUzI1NiJ9.eyJzdWIiOiJhZG1pbiIsImp0aSI6IjEwMDAxIiwidXNlcm5hbWUiOiJQaW5UZWgiLCJpYXQiOjE3NzcxMTY0MDUsImV4cCI6MTc3NzIwMjgwNX0.jFi949u19QIFBLm9mjZqOp10JyUeQizTG41pcoffg_U
2026-04-26 08:30:18.370    INFO  cn.imhtb.live.modules.server.netty.WebSocketServerHandler - 6558bf52 WebSocket 握手完成
2026-04-26 08:30:18.402    DEBUG org.springframework.web.servlet.DispatcherServlet - GET "/api/v1/present/list", parameters={}
2026-04-26 08:30:18.402    DEBUG org.springframework.web.servlet.DispatcherServlet - GET "/api/v1/room/intimacy/rank?roomId=17", parameters={masked}
2026-04-26 08:30:18.403    DEBUG org.springframework.web.servlet.mvc.method.annotation.RequestMappingHandlerMapping - Mapped to cn.imhtb.live.modules.live.controller.PresentController#list()
2026-04-26 08:30:18.403    DEBUG org.springframework.web.servlet.DispatcherServlet - GET "/api/v1/wallet/getBalance", parameters={}
2026-04-26 08:30:18.403    DEBUG org.springframework.web.servlet.mvc.method.annotation.RequestMappingHandlerMapping - Mapped to cn.imhtb.live.modules.live.controller.RoomController#intimacyRank(Integer)
2026-04-26 08:30:18.403    DEBUG org.springframework.web.servlet.mvc.method.annotation.RequestMappingHandlerMapping - Mapped to cn.imhtb.live.modules.wallet.controller.WalletController#getBalance()
2026-04-26 08:30:18.403    DEBUG org.springframework.web.servlet.DispatcherServlet - GET "/api/v1/room/detail?roomId=17", parameters={masked}
2026-04-26 08:30:18.404    DEBUG org.springframework.jdbc.core.JdbcTemplate - Executing prepared SQL query
2026-04-26 08:30:18.404    DEBUG org.springframework.web.servlet.mvc.method.annotation.RequestMappingHandlerMapping - Mapped to cn.imhtb.live.modules.live.controller.RoomController#getRoomInfo(Integer)
2026-04-26 08:30:18.404    DEBUG org.springframework.jdbc.core.JdbcTemplate - Executing prepared SQL statement [SELECT COUNT(*) FROM information_schema.TABLES WHERE TABLE_SCHEMA = DATABASE() AND TABLE_NAME = ?]
2026-04-26 08:30:18.407    DEBUG org.springframework.web.servlet.mvc.method.annotation.RequestResponseBodyMethodProcessor - Using 'application/json', given [application/json, text/plain, */*] and supported [application/json, application/*+json, application/json, application/*+json]
2026-04-26 08:30:18.407    DEBUG org.springframework.web.servlet.mvc.method.annotation.RequestResponseBodyMethodProcessor - Using 'application/json', given [application/json, text/plain, */*] and supported [application/json, application/*+json, application/json, application/*+json]
2026-04-26 08:30:18.408    DEBUG org.springframework.web.servlet.mvc.method.annotation.RequestResponseBodyMethodProcessor - Writing [cn.imhtb.live.common.ApiResponse@34ca7472]
2026-04-26 08:30:18.408    DEBUG org.springframework.web.servlet.mvc.method.annotation.RequestResponseBodyMethodProcessor - Writing [cn.imhtb.live.common.ApiResponse@220e3f36]
2026-04-26 08:30:18.409    DEBUG org.springframework.web.servlet.DispatcherServlet - Completed 200 OK
2026-04-26 08:30:18.409    DEBUG org.springframework.web.servlet.DispatcherServlet - Completed 200 OK
2026-04-26 08:30:18.415    DEBUG org.springframework.web.servlet.mvc.method.annotation.RequestResponseBodyMethodProcessor - Using 'application/json', given [application/json, text/plain, */*] and supported [application/json, application/*+json, application/json, application/*+json]
2026-04-26 08:30:18.416    DEBUG org.springframework.web.servlet.mvc.method.annotation.RequestResponseBodyMethodProcessor - Writing [cn.imhtb.live.common.ApiResponse@4223d801]
2026-04-26 08:30:18.417    DEBUG org.springframework.web.servlet.DispatcherServlet - Completed 200 OK
2026-04-26 08:30:18.422    DEBUG org.springframework.web.servlet.DispatcherServlet - GET "/api/v1/room/living", parameters={}
2026-04-26 08:30:18.422    DEBUG org.springframework.web.servlet.mvc.method.annotation.RequestMappingHandlerMapping - Mapped to cn.imhtb.live.modules.live.controller.RoomController#livingRoom(Integer, Integer, Integer)
2026-04-26 08:30:18.430    DEBUG org.springframework.web.servlet.mvc.method.annotation.RequestResponseBodyMethodProcessor - Using 'application/json', given [application/json, text/plain, */*] and supported [application/json, application/*+json, application/json, application/*+json]
2026-04-26 08:30:18.431    DEBUG org.springframework.web.servlet.mvc.method.annotation.RequestResponseBodyMethodProcessor - Writing [cn.imhtb.live.common.ApiResponse@660a3366]
2026-04-26 08:30:18.432    DEBUG org.springframework.web.servlet.DispatcherServlet - Completed 200 OK
2026-04-26 08:30:18.444    DEBUG org.springframework.web.servlet.DispatcherServlet - GET "/api/v1/room/extra/info?roomId=17", parameters={masked}
2026-04-26 08:30:18.444    DEBUG org.springframework.web.servlet.DispatcherServlet - POST "/api/v1/watch/history/save", parameters={}
2026-04-26 08:30:18.445    DEBUG org.springframework.web.servlet.mvc.method.annotation.RequestMappingHandlerMapping - Mapped to cn.imhtb.live.modules.live.controller.RoomController#extraInfo(Integer)
2026-04-26 08:30:18.445    DEBUG org.springframework.web.servlet.mvc.method.annotation.RequestMappingHandlerMapping - Mapped to cn.imhtb.live.modules.live.controller.WatchController#saveHistory(RelationSaveRequest)
2026-04-26 08:30:18.448    DEBUG org.springframework.web.servlet.mvc.method.annotation.RequestResponseBodyMethodProcessor - Read "application/json;charset=UTF-8" to [RelationSaveRequest(roomId=17, act=null)]
2026-04-26 08:30:18.460    DEBUG org.springframework.web.servlet.mvc.method.annotation.RequestResponseBodyMethodProcessor - Using 'application/json', given [application/json, text/plain, */*] and supported [application/json, application/*+json, application/json, application/*+json]
2026-04-26 08:30:18.460    DEBUG org.springframework.web.servlet.mvc.method.annotation.RequestResponseBodyMethodProcessor - Writing [cn.imhtb.live.common.ApiResponse@ab75d47]
2026-04-26 08:30:18.465    DEBUG org.springframework.web.servlet.DispatcherServlet - Completed 200 OK
2026-04-26 08:30:18.498    DEBUG org.springframework.web.servlet.mvc.method.annotation.RequestResponseBodyMethodProcessor - Using 'application/json', given [application/json, text/plain, */*] and supported [application/json, application/*+json, application/json, application/*+json]
2026-04-26 08:30:18.498    DEBUG org.springframework.web.servlet.mvc.method.annotation.RequestResponseBodyMethodProcessor - Writing [cn.imhtb.live.common.ApiResponse@3bf4b85c]
2026-04-26 08:30:18.499    DEBUG org.springframework.web.servlet.DispatcherServlet - Completed 200 OK
2026-04-26 08:30:18.514    DEBUG org.springframework.web.servlet.mvc.method.annotation.RequestResponseBodyMethodProcessor - Using 'application/json', given [application/json, text/plain, */*] and supported [application/json, application/*+json, application/json, application/*+json]
2026-04-26 08:30:18.515    DEBUG org.springframework.web.servlet.mvc.method.annotation.RequestResponseBodyMethodProcessor - Writing [cn.imhtb.live.common.ApiResponse@1708d3e4]
2026-04-26 08:30:18.515    DEBUG org.springframework.web.servlet.DispatcherServlet - Completed 200 OK
2026-04-26 08:30:23.173    DEBUG org.springframework.web.servlet.DispatcherServlet - POST "/api/v1/live/applySecret", parameters={}
2026-04-26 08:30:23.174    DEBUG org.springframework.web.servlet.mvc.method.annotation.RequestMappingHandlerMapping - Mapped to cn.imhtb.live.modules.live.controller.AntLiveController#applySecret()
2026-04-26 08:30:23.194    DEBUG org.springframework.web.servlet.mvc.method.annotation.RequestResponseBodyMethodProcessor - Using 'application/json', given [application/json, text/plain, */*] and supported [application/json, application/*+json, application/json, application/*+json]
2026-04-26 08:30:23.194    DEBUG org.springframework.web.servlet.mvc.method.annotation.RequestResponseBodyMethodProcessor - Writing [cn.imhtb.live.common.ApiResponse@17a93865]
2026-04-26 08:30:23.194    DEBUG org.springframework.web.servlet.DispatcherServlet - Completed 200 OK
2026-04-26 08:30:23.206    DEBUG org.springframework.web.servlet.DispatcherServlet - GET "/api/v1/room/setting/info", parameters={}
2026-04-26 08:30:23.206    DEBUG org.springframework.web.servlet.DispatcherServlet - GET "/api/v1/live/getLiveStatus", parameters={}
2026-04-26 08:30:23.208    DEBUG org.springframework.web.servlet.mvc.method.annotation.RequestMappingHandlerMapping - Mapped to cn.imhtb.live.modules.live.controller.RoomController#settingInfo(HttpServletRequest)
2026-04-26 08:30:23.208    DEBUG org.springframework.web.servlet.mvc.method.annotation.RequestMappingHandlerMapping - Mapped to cn.imhtb.live.modules.live.controller.AntLiveController#getLiveStatus()
2026-04-26 08:30:23.210    DEBUG org.springframework.web.servlet.mvc.method.annotation.RequestResponseBodyMethodProcessor - Using 'application/json', given [application/json, text/plain, */*] and supported [application/json, application/*+json, application/json, application/*+json]
2026-04-26 08:30:23.210    DEBUG org.springframework.web.servlet.mvc.method.annotation.RequestResponseBodyMethodProcessor - Writing [cn.imhtb.live.common.ApiResponse@173c6e9a]
2026-04-26 08:30:23.211    DEBUG org.springframework.web.servlet.mvc.method.annotation.RequestResponseBodyMethodProcessor - Using 'application/json', given [application/json, text/plain, */*] and supported [application/json, application/*+json, application/json, application/*+json]
2026-04-26 08:30:23.211    DEBUG org.springframework.web.servlet.DispatcherServlet - Completed 200 OK
2026-04-26 08:30:23.211    DEBUG org.springframework.web.servlet.mvc.method.annotation.RequestResponseBodyMethodProcessor - Writing [cn.imhtb.live.common.ApiResponse@d3a5640]
2026-04-26 08:30:23.212    DEBUG org.springframework.web.servlet.DispatcherServlet - Completed 200 OK
2026-04-26 08:30:24.408    INFO  cn.imhtb.live.modules.server.netty.WebSocketServerHandler - d01b3d95 WebSocket 握手完成
2026-04-26 08:30:24.430    DEBUG org.springframework.web.servlet.DispatcherServlet - GET "/api/v1/live/getLiveStatus", parameters={}
2026-04-26 08:30:24.430    DEBUG org.springframework.web.servlet.DispatcherServlet - GET "/api/v1/room/setting/info", parameters={}
2026-04-26 08:30:24.431    DEBUG org.springframework.web.servlet.mvc.method.annotation.RequestMappingHandlerMapping - Mapped to cn.imhtb.live.modules.live.controller.AntLiveController#getLiveStatus()
2026-04-26 08:30:24.431    DEBUG org.springframework.web.servlet.mvc.method.annotation.RequestMappingHandlerMapping - Mapped to cn.imhtb.live.modules.live.controller.RoomController#settingInfo(HttpServletRequest)
2026-04-26 08:30:24.433    DEBUG org.springframework.web.servlet.mvc.method.annotation.RequestResponseBodyMethodProcessor - Using 'application/json', given [application/json, text/plain, */*] and supported [application/json, application/*+json, application/json, application/*+json]
2026-04-26 08:30:24.433    DEBUG org.springframework.web.servlet.mvc.method.annotation.RequestResponseBodyMethodProcessor - Writing [cn.imhtb.live.common.ApiResponse@4e98c0e1]
2026-04-26 08:30:24.434    DEBUG org.springframework.web.servlet.DispatcherServlet - Completed 200 OK
2026-04-26 08:30:24.435    DEBUG org.springframework.web.servlet.mvc.method.annotation.RequestResponseBodyMethodProcessor - Using 'application/json', given [application/json, text/plain, */*] and supported [application/json, application/*+json, application/json, application/*+json]
2026-04-26 08:30:24.435    DEBUG org.springframework.web.servlet.mvc.method.annotation.RequestResponseBodyMethodProcessor - Writing [cn.imhtb.live.common.ApiResponse@399078f3]
2026-04-26 08:30:24.436    DEBUG org.springframework.web.servlet.DispatcherServlet - Completed 200 OK
2026-04-26 08:30:26.453    DEBUG org.springframework.web.servlet.DispatcherServlet - POST "/api/v1/live/guard/check", parameters={multipart}
2026-04-26 08:30:26.461    DEBUG org.springframework.web.servlet.mvc.method.annotation.RequestMappingHandlerMapping - Mapped to cn.imhtb.live.modules.live.controller.AntLiveController#guardCheck(Integer, MultipartFile)
2026-04-26 08:30:26.470    DEBUG org.springframework.web.client.RestTemplate - HTTP POST http://localhost:8000/check
2026-04-26 08:30:26.471    DEBUG org.springframework.web.client.RestTemplate - Accept=[application/json, application/*+json]
2026-04-26 08:30:26.471    DEBUG org.springframework.web.client.RestTemplate - Writing [{file=[Byte array resource [resource loaded from byte array]]}] as "multipart/form-data"
2026-04-26 08:30:28.376    DEBUG org.springframework.web.servlet.DispatcherServlet - GET "/api/v1/chat/getPopularity?roomId=17", parameters={masked}
2026-04-26 08:30:28.377    DEBUG org.springframework.web.servlet.mvc.method.annotation.RequestMappingHandlerMapping - Mapped to cn.imhtb.live.modules.server.netty.web.ChatController#getPopularity(Integer)
2026-04-26 08:30:28.378    DEBUG org.springframework.web.servlet.mvc.method.annotation.RequestResponseBodyMethodProcessor - Using 'application/json', given [application/json, text/plain, */*] and supported [application/json, application/*+json, application/json, application/*+json]
2026-04-26 08:30:28.378    DEBUG org.springframework.web.servlet.mvc.method.annotation.RequestResponseBodyMethodProcessor - Writing [cn.imhtb.live.common.ApiResponse@1e20964a]
2026-04-26 08:30:28.381    DEBUG org.springframework.web.servlet.DispatcherServlet - Completed 200 OK
2026-04-26 08:30:30.004    DEBUG org.springframework.web.servlet.DispatcherServlet - GET "/api/v1/room/living", parameters={}
2026-04-26 08:30:30.005    DEBUG org.springframework.web.servlet.DispatcherServlet - GET "/api/v1/category/query", parameters={}
2026-04-26 08:30:30.015    DEBUG org.springframework.web.servlet.mvc.method.annotation.RequestMappingHandlerMapping - Mapped to cn.imhtb.live.modules.live.controller.RoomController#livingRoom(Integer, Integer, Integer)
2026-04-26 08:30:30.005    DEBUG org.springframework.web.servlet.DispatcherServlet - GET "/api/v1/watch/list?type=0&page=1&limit=6", parameters={masked}
2026-04-26 08:30:30.015    DEBUG org.springframework.web.servlet.mvc.method.annotation.RequestMappingHandlerMapping - Mapped to cn.imhtb.live.modules.live.controller.CategoryController#queryCategoryPage(Integer, Integer)
2026-04-26 08:30:30.016    DEBUG org.springframework.web.servlet.mvc.method.annotation.RequestMappingHandlerMapping - Mapped to cn.imhtb.live.modules.live.controller.WatchController#listWatches(Integer, Integer, Integer)
2026-04-26 08:30:30.022    DEBUG org.springframework.web.servlet.mvc.method.annotation.RequestResponseBodyMethodProcessor - Using 'application/json', given [application/json, text/plain, */*] and supported [application/json, application/*+json, application/json, application/*+json]
2026-04-26 08:30:30.023    DEBUG org.springframework.web.servlet.mvc.method.annotation.RequestResponseBodyMethodProcessor - Writing [cn.imhtb.live.common.ApiResponse@1562c5cf]
2026-04-26 08:30:30.024    DEBUG org.springframework.web.servlet.DispatcherServlet - Completed 200 OK
2026-04-26 08:30:30.025    DEBUG org.springframework.web.servlet.mvc.method.annotation.RequestResponseBodyMethodProcessor - Using 'application/json', given [application/json, text/plain, */*] and supported [application/json, application/*+json, application/json, application/*+json]
2026-04-26 08:30:30.025    DEBUG org.springframework.web.servlet.mvc.method.annotation.RequestResponseBodyMethodProcessor - Using 'application/json', given [application/json, text/plain, */*] and supported [application/json, application/*+json, application/json, application/*+json]
2026-04-26 08:30:30.026    DEBUG org.springframework.web.servlet.mvc.method.annotation.RequestResponseBodyMethodProcessor - Writing [cn.imhtb.live.common.ApiResponse@2eb1c6f2]
2026-04-26 08:30:30.026    DEBUG org.springframework.web.servlet.mvc.method.annotation.RequestResponseBodyMethodProcessor - Writing [cn.imhtb.live.common.ApiResponse@45eb8417]
2026-04-26 08:30:30.026    DEBUG org.springframework.web.servlet.DispatcherServlet - Completed 200 OK
2026-04-26 08:30:30.026    DEBUG org.springframework.web.servlet.DispatcherServlet - Completed 200 OK
2026-04-26 08:30:30.046    DEBUG org.springframework.web.servlet.DispatcherServlet - GET "/api/v1/chat/getPopularity?roomId=17", parameters={masked}
2026-04-26 08:30:30.046    DEBUG org.springframework.web.servlet.DispatcherServlet - GET "/api/v1/chat/getPopularity?roomId=1", parameters={masked}
2026-04-26 08:30:30.048    DEBUG org.springframework.web.servlet.mvc.method.annotation.RequestMappingHandlerMapping - Mapped to cn.imhtb.live.modules.server.netty.web.ChatController#getPopularity(Integer)
2026-04-26 08:30:30.048    DEBUG org.springframework.web.servlet.mvc.method.annotation.RequestMappingHandlerMapping - Mapped to cn.imhtb.live.modules.server.netty.web.ChatController#getPopularity(Integer)
2026-04-26 08:30:30.048    DEBUG org.springframework.web.servlet.mvc.method.annotation.RequestResponseBodyMethodProcessor - Using 'application/json', given [application/json, text/plain, */*] and supported [application/json, application/*+json, application/json, application/*+json]
2026-04-26 08:30:30.049    DEBUG org.springframework.web.servlet.mvc.method.annotation.RequestResponseBodyMethodProcessor - Using 'application/json', given [application/json, text/plain, */*] and supported [application/json, application/*+json, application/json, application/*+json]
2026-04-26 08:30:30.049    DEBUG org.springframework.web.servlet.mvc.method.annotation.RequestResponseBodyMethodProcessor - Writing [cn.imhtb.live.common.ApiResponse@44622d3b]
2026-04-26 08:30:30.049    DEBUG org.springframework.web.servlet.DispatcherServlet - GET "/api/v1/chat/getPopularity?roomId=2", parameters={masked}
2026-04-26 08:30:30.049    DEBUG org.springframework.web.servlet.mvc.method.annotation.RequestResponseBodyMethodProcessor - Writing [cn.imhtb.live.common.ApiResponse@757e362e]
2026-04-26 08:30:30.050    DEBUG org.springframework.web.servlet.DispatcherServlet - Completed 200 OK
2026-04-26 08:30:30.051    DEBUG org.springframework.web.servlet.DispatcherServlet - Completed 200 OK
2026-04-26 08:30:30.050    DEBUG org.springframework.web.servlet.mvc.method.annotation.RequestMappingHandlerMapping - Mapped to cn.imhtb.live.modules.server.netty.web.ChatController#getPopularity(Integer)
2026-04-26 08:30:30.051    DEBUG org.springframework.web.servlet.mvc.method.annotation.RequestResponseBodyMethodProcessor - Using 'application/json', given [application/json, text/plain, */*] and supported [application/json, application/*+json, application/json, application/*+json]
2026-04-26 08:30:30.052    DEBUG org.springframework.web.servlet.mvc.method.annotation.RequestResponseBodyMethodProcessor - Writing [cn.imhtb.live.common.ApiResponse@67b7576]
2026-04-26 08:30:30.053    DEBUG org.springframework.web.servlet.DispatcherServlet - Completed 200 OK
2026-04-26 08:30:30.066    DEBUG org.springframework.web.servlet.DispatcherServlet - GET "/api/v1/chat/getPopularity?roomId=1", parameters={masked}
2026-04-26 08:30:30.067    DEBUG org.springframework.web.servlet.mvc.method.annotation.RequestMappingHandlerMapping - Mapped to cn.imhtb.live.modules.server.netty.web.ChatController#getPopularity(Integer)
2026-04-26 08:30:30.068    DEBUG org.springframework.web.servlet.mvc.method.annotation.RequestResponseBodyMethodProcessor - Using 'application/json', given [application/json, text/plain, */*] and supported [application/json, application/*+json, application/json, application/*+json]
2026-04-26 08:30:30.068    DEBUG org.springframework.web.servlet.mvc.method.annotation.RequestResponseBodyMethodProcessor - Writing [cn.imhtb.live.common.ApiResponse@2754b66]
2026-04-26 08:30:30.069    DEBUG org.springframework.web.servlet.DispatcherServlet - Completed 200 OK
2026-04-26 08:30:30.070    DEBUG org.springframework.web.servlet.DispatcherServlet - GET "/api/v1/chat/getPopularity?roomId=2", parameters={masked}
2026-04-26 08:30:30.071    DEBUG org.springframework.web.servlet.mvc.method.annotation.RequestMappingHandlerMapping - Mapped to cn.imhtb.live.modules.server.netty.web.ChatController#getPopularity(Integer)
2026-04-26 08:30:30.072    DEBUG org.springframework.web.servlet.mvc.method.annotation.RequestResponseBodyMethodProcessor - Using 'application/json', given [application/json, text/plain, */*] and supported [application/json, application/*+json, application/json, application/*+json]
2026-04-26 08:30:30.072    DEBUG org.springframework.web.servlet.mvc.method.annotation.RequestResponseBodyMethodProcessor - Writing [cn.imhtb.live.common.ApiResponse@6e85588c]
2026-04-26 08:30:30.073    DEBUG org.springframework.web.servlet.DispatcherServlet - Completed 200 OK
2026-04-26 08:30:32.272    INFO  cn.imhtb.live.modules.server.netty.handler.HttpHeaderHandler - connect userId = 10001, token: Bearer eyJhbGciOiJIUzI1NiJ9.eyJzdWIiOiJhZG1pbiIsImp0aSI6IjEwMDAxIiwidXNlcm5hbWUiOiJQaW5UZWgiLCJpYXQiOjE3NzcxMTY0MDUsImV4cCI6MTc3NzIwMjgwNX0.jFi949u19QIFBLm9mjZqOp10JyUeQizTG41pcoffg_U
2026-04-26 08:30:32.272    INFO  cn.imhtb.live.modules.server.netty.WebSocketServerHandler - 085174bc WebSocket 握手完成
2026-04-26 08:30:32.279    DEBUG org.springframework.web.servlet.DispatcherServlet - GET "/api/v1/present/list", parameters={}
2026-04-26 08:30:32.280    DEBUG org.springframework.web.servlet.mvc.method.annotation.RequestMappingHandlerMapping - Mapped to cn.imhtb.live.modules.live.controller.PresentController#list()
2026-04-26 08:30:32.280    DEBUG org.springframework.web.servlet.DispatcherServlet - GET "/api/v1/room/intimacy/rank?roomId=17", parameters={masked}
2026-04-26 08:30:32.280    DEBUG org.springframework.web.servlet.DispatcherServlet - GET "/api/v1/wallet/getBalance", parameters={}
2026-04-26 08:30:32.280    DEBUG org.springframework.web.servlet.DispatcherServlet - GET "/api/v1/room/detail?roomId=17", parameters={masked}
2026-04-26 08:30:32.280    DEBUG org.springframework.web.servlet.mvc.method.annotation.RequestMappingHandlerMapping - Mapped to cn.imhtb.live.modules.live.controller.RoomController#intimacyRank(Integer)
2026-04-26 08:30:32.282    DEBUG org.springframework.web.servlet.mvc.method.annotation.RequestResponseBodyMethodProcessor - Using 'application/json', given [application/json, text/plain, */*] and supported [application/json, application/*+json, application/json, application/*+json]
2026-04-26 08:30:32.281    DEBUG org.springframework.web.servlet.mvc.method.annotation.RequestMappingHandlerMapping - Mapped to cn.imhtb.live.modules.wallet.controller.WalletController#getBalance()
2026-04-26 08:30:32.281    DEBUG org.springframework.web.servlet.mvc.method.annotation.RequestMappingHandlerMapping - Mapped to cn.imhtb.live.modules.live.controller.RoomController#getRoomInfo(Integer)
2026-04-26 08:30:32.283    DEBUG org.springframework.web.servlet.mvc.method.annotation.RequestResponseBodyMethodProcessor - Using 'application/json', given [application/json, text/plain, */*] and supported [application/json, application/*+json, application/json, application/*+json]
2026-04-26 08:30:32.284    DEBUG org.springframework.web.servlet.mvc.method.annotation.RequestResponseBodyMethodProcessor - Writing [cn.imhtb.live.common.ApiResponse@11d05194]
2026-04-26 08:30:32.285    DEBUG org.springframework.jdbc.core.JdbcTemplate - Executing prepared SQL query
2026-04-26 08:30:32.285    DEBUG org.springframework.web.servlet.mvc.method.annotation.RequestResponseBodyMethodProcessor - Writing [cn.imhtb.live.common.ApiResponse@7c0e39ac]
2026-04-26 08:30:32.286    DEBUG org.springframework.web.servlet.DispatcherServlet - Completed 200 OK
2026-04-26 08:30:32.286    DEBUG org.springframework.jdbc.core.JdbcTemplate - Executing prepared SQL statement [SELECT COUNT(*) FROM information_schema.TABLES WHERE TABLE_SCHEMA = DATABASE() AND TABLE_NAME = ?]
2026-04-26 08:30:32.286    DEBUG org.springframework.web.servlet.DispatcherServlet - Completed 200 OK
2026-04-26 08:30:32.289    DEBUG org.springframework.web.servlet.mvc.method.annotation.RequestResponseBodyMethodProcessor - Using 'application/json', given [application/json, text/plain, */*] and supported [application/json, application/*+json, application/json, application/*+json]
2026-04-26 08:30:32.289    DEBUG org.springframework.web.servlet.mvc.method.annotation.RequestResponseBodyMethodProcessor - Writing [cn.imhtb.live.common.ApiResponse@2779462d]
2026-04-26 08:30:32.290    DEBUG org.springframework.web.servlet.DispatcherServlet - Completed 200 OK
2026-04-26 08:30:32.291    DEBUG org.springframework.web.servlet.mvc.method.annotation.RequestResponseBodyMethodProcessor - Using 'application/json', given [application/json, text/plain, */*] and supported [application/json, application/*+json, application/json, application/*+json]
2026-04-26 08:30:32.291    DEBUG org.springframework.web.servlet.mvc.method.annotation.RequestResponseBodyMethodProcessor - Writing [cn.imhtb.live.common.ApiResponse@24976871]
2026-04-26 08:30:32.292    DEBUG org.springframework.web.servlet.DispatcherServlet - Completed 200 OK
2026-04-26 08:30:32.314    INFO  cn.imhtb.live.modules.server.netty.WebSocketServerHandler - 2ec53d86 WebSocket 握手完成
2026-04-26 08:30:32.319    DEBUG org.springframework.web.servlet.DispatcherServlet - GET "/api/v1/room/living", parameters={}
2026-04-26 08:30:32.319    DEBUG org.springframework.web.servlet.mvc.method.annotation.RequestMappingHandlerMapping - Mapped to cn.imhtb.live.modules.live.controller.RoomController#livingRoom(Integer, Integer, Integer)
2026-04-26 08:30:32.330    DEBUG org.springframework.web.servlet.mvc.method.annotation.RequestResponseBodyMethodProcessor - Using 'application/json', given [application/json, text/plain, */*] and supported [application/json, application/*+json, application/json, application/*+json]
2026-04-26 08:30:32.331    DEBUG org.springframework.web.servlet.mvc.method.annotation.RequestResponseBodyMethodProcessor - Writing [cn.imhtb.live.common.ApiResponse@4df5ea10]
2026-04-26 08:30:32.332    DEBUG org.springframework.web.servlet.DispatcherServlet - Completed 200 OK
2026-04-26 08:30:32.348    DEBUG org.springframework.web.servlet.DispatcherServlet - GET "/api/v1/room/extra/info?roomId=17", parameters={masked}
2026-04-26 08:30:32.348    DEBUG org.springframework.web.servlet.mvc.method.annotation.RequestMappingHandlerMapping - Mapped to cn.imhtb.live.modules.live.controller.RoomController#extraInfo(Integer)
2026-04-26 08:30:32.349    DEBUG org.springframework.web.servlet.DispatcherServlet - POST "/api/v1/watch/history/save", parameters={}
2026-04-26 08:30:32.349    DEBUG org.springframework.web.servlet.mvc.method.annotation.RequestMappingHandlerMapping - Mapped to cn.imhtb.live.modules.live.controller.WatchController#saveHistory(RelationSaveRequest)
2026-04-26 08:30:32.351    DEBUG org.springframework.web.servlet.mvc.method.annotation.RequestResponseBodyMethodProcessor - Using 'application/json', given [application/json, text/plain, */*] and supported [application/json, application/*+json, application/json, application/*+json]
2026-04-26 08:30:32.351    DEBUG org.springframework.web.servlet.mvc.method.annotation.RequestResponseBodyMethodProcessor - Writing [cn.imhtb.live.common.ApiResponse@435d3e8b]
2026-04-26 08:30:32.351    DEBUG org.springframework.web.servlet.mvc.method.annotation.RequestResponseBodyMethodProcessor - Read "application/json;charset=UTF-8" to [RelationSaveRequest(roomId=17, act=null)]
2026-04-26 08:30:32.351    DEBUG org.springframework.web.servlet.DispatcherServlet - Completed 200 OK
2026-04-26 08:30:32.354    DEBUG org.springframework.web.servlet.mvc.method.annotation.RequestResponseBodyMethodProcessor - Using 'application/json', given [application/json, text/plain, */*] and supported [application/json, application/*+json, application/json, application/*+json]
2026-04-26 08:30:32.354    DEBUG org.springframework.web.servlet.mvc.method.annotation.RequestResponseBodyMethodProcessor - Writing [cn.imhtb.live.common.ApiResponse@38ff3f8c]
2026-04-26 08:30:32.355    DEBUG org.springframework.web.servlet.DispatcherServlet - Completed 200 OK
2026-04-26 08:30:32.798    DEBUG org.springframework.web.client.RestTemplate - Response 200 OK
2026-04-26 08:30:32.799    DEBUG org.springframework.web.client.RestTemplate - Reading to [java.util.Map<?, ?>]
2026-04-26 08:30:32.800    DEBUG org.springframework.web.servlet.mvc.method.annotation.RequestResponseBodyMethodProcessor - Using 'application/json', given [application/json, text/plain, */*] and supported [application/json, application/*+json, application/json, application/*+json]
2026-04-26 08:30:32.801    DEBUG org.springframework.web.servlet.mvc.method.annotation.RequestResponseBodyMethodProcessor - Writing [cn.imhtb.live.common.ApiResponse@2b3aa044]
2026-04-26 08:30:32.801    DEBUG org.springframework.web.servlet.DispatcherServlet - Completed 200 OK
2026-04-26 08:30:39.442    DEBUG org.springframework.web.servlet.DispatcherServlet - POST "/api/v1/live/guard/check", parameters={multipart}
2026-04-26 08:30:39.454    DEBUG org.springframework.web.servlet.mvc.method.annotation.RequestMappingHandlerMapping - Mapped to cn.imhtb.live.modules.live.controller.AntLiveController#guardCheck(Integer, MultipartFile)
2026-04-26 08:30:39.463    DEBUG org.springframework.web.client.RestTemplate - HTTP POST http://localhost:8000/check
2026-04-26 08:30:39.463    DEBUG org.springframework.web.client.RestTemplate - Accept=[application/json, application/*+json]
2026-04-26 08:30:39.463    DEBUG org.springframework.web.client.RestTemplate - Writing [{file=[Byte array resource [resource loaded from byte array]]}] as "multipart/form-data"
2026-04-26 08:30:42.281    DEBUG org.springframework.web.servlet.DispatcherServlet - GET "/api/v1/chat/getPopularity?roomId=17", parameters={masked}
2026-04-26 08:30:42.286    DEBUG org.springframework.web.servlet.mvc.method.annotation.RequestMappingHandlerMapping - Mapped to cn.imhtb.live.modules.server.netty.web.ChatController#getPopularity(Integer)
2026-04-26 08:30:42.293    DEBUG org.springframework.web.servlet.mvc.method.annotation.RequestResponseBodyMethodProcessor - Using 'application/json', given [application/json, text/plain, */*] and supported [application/json, application/*+json, application/json, application/*+json]
2026-04-26 08:30:42.295    DEBUG org.springframework.web.servlet.mvc.method.annotation.RequestResponseBodyMethodProcessor - Writing [cn.imhtb.live.common.ApiResponse@1d3cbb39]
2026-04-26 08:30:42.295    DEBUG org.springframework.web.servlet.DispatcherServlet - Completed 200 OK
2026-04-26 08:30:45.588    DEBUG org.springframework.web.client.RestTemplate - Response 200 OK
2026-04-26 08:30:45.588    DEBUG org.springframework.web.client.RestTemplate - Reading to [java.util.Map<?, ?>]
2026-04-26 08:30:45.590    DEBUG org.springframework.web.servlet.mvc.method.annotation.RequestResponseBodyMethodProcessor - Using 'application/json', given [application/json, text/plain, */*] and supported [application/json, application/*+json, application/json, application/*+json]
2026-04-26 08:30:45.590    DEBUG org.springframework.web.servlet.mvc.method.annotation.RequestResponseBodyMethodProcessor - Writing [cn.imhtb.live.common.ApiResponse@1bcfc77a]
2026-04-26 08:30:45.591    DEBUG org.springframework.web.servlet.DispatcherServlet - Completed 200 OK
2026-04-26 08:30:47.463    DEBUG org.springframework.web.servlet.DispatcherServlet - POST "/api/v1/live/guard/check", parameters={multipart}
2026-04-26 08:30:47.468    DEBUG org.springframework.web.servlet.mvc.method.annotation.RequestMappingHandlerMapping - Mapped to cn.imhtb.live.modules.live.controller.AntLiveController#guardCheck(Integer, MultipartFile)
2026-04-26 08:30:47.478    DEBUG org.springframework.web.client.RestTemplate - HTTP POST http://localhost:8000/check
2026-04-26 08:30:47.479    DEBUG org.springframework.web.client.RestTemplate - Accept=[application/json, application/*+json]
2026-04-26 08:30:47.479    DEBUG org.springframework.web.client.RestTemplate - Writing [{file=[Byte array resource [resource loaded from byte array]]}] as "multipart/form-data"
2026-04-26 08:30:52.272    DEBUG org.springframework.web.servlet.DispatcherServlet - GET "/api/v1/chat/getPopularity?roomId=17", parameters={masked}
2026-04-26 08:30:52.283    DEBUG org.springframework.web.servlet.mvc.method.annotation.RequestMappingHandlerMapping - Mapped to cn.imhtb.live.modules.server.netty.web.ChatController#getPopularity(Integer)
2026-04-26 08:30:52.284    DEBUG org.springframework.web.servlet.mvc.method.annotation.RequestResponseBodyMethodProcessor - Using 'application/json', given [application/json, text/plain, */*] and supported [application/json, application/*+json, application/json, application/*+json]
2026-04-26 08:30:52.285    DEBUG org.springframework.web.servlet.mvc.method.annotation.RequestResponseBodyMethodProcessor - Writing [cn.imhtb.live.common.ApiResponse@70aa110f]
2026-04-26 08:30:52.286    DEBUG org.springframework.web.servlet.DispatcherServlet - Completed 200 OK
2026-04-26 08:30:54.014    DEBUG org.springframework.web.client.RestTemplate - Response 200 OK
2026-04-26 08:30:54.014    DEBUG org.springframework.web.client.RestTemplate - Reading to [java.util.Map<?, ?>]
2026-04-26 08:30:54.015    DEBUG org.springframework.web.servlet.mvc.method.annotation.RequestResponseBodyMethodProcessor - Using 'application/json', given [application/json, text/plain, */*] and supported [application/json, application/*+json, application/json, application/*+json]
2026-04-26 08:30:54.016    DEBUG org.springframework.web.servlet.mvc.method.annotation.RequestResponseBodyMethodProcessor - Writing [cn.imhtb.live.common.ApiResponse@549fdc5c]
2026-04-26 08:30:54.016    DEBUG org.springframework.web.servlet.DispatcherServlet - Completed 200 OK
2026-04-26 08:30:55.459    DEBUG org.springframework.web.servlet.DispatcherServlet - POST "/api/v1/live/guard/check", parameters={multipart}
2026-04-26 08:30:55.463    DEBUG org.springframework.web.servlet.mvc.method.annotation.RequestMappingHandlerMapping - Mapped to cn.imhtb.live.modules.live.controller.AntLiveController#guardCheck(Integer, MultipartFile)
2026-04-26 08:30:55.472    DEBUG org.springframework.web.client.RestTemplate - HTTP POST http://localhost:8000/check
2026-04-26 08:30:55.474    DEBUG org.springframework.web.client.RestTemplate - Accept=[application/json, application/*+json]
2026-04-26 08:30:55.475    DEBUG org.springframework.web.client.RestTemplate - Writing [{file=[Byte array resource [resource loaded from byte array]]}] as "multipart/form-data"
2026-04-26 08:30:57.997    DEBUG org.springframework.web.servlet.DispatcherServlet - POST "/api/v1/chat/sendMsg", parameters={}
2026-04-26 08:30:57.998    DEBUG org.springframework.web.servlet.mvc.method.annotation.RequestMappingHandlerMapping - Mapped to cn.imhtb.live.modules.server.netty.web.ChatController#sendChatMsg(ChatMsgReq)
2026-04-26 08:30:57.999    DEBUG org.springframework.web.servlet.mvc.method.annotation.RequestResponseBodyMethodProcessor - Read "application/json;charset=UTF-8" to [ChatMsgReq(roomId=17, text=大家好)]
2026-04-26 08:30:58.018    DEBUG org.springframework.jdbc.core.JdbcTemplate - Executing prepared SQL query
2026-04-26 08:30:58.019    DEBUG org.springframework.jdbc.core.JdbcTemplate - Executing prepared SQL statement [SELECT COUNT(*) FROM information_schema.TABLES WHERE TABLE_SCHEMA = DATABASE() AND TABLE_NAME = ?]
2026-04-26 08:30:58.040    DEBUG org.springframework.web.servlet.mvc.method.annotation.RequestResponseBodyMethodProcessor - Using 'application/json', given [application/json, text/plain, */*] and supported [application/json, application/*+json, application/json, application/*+json]
2026-04-26 08:30:58.040    DEBUG org.springframework.web.servlet.mvc.method.annotation.RequestResponseBodyMethodProcessor - Writing [cn.imhtb.live.common.ApiResponse@27df67ac]
2026-04-26 08:30:58.041    DEBUG org.springframework.web.servlet.DispatcherServlet - Completed 200 OK
2026-04-26 08:31:02.044    DEBUG org.springframework.web.client.RestTemplate - Response 200 OK
2026-04-26 08:31:02.045    DEBUG org.springframework.web.client.RestTemplate - Reading to [java.util.Map<?, ?>]
2026-04-26 08:31:02.047    DEBUG org.springframework.web.servlet.mvc.method.annotation.RequestResponseBodyMethodProcessor - Using 'application/json', given [application/json, text/plain, */*] and supported [application/json, application/*+json, application/json, application/*+json]
2026-04-26 08:31:02.047    DEBUG org.springframework.web.servlet.mvc.method.annotation.RequestResponseBodyMethodProcessor - Writing [cn.imhtb.live.common.ApiResponse@1c62af1a]
2026-04-26 08:31:02.048    DEBUG org.springframework.web.servlet.DispatcherServlet - Completed 200 OK
2026-04-26 08:31:02.271    DEBUG org.springframework.web.servlet.DispatcherServlet - GET "/api/v1/chat/getPopularity?roomId=17", parameters={masked}
2026-04-26 08:31:02.272    DEBUG org.springframework.web.servlet.mvc.method.annotation.RequestMappingHandlerMapping - Mapped to cn.imhtb.live.modules.server.netty.web.ChatController#getPopularity(Integer)
2026-04-26 08:31:02.273    DEBUG org.springframework.web.servlet.mvc.method.annotation.RequestResponseBodyMethodProcessor - Using 'application/json', given [application/json, text/plain, */*] and supported [application/json, application/*+json, application/json, application/*+json]
2026-04-26 08:31:02.274    DEBUG org.springframework.web.servlet.mvc.method.annotation.RequestResponseBodyMethodProcessor - Writing [cn.imhtb.live.common.ApiResponse@1511c1a4]
2026-04-26 08:31:02.275    DEBUG org.springframework.web.servlet.DispatcherServlet - Completed 200 OK
2026-04-26 08:31:02.442    DEBUG org.springframework.web.servlet.DispatcherServlet - POST "/api/v1/live/guard/check", parameters={multipart}
2026-04-26 08:31:02.448    DEBUG org.springframework.web.servlet.mvc.method.annotation.RequestMappingHandlerMapping - Mapped to cn.imhtb.live.modules.live.controller.AntLiveController#guardCheck(Integer, MultipartFile)
2026-04-26 08:31:02.462    DEBUG org.springframework.web.client.RestTemplate - HTTP POST http://localhost:8000/check
2026-04-26 08:31:02.463    DEBUG org.springframework.web.client.RestTemplate - Accept=[application/json, application/*+json]
2026-04-26 08:31:02.463    DEBUG org.springframework.web.client.RestTemplate - Writing [{file=[Byte array resource [resource loaded from byte array]]}] as "multipart/form-data"
2026-04-26 08:31:07.631    DEBUG org.springframework.web.client.RestTemplate - Response 200 OK
2026-04-26 08:31:07.631    DEBUG org.springframework.web.client.RestTemplate - Reading to [java.util.Map<?, ?>]
2026-04-26 08:31:07.632    DEBUG org.springframework.web.servlet.mvc.method.annotation.RequestResponseBodyMethodProcessor - Using 'application/json', given [application/json, text/plain, */*] and supported [application/json, application/*+json, application/json, application/*+json]
2026-04-26 08:31:07.632    DEBUG org.springframework.web.servlet.mvc.method.annotation.RequestResponseBodyMethodProcessor - Writing [cn.imhtb.live.common.ApiResponse@1755cbcc]
2026-04-26 08:31:07.633    DEBUG org.springframework.web.servlet.DispatcherServlet - Completed 200 OK
2026-04-26 08:31:08.453    DEBUG org.springframework.web.servlet.DispatcherServlet - POST "/api/v1/live/guard/check", parameters={multipart}
2026-04-26 08:31:08.455    DEBUG org.springframework.web.servlet.mvc.method.annotation.RequestMappingHandlerMapping - Mapped to cn.imhtb.live.modules.live.controller.AntLiveController#guardCheck(Integer, MultipartFile)
2026-04-26 08:31:08.465    DEBUG org.springframework.web.client.RestTemplate - HTTP POST http://localhost:8000/check
2026-04-26 08:31:08.465    DEBUG org.springframework.web.client.RestTemplate - Accept=[application/json, application/*+json]
2026-04-26 08:31:08.465    DEBUG org.springframework.web.client.RestTemplate - Writing [{file=[Byte array resource [resource loaded from byte array]]}] as "multipart/form-data"
2026-04-26 08:31:12.141    DEBUG org.springframework.web.client.RestTemplate - Response 200 OK
2026-04-26 08:31:12.142    DEBUG org.springframework.web.client.RestTemplate - Reading to [java.util.Map<?, ?>]
2026-04-26 08:31:12.143    DEBUG org.springframework.web.servlet.mvc.method.annotation.RequestResponseBodyMethodProcessor - Using 'application/json', given [application/json, text/plain, */*] and supported [application/json, application/*+json, application/json, application/*+json]
2026-04-26 08:31:12.143    DEBUG org.springframework.web.servlet.mvc.method.annotation.RequestResponseBodyMethodProcessor - Writing [cn.imhtb.live.common.ApiResponse@1aab0544]
2026-04-26 08:31:12.145    DEBUG org.springframework.web.servlet.DispatcherServlet - Completed 200 OK
2026-04-26 08:31:12.273    DEBUG org.springframework.web.servlet.DispatcherServlet - GET "/api/v1/chat/getPopularity?roomId=17", parameters={masked}
2026-04-26 08:31:12.273    DEBUG org.springframework.web.servlet.mvc.method.annotation.RequestMappingHandlerMapping - Mapped to cn.imhtb.live.modules.server.netty.web.ChatController#getPopularity(Integer)
2026-04-26 08:31:12.273    DEBUG org.springframework.web.servlet.mvc.method.annotation.RequestResponseBodyMethodProcessor - Using 'application/json', given [application/json, text/plain, */*] and supported [application/json, application/*+json, application/json, application/*+json]
2026-04-26 08:31:12.274    DEBUG org.springframework.web.servlet.mvc.method.annotation.RequestResponseBodyMethodProcessor - Writing [cn.imhtb.live.common.ApiResponse@204fb91f]
2026-04-26 08:31:12.274    DEBUG org.springframework.web.servlet.DispatcherServlet - Completed 200 OK
2026-04-26 08:31:12.535    DEBUG org.springframework.web.servlet.DispatcherServlet - POST "/api/v1/live/guard/check", parameters={multipart}
2026-04-26 08:31:12.536    DEBUG org.springframework.web.servlet.mvc.method.annotation.RequestMappingHandlerMapping - Mapped to cn.imhtb.live.modules.live.controller.AntLiveController#guardCheck(Integer, MultipartFile)
2026-04-26 08:31:12.542    DEBUG org.springframework.web.client.RestTemplate - HTTP POST http://localhost:8000/check
2026-04-26 08:31:12.543    DEBUG org.springframework.web.client.RestTemplate - Accept=[application/json, application/*+json]
2026-04-26 08:31:12.543    DEBUG org.springframework.web.client.RestTemplate - Writing [{file=[Byte array resource [resource loaded from byte array]]}] as "multipart/form-data"
2026-04-26 08:31:16.088    DEBUG org.springframework.web.client.RestTemplate - Response 200 OK
2026-04-26 08:31:16.088    DEBUG org.springframework.web.client.RestTemplate - Reading to [java.util.Map<?, ?>]
2026-04-26 08:31:16.090    DEBUG org.springframework.web.servlet.mvc.method.annotation.RequestResponseBodyMethodProcessor - Using 'application/json', given [application/json, text/plain, */*] and supported [application/json, application/*+json, application/json, application/*+json]
2026-04-26 08:31:16.090    DEBUG org.springframework.web.servlet.mvc.method.annotation.RequestResponseBodyMethodProcessor - Writing [cn.imhtb.live.common.ApiResponse@2e5b91e3]
2026-04-26 08:31:16.092    DEBUG org.springframework.web.servlet.DispatcherServlet - Completed 200 OK
2026-04-26 08:31:17.448    DEBUG org.springframework.web.servlet.DispatcherServlet - POST "/api/v1/live/guard/check", parameters={multipart}
2026-04-26 08:31:17.450    DEBUG org.springframework.web.servlet.mvc.method.annotation.RequestMappingHandlerMapping - Mapped to cn.imhtb.live.modules.live.controller.AntLiveController#guardCheck(Integer, MultipartFile)
2026-04-26 08:31:17.456    DEBUG org.springframework.web.client.RestTemplate - HTTP POST http://localhost:8000/check
2026-04-26 08:31:17.456    DEBUG org.springframework.web.client.RestTemplate - Accept=[application/json, application/*+json]
2026-04-26 08:31:17.456    DEBUG org.springframework.web.client.RestTemplate - Writing [{file=[Byte array resource [resource loaded from byte array]]}] as "multipart/form-data"
2026-04-26 08:31:20.991    DEBUG org.springframework.web.client.RestTemplate - Response 200 OK
2026-04-26 08:31:20.991    DEBUG org.springframework.web.client.RestTemplate - Reading to [java.util.Map<?, ?>]
2026-04-26 08:31:20.993    DEBUG org.springframework.web.servlet.mvc.method.annotation.RequestResponseBodyMethodProcessor - Using 'application/json', given [application/json, text/plain, */*] and supported [application/json, application/*+json, application/json, application/*+json]
2026-04-26 08:31:20.993    DEBUG org.springframework.web.servlet.mvc.method.annotation.RequestResponseBodyMethodProcessor - Writing [cn.imhtb.live.common.ApiResponse@13b7abdc]
2026-04-26 08:31:20.994    DEBUG org.springframework.web.servlet.DispatcherServlet - Completed 200 OK
2026-04-26 08:31:22.269    DEBUG org.springframework.web.servlet.DispatcherServlet - GET "/api/v1/chat/getPopularity?roomId=17", parameters={masked}
2026-04-26 08:31:22.270    DEBUG org.springframework.web.servlet.mvc.method.annotation.RequestMappingHandlerMapping - Mapped to cn.imhtb.live.modules.server.netty.web.ChatController#getPopularity(Integer)
2026-04-26 08:31:22.270    DEBUG org.springframework.web.servlet.mvc.method.annotation.RequestResponseBodyMethodProcessor - Using 'application/json', given [application/json, text/plain, */*] and supported [application/json, application/*+json, application/json, application/*+json]
2026-04-26 08:31:22.270    DEBUG org.springframework.web.servlet.mvc.method.annotation.RequestResponseBodyMethodProcessor - Writing [cn.imhtb.live.common.ApiResponse@3b97fac3]
2026-04-26 08:31:22.272    DEBUG org.springframework.web.servlet.DispatcherServlet - Completed 200 OK
2026-04-26 08:31:23.443    DEBUG org.springframework.web.servlet.DispatcherServlet - POST "/api/v1/live/guard/check", parameters={multipart}
2026-04-26 08:31:23.455    DEBUG org.springframework.web.servlet.mvc.method.annotation.RequestMappingHandlerMapping - Mapped to cn.imhtb.live.modules.live.controller.AntLiveController#guardCheck(Integer, MultipartFile)
2026-04-26 08:31:23.462    DEBUG org.springframework.web.client.RestTemplate - HTTP POST http://localhost:8000/check
2026-04-26 08:31:23.462    DEBUG org.springframework.web.client.RestTemplate - Accept=[application/json, application/*+json]
2026-04-26 08:31:23.462    DEBUG org.springframework.web.client.RestTemplate - Writing [{file=[Byte array resource [resource loaded from byte array]]}] as "multipart/form-data"
2026-04-26 08:31:26.952    DEBUG org.springframework.web.client.RestTemplate - Response 200 OK
2026-04-26 08:31:26.953    DEBUG org.springframework.web.client.RestTemplate - Reading to [java.util.Map<?, ?>]
2026-04-26 08:31:26.955    DEBUG org.springframework.web.servlet.mvc.method.annotation.RequestResponseBodyMethodProcessor - Using 'application/json', given [application/json, text/plain, */*] and supported [application/json, application/*+json, application/json, application/*+json]
2026-04-26 08:31:26.955    DEBUG org.springframework.web.servlet.mvc.method.annotation.RequestResponseBodyMethodProcessor - Writing [cn.imhtb.live.common.ApiResponse@aca8ba8]
2026-04-26 08:31:26.957    DEBUG org.springframework.web.servlet.DispatcherServlet - Completed 200 OK
2026-04-26 08:31:29.441    DEBUG org.springframework.web.servlet.DispatcherServlet - POST "/api/v1/live/guard/check", parameters={multipart}
2026-04-26 08:31:29.444    DEBUG org.springframework.web.servlet.mvc.method.annotation.RequestMappingHandlerMapping - Mapped to cn.imhtb.live.modules.live.controller.AntLiveController#guardCheck(Integer, MultipartFile)
2026-04-26 08:31:29.454    DEBUG org.springframework.web.client.RestTemplate - HTTP POST http://localhost:8000/check
2026-04-26 08:31:29.454    DEBUG org.springframework.web.client.RestTemplate - Accept=[application/json, application/*+json]
2026-04-26 08:31:29.454    DEBUG org.springframework.web.client.RestTemplate - Writing [{file=[Byte array resource [resource loaded from byte array]]}] as "multipart/form-data"
2026-04-26 08:31:32.275    DEBUG org.springframework.web.servlet.DispatcherServlet - GET "/api/v1/chat/getPopularity?roomId=17", parameters={masked}
2026-04-26 08:31:32.286    DEBUG org.springframework.web.servlet.mvc.method.annotation.RequestMappingHandlerMapping - Mapped to cn.imhtb.live.modules.server.netty.web.ChatController#getPopularity(Integer)
2026-04-26 08:31:32.287    DEBUG org.springframework.web.servlet.mvc.method.annotation.RequestResponseBodyMethodProcessor - Using 'application/json', given [application/json, text/plain, */*] and supported [application/json, application/*+json, application/json, application/*+json]
2026-04-26 08:31:32.289    DEBUG org.springframework.web.servlet.mvc.method.annotation.RequestResponseBodyMethodProcessor - Writing [cn.imhtb.live.common.ApiResponse@3f070f80]
2026-04-26 08:31:32.289    DEBUG org.springframework.web.servlet.DispatcherServlet - Completed 200 OK
2026-04-26 08:31:33.268    DEBUG org.springframework.web.client.RestTemplate - Response 200 OK
2026-04-26 08:31:33.268    DEBUG org.springframework.web.client.RestTemplate - Reading to [java.util.Map<?, ?>]
2026-04-26 08:31:33.271    DEBUG org.springframework.web.servlet.mvc.method.annotation.RequestResponseBodyMethodProcessor - Using 'application/json', given [application/json, text/plain, */*] and supported [application/json, application/*+json, application/json, application/*+json]
2026-04-26 08:31:33.271    DEBUG org.springframework.web.servlet.mvc.method.annotation.RequestResponseBodyMethodProcessor - Writing [cn.imhtb.live.common.ApiResponse@27c3adc0]
2026-04-26 08:31:33.272    DEBUG org.springframework.web.servlet.DispatcherServlet - Completed 200 OK
2026-04-26 08:31:34.434    DEBUG org.springframework.web.servlet.DispatcherServlet - POST "/api/v1/live/guard/check", parameters={multipart}
2026-04-26 08:31:34.449    DEBUG org.springframework.web.servlet.mvc.method.annotation.RequestMappingHandlerMapping - Mapped to cn.imhtb.live.modules.live.controller.AntLiveController#guardCheck(Integer, MultipartFile)
2026-04-26 08:31:34.471    DEBUG org.springframework.web.client.RestTemplate - HTTP POST http://localhost:8000/check
2026-04-26 08:31:34.471    DEBUG org.springframework.web.client.RestTemplate - Accept=[application/json, application/*+json]
2026-04-26 08:31:34.472    DEBUG org.springframework.web.client.RestTemplate - Writing [{file=[Byte array resource [resource loaded from byte array]]}] as "multipart/form-data"
2026-04-26 08:31:40.577    DEBUG org.springframework.web.client.RestTemplate - Response 200 OK
2026-04-26 08:31:40.578    DEBUG org.springframework.web.client.RestTemplate - Reading to [java.util.Map<?, ?>]
2026-04-26 08:31:40.579    DEBUG org.springframework.web.servlet.mvc.method.annotation.RequestResponseBodyMethodProcessor - Using 'application/json', given [application/json, text/plain, */*] and supported [application/json, application/*+json, application/json, application/*+json]
2026-04-26 08:31:40.580    DEBUG org.springframework.web.servlet.mvc.method.annotation.RequestResponseBodyMethodProcessor - Writing [cn.imhtb.live.common.ApiResponse@7e8841ec]
2026-04-26 08:31:40.581    DEBUG org.springframework.web.servlet.DispatcherServlet - Completed 200 OK
2026-04-26 08:31:42.275    DEBUG org.springframework.web.servlet.DispatcherServlet - GET "/api/v1/chat/getPopularity?roomId=17", parameters={masked}
2026-04-26 08:31:42.286    DEBUG org.springframework.web.servlet.mvc.method.annotation.RequestMappingHandlerMapping - Mapped to cn.imhtb.live.modules.server.netty.web.ChatController#getPopularity(Integer)
2026-04-26 08:31:42.286    DEBUG org.springframework.web.servlet.mvc.method.annotation.RequestResponseBodyMethodProcessor - Using 'application/json', given [application/json, text/plain, */*] and supported [application/json, application/*+json, application/json, application/*+json]
2026-04-26 08:31:42.286    DEBUG org.springframework.web.servlet.mvc.method.annotation.RequestResponseBodyMethodProcessor - Writing [cn.imhtb.live.common.ApiResponse@4f0be593]
2026-04-26 08:31:42.288    DEBUG org.springframework.web.servlet.DispatcherServlet - Completed 200 OK
2026-04-26 08:31:42.454    DEBUG org.springframework.web.servlet.DispatcherServlet - POST "/api/v1/live/guard/check", parameters={multipart}
2026-04-26 08:31:42.460    DEBUG org.springframework.web.servlet.mvc.method.annotation.RequestMappingHandlerMapping - Mapped to cn.imhtb.live.modules.live.controller.AntLiveController#guardCheck(Integer, MultipartFile)
2026-04-26 08:31:42.476    DEBUG org.springframework.web.client.RestTemplate - HTTP POST http://localhost:8000/check
2026-04-26 08:31:42.476    DEBUG org.springframework.web.client.RestTemplate - Accept=[application/json, application/*+json]
2026-04-26 08:31:42.477    DEBUG org.springframework.web.client.RestTemplate - Writing [{file=[Byte array resource [resource loaded from byte array]]}] as "multipart/form-data"
2026-04-26 08:31:49.811    DEBUG org.springframework.web.client.RestTemplate - Response 200 OK
2026-04-26 08:31:49.811    DEBUG org.springframework.web.client.RestTemplate - Reading to [java.util.Map<?, ?>]
2026-04-26 08:31:49.814    DEBUG org.springframework.web.servlet.mvc.method.annotation.RequestResponseBodyMethodProcessor - Using 'application/json', given [application/json, text/plain, */*] and supported [application/json, application/*+json, application/json, application/*+json]
2026-04-26 08:31:49.814    DEBUG org.springframework.web.servlet.mvc.method.annotation.RequestResponseBodyMethodProcessor - Writing [cn.imhtb.live.common.ApiResponse@a2dd6e4]
2026-04-26 08:31:49.815    DEBUG org.springframework.web.servlet.DispatcherServlet - Completed 200 OK
2026-04-26 08:31:50.435    DEBUG org.springframework.web.servlet.DispatcherServlet - POST "/api/v1/live/guard/check", parameters={multipart}
2026-04-26 08:31:50.439    DEBUG org.springframework.web.servlet.mvc.method.annotation.RequestMappingHandlerMapping - Mapped to cn.imhtb.live.modules.live.controller.AntLiveController#guardCheck(Integer, MultipartFile)
2026-04-26 08:31:50.448    DEBUG org.springframework.web.client.RestTemplate - HTTP POST http://localhost:8000/check
2026-04-26 08:31:50.449    DEBUG org.springframework.web.client.RestTemplate - Accept=[application/json, application/*+json]
2026-04-26 08:31:50.450    DEBUG org.springframework.web.client.RestTemplate - Writing [{file=[Byte array resource [resource loaded from byte array]]}] as "multipart/form-data"
2026-04-26 08:31:52.278    DEBUG org.springframework.web.servlet.DispatcherServlet - GET "/api/v1/chat/getPopularity?roomId=17", parameters={masked}
2026-04-26 08:31:52.278    DEBUG org.springframework.web.servlet.mvc.method.annotation.RequestMappingHandlerMapping - Mapped to cn.imhtb.live.modules.server.netty.web.ChatController#getPopularity(Integer)
2026-04-26 08:31:52.279    DEBUG org.springframework.web.servlet.mvc.method.annotation.RequestResponseBodyMethodProcessor - Using 'application/json', given [application/json, text/plain, */*] and supported [application/json, application/*+json, application/json, application/*+json]
2026-04-26 08:31:52.280    DEBUG org.springframework.web.servlet.mvc.method.annotation.RequestResponseBodyMethodProcessor - Writing [cn.imhtb.live.common.ApiResponse@59b59ad2]
2026-04-26 08:31:52.281    DEBUG org.springframework.web.servlet.DispatcherServlet - Completed 200 OK
2026-04-26 08:31:56.841    DEBUG org.springframework.web.client.RestTemplate - Response 200 OK
2026-04-26 08:31:56.843    DEBUG org.springframework.web.client.RestTemplate - Reading to [java.util.Map<?, ?>]
2026-04-26 08:31:56.844    DEBUG org.springframework.web.servlet.mvc.method.annotation.RequestResponseBodyMethodProcessor - Using 'application/json', given [application/json, text/plain, */*] and supported [application/json, application/*+json, application/json, application/*+json]
2026-04-26 08:31:56.844    DEBUG org.springframework.web.servlet.mvc.method.annotation.RequestResponseBodyMethodProcessor - Writing [cn.imhtb.live.common.ApiResponse@65672f63]
2026-04-26 08:31:56.846    DEBUG org.springframework.web.servlet.DispatcherServlet - Completed 200 OK
2026-04-26 08:31:58.441    DEBUG org.springframework.web.servlet.DispatcherServlet - POST "/api/v1/live/guard/check", parameters={multipart}
2026-04-26 08:31:58.452    DEBUG org.springframework.web.servlet.mvc.method.annotation.RequestMappingHandlerMapping - Mapped to cn.imhtb.live.modules.live.controller.AntLiveController#guardCheck(Integer, MultipartFile)
2026-04-26 08:31:58.461    DEBUG org.springframework.web.client.RestTemplate - HTTP POST http://localhost:8000/check
2026-04-26 08:31:58.461    DEBUG org.springframework.web.client.RestTemplate - Accept=[application/json, application/*+json]
2026-04-26 08:31:58.461    DEBUG org.springframework.web.client.RestTemplate - Writing [{file=[Byte array resource [resource loaded from byte array]]}] as "multipart/form-data"
2026-04-26 08:32:02.282    DEBUG org.springframework.web.servlet.DispatcherServlet - GET "/api/v1/chat/getPopularity?roomId=17", parameters={masked}
2026-04-26 08:32:02.283    DEBUG org.springframework.web.servlet.mvc.method.annotation.RequestMappingHandlerMapping - Mapped to cn.imhtb.live.modules.server.netty.web.ChatController#getPopularity(Integer)
2026-04-26 08:32:02.285    DEBUG org.springframework.web.servlet.mvc.method.annotation.RequestResponseBodyMethodProcessor - Using 'application/json', given [application/json, text/plain, */*] and supported [application/json, application/*+json, application/json, application/*+json]
2026-04-26 08:32:02.288    DEBUG org.springframework.web.servlet.mvc.method.annotation.RequestResponseBodyMethodProcessor - Writing [cn.imhtb.live.common.ApiResponse@57f19f90]
2026-04-26 08:32:02.290    DEBUG org.springframework.web.servlet.DispatcherServlet - Completed 200 OK
2026-04-26 08:32:04.605    DEBUG org.springframework.web.client.RestTemplate - Response 200 OK
2026-04-26 08:32:04.605    DEBUG org.springframework.web.client.RestTemplate - Reading to [java.util.Map<?, ?>]
2026-04-26 08:32:04.607    DEBUG org.springframework.web.servlet.mvc.method.annotation.RequestResponseBodyMethodProcessor - Using 'application/json', given [application/json, text/plain, */*] and supported [application/json, application/*+json, application/json, application/*+json]
2026-04-26 08:32:04.607    DEBUG org.springframework.web.servlet.mvc.method.annotation.RequestResponseBodyMethodProcessor - Writing [cn.imhtb.live.common.ApiResponse@6bffc37d]
2026-04-26 08:32:04.608    DEBUG org.springframework.web.servlet.DispatcherServlet - Completed 200 OK
2026-04-26 08:32:06.454    DEBUG org.springframework.web.servlet.DispatcherServlet - POST "/api/v1/live/guard/check", parameters={multipart}
2026-04-26 08:32:06.459    DEBUG org.springframework.web.servlet.mvc.method.annotation.RequestMappingHandlerMapping - Mapped to cn.imhtb.live.modules.live.controller.AntLiveController#guardCheck(Integer, MultipartFile)
2026-04-26 08:32:06.482    DEBUG org.springframework.web.client.RestTemplate - HTTP POST http://localhost:8000/check
2026-04-26 08:32:06.483    DEBUG org.springframework.web.client.RestTemplate - Accept=[application/json, application/*+json]
2026-04-26 08:32:06.484    DEBUG org.springframework.web.client.RestTemplate - Writing [{file=[Byte array resource [resource loaded from byte array]]}] as "multipart/form-data"
2026-04-26 08:32:12.283    DEBUG org.springframework.web.servlet.DispatcherServlet - GET "/api/v1/chat/getPopularity?roomId=17", parameters={masked}
2026-04-26 08:32:12.283    DEBUG org.springframework.web.servlet.mvc.method.annotation.RequestMappingHandlerMapping - Mapped to cn.imhtb.live.modules.server.netty.web.ChatController#getPopularity(Integer)
2026-04-26 08:32:12.285    DEBUG org.springframework.web.servlet.mvc.method.annotation.RequestResponseBodyMethodProcessor - Using 'application/json', given [application/json, text/plain, */*] and supported [application/json, application/*+json, application/json, application/*+json]
2026-04-26 08:32:12.286    DEBUG org.springframework.web.servlet.mvc.method.annotation.RequestResponseBodyMethodProcessor - Writing [cn.imhtb.live.common.ApiResponse@55a17d2c]
2026-04-26 08:32:12.287    DEBUG org.springframework.web.servlet.DispatcherServlet - Completed 200 OK
2026-04-26 08:32:12.912    DEBUG org.springframework.web.client.RestTemplate - Response 200 OK
2026-04-26 08:32:12.913    DEBUG org.springframework.web.client.RestTemplate - Reading to [java.util.Map<?, ?>]
2026-04-26 08:32:12.915    DEBUG org.springframework.web.servlet.mvc.method.annotation.RequestResponseBodyMethodProcessor - Using 'application/json', given [application/json, text/plain, */*] and supported [application/json, application/*+json, application/json, application/*+json]
2026-04-26 08:32:12.915    DEBUG org.springframework.web.servlet.mvc.method.annotation.RequestResponseBodyMethodProcessor - Writing [cn.imhtb.live.common.ApiResponse@3bad7bf9]
2026-04-26 08:32:12.916    DEBUG org.springframework.web.servlet.DispatcherServlet - Completed 200 OK
2026-04-26 08:32:14.438    DEBUG org.springframework.web.servlet.DispatcherServlet - POST "/api/v1/live/guard/check", parameters={multipart}
2026-04-26 08:32:14.452    DEBUG org.springframework.web.servlet.mvc.method.annotation.RequestMappingHandlerMapping - Mapped to cn.imhtb.live.modules.live.controller.AntLiveController#guardCheck(Integer, MultipartFile)
2026-04-26 08:32:14.471    DEBUG org.springframework.web.client.RestTemplate - HTTP POST http://localhost:8000/check
2026-04-26 08:32:14.471    DEBUG org.springframework.web.client.RestTemplate - Accept=[application/json, application/*+json]
2026-04-26 08:32:14.472    DEBUG org.springframework.web.client.RestTemplate - Writing [{file=[Byte array resource [resource loaded from byte array]]}] as "multipart/form-data"
2026-04-26 08:32:19.341    DEBUG org.springframework.web.client.RestTemplate - Response 200 OK
2026-04-26 08:32:19.341    DEBUG org.springframework.web.client.RestTemplate - Reading to [java.util.Map<?, ?>]
2026-04-26 08:32:19.342    DEBUG org.springframework.web.servlet.mvc.method.annotation.RequestResponseBodyMethodProcessor - Using 'application/json', given [application/json, text/plain, */*] and supported [application/json, application/*+json, application/json, application/*+json]
2026-04-26 08:32:19.342    DEBUG org.springframework.web.servlet.mvc.method.annotation.RequestResponseBodyMethodProcessor - Writing [cn.imhtb.live.common.ApiResponse@748b1ec1]
2026-04-26 08:32:19.344    DEBUG org.springframework.web.servlet.DispatcherServlet - Completed 200 OK
2026-04-26 08:32:20.456    DEBUG org.springframework.web.servlet.DispatcherServlet - POST "/api/v1/live/guard/check", parameters={multipart}
2026-04-26 08:32:20.458    DEBUG org.springframework.web.servlet.mvc.method.annotation.RequestMappingHandlerMapping - Mapped to cn.imhtb.live.modules.live.controller.AntLiveController#guardCheck(Integer, MultipartFile)
2026-04-26 08:32:20.465    DEBUG org.springframework.web.client.RestTemplate - HTTP POST http://localhost:8000/check
2026-04-26 08:32:20.465    DEBUG org.springframework.web.client.RestTemplate - Accept=[application/json, application/*+json]
2026-04-26 08:32:20.466    DEBUG org.springframework.web.client.RestTemplate - Writing [{file=[Byte array resource [resource loaded from byte array]]}] as "multipart/form-data"
2026-04-26 08:32:22.275    DEBUG org.springframework.web.servlet.DispatcherServlet - GET "/api/v1/chat/getPopularity?roomId=17", parameters={masked}
2026-04-26 08:32:22.285    DEBUG org.springframework.web.servlet.mvc.method.annotation.RequestMappingHandlerMapping - Mapped to cn.imhtb.live.modules.server.netty.web.ChatController#getPopularity(Integer)
2026-04-26 08:32:22.286    DEBUG org.springframework.web.servlet.mvc.method.annotation.RequestResponseBodyMethodProcessor - Using 'application/json', given [application/json, text/plain, */*] and supported [application/json, application/*+json, application/json, application/*+json]
2026-04-26 08:32:22.288    DEBUG org.springframework.web.servlet.mvc.method.annotation.RequestResponseBodyMethodProcessor - Writing [cn.imhtb.live.common.ApiResponse@2e64dae]
2026-04-26 08:32:22.289    DEBUG org.springframework.web.servlet.DispatcherServlet - Completed 200 OK
2026-04-26 08:32:24.200    DEBUG org.springframework.web.client.RestTemplate - Response 200 OK
2026-04-26 08:32:24.200    DEBUG org.springframework.web.client.RestTemplate - Reading to [java.util.Map<?, ?>]
2026-04-26 08:32:24.202    DEBUG org.springframework.web.servlet.mvc.method.annotation.RequestResponseBodyMethodProcessor - Using 'application/json', given [application/json, text/plain, */*] and supported [application/json, application/*+json, application/json, application/*+json]
2026-04-26 08:32:24.202    DEBUG org.springframework.web.servlet.mvc.method.annotation.RequestResponseBodyMethodProcessor - Writing [cn.imhtb.live.common.ApiResponse@4cf0d6df]
2026-04-26 08:32:24.204    DEBUG org.springframework.web.servlet.DispatcherServlet - Completed 200 OK
2026-04-26 08:32:24.456    DEBUG org.springframework.web.servlet.DispatcherServlet - POST "/api/v1/live/guard/check", parameters={multipart}
2026-04-26 08:32:24.459    DEBUG org.springframework.web.servlet.mvc.method.annotation.RequestMappingHandlerMapping - Mapped to cn.imhtb.live.modules.live.controller.AntLiveController#guardCheck(Integer, MultipartFile)
2026-04-26 08:32:24.466    DEBUG org.springframework.web.client.RestTemplate - HTTP POST http://localhost:8000/check
2026-04-26 08:32:24.466    DEBUG org.springframework.web.client.RestTemplate - Accept=[application/json, application/*+json]
2026-04-26 08:32:24.466    DEBUG org.springframework.web.client.RestTemplate - Writing [{file=[Byte array resource [resource loaded from byte array]]}] as "multipart/form-data"
2026-04-26 08:32:28.001    DEBUG org.springframework.web.client.RestTemplate - Response 200 OK
2026-04-26 08:32:28.002    DEBUG org.springframework.web.client.RestTemplate - Reading to [java.util.Map<?, ?>]
2026-04-26 08:32:28.003    DEBUG org.springframework.web.servlet.mvc.method.annotation.RequestResponseBodyMethodProcessor - Using 'application/json', given [application/json, text/plain, */*] and supported [application/json, application/*+json, application/json, application/*+json]
2026-04-26 08:32:28.004    DEBUG org.springframework.web.servlet.mvc.method.annotation.RequestResponseBodyMethodProcessor - Writing [cn.imhtb.live.common.ApiResponse@5a97099c]
2026-04-26 08:32:28.005    DEBUG org.springframework.web.servlet.DispatcherServlet - Completed 200 OK
2026-04-26 08:32:29.462    DEBUG org.springframework.web.servlet.DispatcherServlet - POST "/api/v1/live/guard/check", parameters={multipart}
2026-04-26 08:32:29.464    DEBUG org.springframework.web.servlet.mvc.method.annotation.RequestMappingHandlerMapping - Mapped to cn.imhtb.live.modules.live.controller.AntLiveController#guardCheck(Integer, MultipartFile)
2026-04-26 08:32:29.472    DEBUG org.springframework.web.client.RestTemplate - HTTP POST http://localhost:8000/check
2026-04-26 08:32:29.472    DEBUG org.springframework.web.client.RestTemplate - Accept=[application/json, application/*+json]
2026-04-26 08:32:29.472    DEBUG org.springframework.web.client.RestTemplate - Writing [{file=[Byte array resource [resource loaded from byte array]]}] as "multipart/form-data"
2026-04-26 08:32:32.274    DEBUG org.springframework.web.servlet.DispatcherServlet - GET "/api/v1/chat/getPopularity?roomId=17", parameters={masked}
2026-04-26 08:32:32.274    DEBUG org.springframework.web.servlet.mvc.method.annotation.RequestMappingHandlerMapping - Mapped to cn.imhtb.live.modules.server.netty.web.ChatController#getPopularity(Integer)
2026-04-26 08:32:32.275    DEBUG org.springframework.web.servlet.mvc.method.annotation.RequestResponseBodyMethodProcessor - Using 'application/json', given [application/json, text/plain, */*] and supported [application/json, application/*+json, application/json, application/*+json]
2026-04-26 08:32:32.275    DEBUG org.springframework.web.servlet.mvc.method.annotation.RequestResponseBodyMethodProcessor - Writing [cn.imhtb.live.common.ApiResponse@5359dc8]
2026-04-26 08:32:32.276    DEBUG org.springframework.web.servlet.DispatcherServlet - Completed 200 OK
2026-04-26 08:32:33.060    DEBUG org.springframework.web.client.RestTemplate - Response 200 OK
2026-04-26 08:32:33.061    DEBUG org.springframework.web.client.RestTemplate - Reading to [java.util.Map<?, ?>]
2026-04-26 08:32:33.062    DEBUG org.springframework.web.servlet.mvc.method.annotation.RequestResponseBodyMethodProcessor - Using 'application/json', given [application/json, text/plain, */*] and supported [application/json, application/*+json, application/json, application/*+json]
2026-04-26 08:32:33.062    DEBUG org.springframework.web.servlet.mvc.method.annotation.RequestResponseBodyMethodProcessor - Writing [cn.imhtb.live.common.ApiResponse@39d0a1c2]
2026-04-26 08:32:33.063    DEBUG org.springframework.web.servlet.DispatcherServlet - Completed 200 OK
2026-04-26 08:32:35.454    DEBUG org.springframework.web.servlet.DispatcherServlet - POST "/api/v1/live/guard/check", parameters={multipart}
2026-04-26 08:32:35.456    DEBUG org.springframework.web.servlet.mvc.method.annotation.RequestMappingHandlerMapping - Mapped to cn.imhtb.live.modules.live.controller.AntLiveController#guardCheck(Integer, MultipartFile)
2026-04-26 08:32:35.464    DEBUG org.springframework.web.client.RestTemplate - HTTP POST http://localhost:8000/check
2026-04-26 08:32:35.465    DEBUG org.springframework.web.client.RestTemplate - Accept=[application/json, application/*+json]
2026-04-26 08:32:35.465    DEBUG org.springframework.web.client.RestTemplate - Writing [{file=[Byte array resource [resource loaded from byte array]]}] as "multipart/form-data"
2026-04-26 08:32:39.800    DEBUG org.springframework.web.client.RestTemplate - Response 200 OK
2026-04-26 08:32:39.801    DEBUG org.springframework.web.client.RestTemplate - Reading to [java.util.Map<?, ?>]
2026-04-26 08:32:39.802    DEBUG org.springframework.web.servlet.mvc.method.annotation.RequestResponseBodyMethodProcessor - Using 'application/json', given [application/json, text/plain, */*] and supported [application/json, application/*+json, application/json, application/*+json]
2026-04-26 08:32:39.803    DEBUG org.springframework.web.servlet.mvc.method.annotation.RequestResponseBodyMethodProcessor - Writing [cn.imhtb.live.common.ApiResponse@4998ca1d]
2026-04-26 08:32:39.804    DEBUG org.springframework.web.servlet.DispatcherServlet - Completed 200 OK
2026-04-26 08:32:40.436    DEBUG org.springframework.web.servlet.DispatcherServlet - POST "/api/v1/live/guard/check", parameters={multipart}
2026-04-26 08:32:40.439    DEBUG org.springframework.web.servlet.mvc.method.annotation.RequestMappingHandlerMapping - Mapped to cn.imhtb.live.modules.live.controller.AntLiveController#guardCheck(Integer, MultipartFile)
2026-04-26 08:32:40.454    DEBUG org.springframework.web.client.RestTemplate - HTTP POST http://localhost:8000/check
2026-04-26 08:32:40.455    DEBUG org.springframework.web.client.RestTemplate - Accept=[application/json, application/*+json]
2026-04-26 08:32:40.458    DEBUG org.springframework.web.client.RestTemplate - Writing [{file=[Byte array resource [resource loaded from byte array]]}] as "multipart/form-data"
2026-04-26 08:32:42.280    DEBUG org.springframework.web.servlet.DispatcherServlet - GET "/api/v1/chat/getPopularity?roomId=17", parameters={masked}
2026-04-26 08:32:42.290    DEBUG org.springframework.web.servlet.mvc.method.annotation.RequestMappingHandlerMapping - Mapped to cn.imhtb.live.modules.server.netty.web.ChatController#getPopularity(Integer)
2026-04-26 08:32:42.291    DEBUG org.springframework.web.servlet.mvc.method.annotation.RequestResponseBodyMethodProcessor - Using 'application/json', given [application/json, text/plain, */*] and supported [application/json, application/*+json, application/json, application/*+json]
2026-04-26 08:32:42.291    DEBUG org.springframework.web.servlet.mvc.method.annotation.RequestResponseBodyMethodProcessor - Writing [cn.imhtb.live.common.ApiResponse@4cd7c774]
2026-04-26 08:32:42.291    DEBUG org.springframework.web.servlet.DispatcherServlet - Completed 200 OK
2026-04-26 08:32:46.845    DEBUG org.springframework.web.client.RestTemplate - Response 200 OK
2026-04-26 08:32:46.846    DEBUG org.springframework.web.client.RestTemplate - Reading to [java.util.Map<?, ?>]
2026-04-26 08:32:46.851    DEBUG org.springframework.jdbc.core.JdbcTemplate - Executing prepared SQL query
2026-04-26 08:32:46.851    DEBUG org.springframework.jdbc.core.JdbcTemplate - Executing prepared SQL statement [SELECT COUNT(*) FROM information_schema.TABLES WHERE TABLE_SCHEMA = DATABASE() AND TABLE_NAME = ?]
2026-04-26 08:32:46.856    WARN  cn.imhtb.live.modules.live.guard.LiveGuardService - live room banned by guard, roomId=17, reason=直播内容触发违规检测：暴力行为，直播间已封停
2026-04-26 08:32:46.868    DEBUG org.springframework.web.servlet.mvc.method.annotation.RequestResponseBodyMethodProcessor - Using 'application/json', given [application/json, text/plain, */*] and supported [application/json, application/*+json, application/json, application/*+json]
2026-04-26 08:32:46.868    DEBUG org.springframework.web.servlet.mvc.method.annotation.RequestResponseBodyMethodProcessor - Writing [cn.imhtb.live.common.ApiResponse@1d724282]
2026-04-26 08:32:46.870    DEBUG org.springframework.web.servlet.DispatcherServlet - Completed 200 OK
2026-04-26 08:32:46.896    DEBUG org.springframework.web.servlet.DispatcherServlet - GET "/api/v1/live/getLiveStatus", parameters={}
2026-04-26 08:32:46.896    DEBUG org.springframework.web.servlet.DispatcherServlet - GET "/api/v1/room/setting/info", parameters={}
2026-04-26 08:32:46.896    DEBUG org.springframework.web.servlet.mvc.method.annotation.RequestMappingHandlerMapping - Mapped to cn.imhtb.live.modules.live.controller.AntLiveController#getLiveStatus()
2026-04-26 08:32:46.898    DEBUG org.springframework.web.servlet.mvc.method.annotation.RequestMappingHandlerMapping - Mapped to cn.imhtb.live.modules.live.controller.RoomController#settingInfo(HttpServletRequest)
2026-04-26 08:32:46.900    DEBUG org.springframework.web.servlet.mvc.method.annotation.RequestResponseBodyMethodProcessor - Using 'application/json', given [application/json, text/plain, */*] and supported [application/json, application/*+json, application/json, application/*+json]
2026-04-26 08:32:46.900    DEBUG org.springframework.web.servlet.mvc.method.annotation.RequestResponseBodyMethodProcessor - Using 'application/json', given [application/json, text/plain, */*] and supported [application/json, application/*+json, application/json, application/*+json]
2026-04-26 08:32:46.900    DEBUG org.springframework.web.servlet.mvc.method.annotation.RequestResponseBodyMethodProcessor - Writing [cn.imhtb.live.common.ApiResponse@4168188a]
2026-04-26 08:32:46.900    DEBUG org.springframework.web.servlet.mvc.method.annotation.RequestResponseBodyMethodProcessor - Writing [cn.imhtb.live.common.ApiResponse@13d51816]
2026-04-26 08:32:46.901    DEBUG org.springframework.web.servlet.DispatcherServlet - Completed 200 OK
2026-04-26 08:32:46.901    DEBUG org.springframework.web.servlet.DispatcherServlet - Completed 200 OK
2026-04-26 08:32:51.431    DEBUG org.springframework.web.servlet.DispatcherServlet - POST "/api/v1/live/applySecret", parameters={}
2026-04-26 08:32:51.432    DEBUG org.springframework.web.servlet.mvc.method.annotation.RequestMappingHandlerMapping - Mapped to cn.imhtb.live.modules.live.controller.AntLiveController#applySecret()
2026-04-26 08:32:51.453    DEBUG org.springframework.web.servlet.mvc.method.annotation.RequestResponseBodyMethodProcessor - Using 'application/json', given [application/json, text/plain, */*] and supported [application/json, application/*+json, application/json, application/*+json]
2026-04-26 08:32:51.453    DEBUG org.springframework.web.servlet.mvc.method.annotation.RequestResponseBodyMethodProcessor - Writing [cn.imhtb.live.common.ApiResponse@164d9d7f]
2026-04-26 08:32:51.454    DEBUG org.springframework.web.servlet.DispatcherServlet - Completed 200 OK
2026-04-26 08:32:51.462    DEBUG org.springframework.web.servlet.DispatcherServlet - GET "/api/v1/live/getLiveStatus", parameters={}
2026-04-26 08:32:51.462    DEBUG org.springframework.web.servlet.DispatcherServlet - GET "/api/v1/room/setting/info", parameters={}
2026-04-26 08:32:51.464    DEBUG org.springframework.web.servlet.mvc.method.annotation.RequestMappingHandlerMapping - Mapped to cn.imhtb.live.modules.live.controller.AntLiveController#getLiveStatus()
2026-04-26 08:32:51.464    DEBUG org.springframework.web.servlet.mvc.method.annotation.RequestMappingHandlerMapping - Mapped to cn.imhtb.live.modules.live.controller.RoomController#settingInfo(HttpServletRequest)
2026-04-26 08:32:51.465    DEBUG org.springframework.web.servlet.mvc.method.annotation.RequestResponseBodyMethodProcessor - Using 'application/json', given [application/json, text/plain, */*] and supported [application/json, application/*+json, application/json, application/*+json]
2026-04-26 08:32:51.465    DEBUG org.springframework.web.servlet.mvc.method.annotation.RequestResponseBodyMethodProcessor - Writing [cn.imhtb.live.common.ApiResponse@7ff199b7]
2026-04-26 08:32:51.467    DEBUG org.springframework.web.servlet.DispatcherServlet - Completed 200 OK
2026-04-26 08:32:51.467    DEBUG org.springframework.web.servlet.mvc.method.annotation.RequestResponseBodyMethodProcessor - Using 'application/json', given [application/json, text/plain, */*] and supported [application/json, application/*+json, application/json, application/*+json]
2026-04-26 08:32:51.468    DEBUG org.springframework.web.servlet.mvc.method.annotation.RequestResponseBodyMethodProcessor - Writing [cn.imhtb.live.common.ApiResponse@4bc443f]
2026-04-26 08:32:51.468    DEBUG org.springframework.web.servlet.DispatcherServlet - Completed 200 OK
2026-04-26 08:32:52.266    INFO  cn.imhtb.live.modules.server.netty.WebSocketServerHandler - 6ccf1e21 WebSocket 握手完成
2026-04-26 08:32:52.286    DEBUG org.springframework.web.servlet.DispatcherServlet - GET "/api/v1/chat/getPopularity?roomId=17", parameters={masked}
2026-04-26 08:32:52.287    DEBUG org.springframework.web.servlet.mvc.method.annotation.RequestMappingHandlerMapping - Mapped to cn.imhtb.live.modules.server.netty.web.ChatController#getPopularity(Integer)
2026-04-26 08:32:52.289    DEBUG org.springframework.web.servlet.mvc.method.annotation.RequestResponseBodyMethodProcessor - Using 'application/json', given [application/json, text/plain, */*] and supported [application/json, application/*+json, application/json, application/*+json]
2026-04-26 08:32:52.289    DEBUG org.springframework.web.servlet.DispatcherServlet - GET "/api/v1/room/setting/info", parameters={}
2026-04-26 08:32:52.289    DEBUG org.springframework.web.servlet.mvc.method.annotation.RequestResponseBodyMethodProcessor - Writing [cn.imhtb.live.common.ApiResponse@26112e8b]
2026-04-26 08:32:52.290    DEBUG org.springframework.web.servlet.mvc.method.annotation.RequestMappingHandlerMapping - Mapped to cn.imhtb.live.modules.live.controller.RoomController#settingInfo(HttpServletRequest)
2026-04-26 08:32:52.290    DEBUG org.springframework.web.servlet.DispatcherServlet - GET "/api/v1/live/getLiveStatus", parameters={}
2026-04-26 08:32:52.290    DEBUG org.springframework.web.servlet.DispatcherServlet - Completed 200 OK
2026-04-26 08:32:52.290    DEBUG org.springframework.web.servlet.mvc.method.annotation.RequestMappingHandlerMapping - Mapped to cn.imhtb.live.modules.live.controller.AntLiveController#getLiveStatus()
2026-04-26 08:32:52.293    DEBUG org.springframework.web.servlet.mvc.method.annotation.RequestResponseBodyMethodProcessor - Using 'application/json', given [application/json, text/plain, */*] and supported [application/json, application/*+json, application/json, application/*+json]
2026-04-26 08:32:52.293    DEBUG org.springframework.web.servlet.mvc.method.annotation.RequestResponseBodyMethodProcessor - Writing [cn.imhtb.live.common.ApiResponse@43d7ff5e]
2026-04-26 08:32:52.293    DEBUG org.springframework.web.servlet.DispatcherServlet - Completed 200 OK
2026-04-26 08:32:52.295    DEBUG org.springframework.web.servlet.mvc.method.annotation.RequestResponseBodyMethodProcessor - Using 'application/json', given [application/json, text/plain, */*] and supported [application/json, application/*+json, application/json, application/*+json]
2026-04-26 08:32:52.295    DEBUG org.springframework.web.servlet.mvc.method.annotation.RequestResponseBodyMethodProcessor - Writing [cn.imhtb.live.common.ApiResponse@6f75ffeb]
2026-04-26 08:32:52.296    DEBUG org.springframework.web.servlet.DispatcherServlet - Completed 200 OK
2026-04-26 08:32:52.335    DEBUG org.springframework.web.servlet.DispatcherServlet - POST "/api/v1/live/guard/check", parameters={multipart}
2026-04-26 08:32:52.339    DEBUG org.springframework.web.servlet.mvc.method.annotation.RequestMappingHandlerMapping - Mapped to cn.imhtb.live.modules.live.controller.AntLiveController#guardCheck(Integer, MultipartFile)
2026-04-26 08:32:52.350    DEBUG org.springframework.web.client.RestTemplate - HTTP POST http://localhost:8000/check
2026-04-26 08:32:52.353    DEBUG org.springframework.web.client.RestTemplate - Accept=[application/json, application/*+json]
2026-04-26 08:32:52.355    DEBUG org.springframework.web.client.RestTemplate - Writing [{file=[Byte array resource [resource loaded from byte array]]}] as "multipart/form-data"
2026-04-26 08:32:58.467    DEBUG org.springframework.web.client.RestTemplate - Response 200 OK
2026-04-26 08:32:58.468    DEBUG org.springframework.web.client.RestTemplate - Reading to [java.util.Map<?, ?>]
2026-04-26 08:32:58.470    DEBUG org.springframework.web.servlet.mvc.method.annotation.RequestResponseBodyMethodProcessor - Using 'application/json', given [application/json, text/plain, */*] and supported [application/json, application/*+json, application/json, application/*+json]
2026-04-26 08:32:58.470    DEBUG org.springframework.web.servlet.mvc.method.annotation.RequestResponseBodyMethodProcessor - Writing [cn.imhtb.live.common.ApiResponse@3b8a43dd]
2026-04-26 08:32:58.472    DEBUG org.springframework.web.servlet.DispatcherServlet - Completed 200 OK
2026-04-26 08:33:00.296    DEBUG org.springframework.web.servlet.DispatcherServlet - POST "/api/v1/live/guard/check", parameters={multipart}
2026-04-26 08:33:00.308    DEBUG org.springframework.web.servlet.mvc.method.annotation.RequestMappingHandlerMapping - Mapped to cn.imhtb.live.modules.live.controller.AntLiveController#guardCheck(Integer, MultipartFile)
2026-04-26 08:33:00.317    DEBUG org.springframework.web.client.RestTemplate - HTTP POST http://localhost:8000/check
2026-04-26 08:33:00.317    DEBUG org.springframework.web.client.RestTemplate - Accept=[application/json, application/*+json]
2026-04-26 08:33:00.318    DEBUG org.springframework.web.client.RestTemplate - Writing [{file=[Byte array resource [resource loaded from byte array]]}] as "multipart/form-data"
2026-04-26 08:33:02.274    DEBUG org.springframework.web.servlet.DispatcherServlet - GET "/api/v1/chat/getPopularity?roomId=17", parameters={masked}
2026-04-26 08:33:02.274    DEBUG org.springframework.web.servlet.mvc.method.annotation.RequestMappingHandlerMapping - Mapped to cn.imhtb.live.modules.server.netty.web.ChatController#getPopularity(Integer)
2026-04-26 08:33:02.276    DEBUG org.springframework.web.servlet.mvc.method.annotation.RequestResponseBodyMethodProcessor - Using 'application/json', given [application/json, text/plain, */*] and supported [application/json, application/*+json, application/json, application/*+json]
2026-04-26 08:33:02.277    DEBUG org.springframework.web.servlet.mvc.method.annotation.RequestResponseBodyMethodProcessor - Writing [cn.imhtb.live.common.ApiResponse@46af1ff4]
2026-04-26 08:33:02.278    DEBUG org.springframework.web.servlet.DispatcherServlet - Completed 200 OK
2026-04-26 08:33:06.794    DEBUG org.springframework.web.client.RestTemplate - Response 200 OK
2026-04-26 08:33:06.795    DEBUG org.springframework.web.client.RestTemplate - Reading to [java.util.Map<?, ?>]
2026-04-26 08:33:06.796    DEBUG org.springframework.web.servlet.mvc.method.annotation.RequestResponseBodyMethodProcessor - Using 'application/json', given [application/json, text/plain, */*] and supported [application/json, application/*+json, application/json, application/*+json]
2026-04-26 08:33:06.796    DEBUG org.springframework.web.servlet.mvc.method.annotation.RequestResponseBodyMethodProcessor - Writing [cn.imhtb.live.common.ApiResponse@5f0e1c3b]
2026-04-26 08:33:06.797    DEBUG org.springframework.web.servlet.DispatcherServlet - Completed 200 OK
2026-04-26 08:33:07.012    INFO  cn.imhtb.live.modules.server.netty.handler.HttpHeaderHandler - connect userId = 10001, token: Bearer eyJhbGciOiJIUzI1NiJ9.eyJzdWIiOiJhZG1pbiIsImp0aSI6IjEwMDAxIiwidXNlcm5hbWUiOiJQaW5UZWgiLCJpYXQiOjE3NzcxMTY0MDUsImV4cCI6MTc3NzIwMjgwNX0.jFi949u19QIFBLm9mjZqOp10JyUeQizTG41pcoffg_U
2026-04-26 08:33:07.014    INFO  cn.imhtb.live.modules.server.netty.WebSocketServerHandler - 56a793d7 WebSocket 握手完成
2026-04-26 08:33:07.026    DEBUG org.springframework.web.servlet.DispatcherServlet - GET "/api/v1/present/list", parameters={}
2026-04-26 08:33:07.027    DEBUG org.springframework.web.servlet.DispatcherServlet - GET "/api/v1/category/query", parameters={}
2026-04-26 08:33:07.028    DEBUG org.springframework.web.servlet.mvc.method.annotation.RequestMappingHandlerMapping - Mapped to cn.imhtb.live.modules.live.controller.PresentController#list()
2026-04-26 08:33:07.028    DEBUG org.springframework.web.servlet.mvc.method.annotation.RequestMappingHandlerMapping - Mapped to cn.imhtb.live.modules.live.controller.CategoryController#queryCategoryPage(Integer, Integer)
2026-04-26 08:33:07.031    DEBUG org.springframework.web.servlet.DispatcherServlet - GET "/api/v1/wallet/getBalance", parameters={}
2026-04-26 08:33:07.033    DEBUG org.springframework.web.servlet.mvc.method.annotation.RequestMappingHandlerMapping - Mapped to cn.imhtb.live.modules.wallet.controller.WalletController#getBalance()
2026-04-26 08:33:07.033    DEBUG org.springframework.web.servlet.DispatcherServlet - GET "/api/v1/room/intimacy/rank?roomId=17", parameters={masked}
2026-04-26 08:33:07.034    DEBUG org.springframework.jdbc.core.JdbcTemplate - Executing prepared SQL query
2026-04-26 08:33:07.034    DEBUG org.springframework.jdbc.core.JdbcTemplate - Executing prepared SQL statement [SELECT COUNT(*) FROM information_schema.TABLES WHERE TABLE_SCHEMA = DATABASE() AND TABLE_NAME = ?]
2026-04-26 08:33:07.035    DEBUG org.springframework.web.servlet.mvc.method.annotation.RequestMappingHandlerMapping - Mapped to cn.imhtb.live.modules.live.controller.RoomController#intimacyRank(Integer)
2026-04-26 08:33:07.035    DEBUG org.springframework.web.servlet.mvc.method.annotation.RequestResponseBodyMethodProcessor - Using 'application/json', given [application/json, text/plain, */*] and supported [application/json, application/*+json, application/json, application/*+json]
2026-04-26 08:33:07.037    DEBUG org.springframework.web.servlet.mvc.method.annotation.RequestResponseBodyMethodProcessor - Writing [cn.imhtb.live.common.ApiResponse@5923fec9]
2026-04-26 08:33:07.037    DEBUG org.springframework.web.servlet.mvc.method.annotation.RequestResponseBodyMethodProcessor - Using 'application/json', given [application/json, text/plain, */*] and supported [application/json, application/*+json, application/json, application/*+json]
2026-04-26 08:33:07.037    DEBUG org.springframework.web.servlet.DispatcherServlet - Completed 200 OK
2026-04-26 08:33:07.038    DEBUG org.springframework.web.servlet.mvc.method.annotation.RequestResponseBodyMethodProcessor - Using 'application/json', given [application/json, text/plain, */*] and supported [application/json, application/*+json, application/json, application/*+json]
2026-04-26 08:33:07.038    DEBUG org.springframework.web.servlet.mvc.method.annotation.RequestResponseBodyMethodProcessor - Using 'application/json', given [application/json, text/plain, */*] and supported [application/json, application/*+json, application/json, application/*+json]
2026-04-26 08:33:07.038    DEBUG org.springframework.web.servlet.mvc.method.annotation.RequestResponseBodyMethodProcessor - Writing [cn.imhtb.live.common.ApiResponse@c4331b6]
2026-04-26 08:33:07.038    DEBUG org.springframework.web.servlet.mvc.method.annotation.RequestResponseBodyMethodProcessor - Writing [cn.imhtb.live.common.ApiResponse@2d10ea07]
2026-04-26 08:33:07.038    DEBUG org.springframework.web.servlet.mvc.method.annotation.RequestResponseBodyMethodProcessor - Writing [cn.imhtb.live.common.ApiResponse@32583ea7]
2026-04-26 08:33:07.039    DEBUG org.springframework.web.servlet.DispatcherServlet - Completed 200 OK
2026-04-26 08:33:07.039    DEBUG org.springframework.web.servlet.DispatcherServlet - Completed 200 OK
2026-04-26 08:33:07.041    DEBUG org.springframework.web.servlet.DispatcherServlet - Completed 200 OK
2026-04-26 08:33:07.048    DEBUG org.springframework.web.servlet.DispatcherServlet - GET "/api/v1/room/detail?roomId=17", parameters={masked}
2026-04-26 08:33:07.048    DEBUG org.springframework.web.servlet.mvc.method.annotation.RequestMappingHandlerMapping - Mapped to cn.imhtb.live.modules.live.controller.RoomController#getRoomInfo(Integer)
2026-04-26 08:33:07.053    DEBUG org.springframework.web.servlet.mvc.method.annotation.RequestResponseBodyMethodProcessor - Using 'application/json', given [application/json, text/plain, */*] and supported [application/json, application/*+json, application/json, application/*+json]
2026-04-26 08:33:07.054    DEBUG org.springframework.web.servlet.mvc.method.annotation.RequestResponseBodyMethodProcessor - Writing [cn.imhtb.live.common.ApiResponse@a10621]
2026-04-26 08:33:07.055    DEBUG org.springframework.web.servlet.DispatcherServlet - Completed 200 OK
2026-04-26 08:33:07.082    INFO  cn.imhtb.live.modules.server.netty.WebSocketServerHandler - a14813e8 WebSocket 握手完成
2026-04-26 08:33:07.093    DEBUG org.springframework.web.servlet.DispatcherServlet - GET "/api/v1/room/living", parameters={}
2026-04-26 08:33:07.093    DEBUG org.springframework.web.servlet.mvc.method.annotation.RequestMappingHandlerMapping - Mapped to cn.imhtb.live.modules.live.controller.RoomController#livingRoom(Integer, Integer, Integer)
2026-04-26 08:33:07.107    DEBUG org.springframework.web.servlet.mvc.method.annotation.RequestResponseBodyMethodProcessor - Using 'application/json', given [application/json, text/plain, */*] and supported [application/json, application/*+json, application/json, application/*+json]
2026-04-26 08:33:07.108    DEBUG org.springframework.web.servlet.mvc.method.annotation.RequestResponseBodyMethodProcessor - Writing [cn.imhtb.live.common.ApiResponse@3337f811]
2026-04-26 08:33:07.110    DEBUG org.springframework.web.servlet.DispatcherServlet - Completed 200 OK
2026-04-26 08:33:07.131    DEBUG org.springframework.web.servlet.DispatcherServlet - GET "/api/v1/room/extra/info?roomId=17", parameters={masked}
2026-04-26 08:33:07.132    DEBUG org.springframework.web.servlet.mvc.method.annotation.RequestMappingHandlerMapping - Mapped to cn.imhtb.live.modules.live.controller.RoomController#extraInfo(Integer)
2026-04-26 08:33:07.132    DEBUG org.springframework.web.servlet.DispatcherServlet - POST "/api/v1/watch/history/save", parameters={}
2026-04-26 08:33:07.132    DEBUG org.springframework.web.servlet.mvc.method.annotation.RequestMappingHandlerMapping - Mapped to cn.imhtb.live.modules.live.controller.WatchController#saveHistory(RelationSaveRequest)
2026-04-26 08:33:07.133    DEBUG org.springframework.web.servlet.mvc.method.annotation.RequestResponseBodyMethodProcessor - Read "application/json;charset=UTF-8" to [RelationSaveRequest(roomId=17, act=null)]
2026-04-26 08:33:07.134    DEBUG org.springframework.web.servlet.mvc.method.annotation.RequestResponseBodyMethodProcessor - Using 'application/json', given [application/json, text/plain, */*] and supported [application/json, application/*+json, application/json, application/*+json]
2026-04-26 08:33:07.135    DEBUG org.springframework.web.servlet.mvc.method.annotation.RequestResponseBodyMethodProcessor - Writing [cn.imhtb.live.common.ApiResponse@f77c4d]
2026-04-26 08:33:07.135    DEBUG org.springframework.web.servlet.mvc.method.annotation.RequestResponseBodyMethodProcessor - Using 'application/json', given [application/json, text/plain, */*] and supported [application/json, application/*+json, application/json, application/*+json]
2026-04-26 08:33:07.135    DEBUG org.springframework.web.servlet.mvc.method.annotation.RequestResponseBodyMethodProcessor - Writing [cn.imhtb.live.common.ApiResponse@6a96345e]
2026-04-26 08:33:07.135    DEBUG org.springframework.web.servlet.DispatcherServlet - Completed 200 OK
2026-04-26 08:33:07.136    DEBUG org.springframework.web.servlet.DispatcherServlet - Completed 200 OK
2026-04-26 08:33:08.303    DEBUG org.springframework.web.servlet.DispatcherServlet - POST "/api/v1/live/guard/check", parameters={multipart}
2026-04-26 08:33:08.317    DEBUG org.springframework.web.servlet.mvc.method.annotation.RequestMappingHandlerMapping - Mapped to cn.imhtb.live.modules.live.controller.AntLiveController#guardCheck(Integer, MultipartFile)
2026-04-26 08:33:08.324    DEBUG org.springframework.web.client.RestTemplate - HTTP POST http://localhost:8000/check
2026-04-26 08:33:08.324    DEBUG org.springframework.web.client.RestTemplate - Accept=[application/json, application/*+json]
2026-04-26 08:33:08.324    DEBUG org.springframework.web.client.RestTemplate - Writing [{file=[Byte array resource [resource loaded from byte array]]}] as "multipart/form-data"
2026-04-26 08:33:10.650    DEBUG org.springframework.web.servlet.DispatcherServlet - GET "/api/v1/watch/list?type=0&page=1&limit=6", parameters={masked}
2026-04-26 08:33:10.650    DEBUG org.springframework.web.servlet.DispatcherServlet - GET "/api/v1/category/query", parameters={}
2026-04-26 08:33:10.651    DEBUG org.springframework.web.servlet.mvc.method.annotation.RequestMappingHandlerMapping - Mapped to cn.imhtb.live.modules.live.controller.WatchController#listWatches(Integer, Integer, Integer)
2026-04-26 08:33:10.650    DEBUG org.springframework.web.servlet.DispatcherServlet - GET "/api/v1/room/living", parameters={}
2026-04-26 08:33:10.651    DEBUG org.springframework.web.servlet.mvc.method.annotation.RequestMappingHandlerMapping - Mapped to cn.imhtb.live.modules.live.controller.CategoryController#queryCategoryPage(Integer, Integer)
2026-04-26 08:33:10.652    DEBUG org.springframework.web.servlet.mvc.method.annotation.RequestMappingHandlerMapping - Mapped to cn.imhtb.live.modules.live.controller.RoomController#livingRoom(Integer, Integer, Integer)
2026-04-26 08:33:10.655    DEBUG org.springframework.web.servlet.mvc.method.annotation.RequestResponseBodyMethodProcessor - Using 'application/json', given [application/json, text/plain, */*] and supported [application/json, application/*+json, application/json, application/*+json]
2026-04-26 08:33:10.655    DEBUG org.springframework.web.servlet.mvc.method.annotation.RequestResponseBodyMethodProcessor - Writing [cn.imhtb.live.common.ApiResponse@639dcaeb]
2026-04-26 08:33:10.657    DEBUG org.springframework.web.servlet.DispatcherServlet - Completed 200 OK
2026-04-26 08:33:10.658    DEBUG org.springframework.web.servlet.mvc.method.annotation.RequestResponseBodyMethodProcessor - Using 'application/json', given [application/json, text/plain, */*] and supported [application/json, application/*+json, application/json, application/*+json]
2026-04-26 08:33:10.659    DEBUG org.springframework.web.servlet.mvc.method.annotation.RequestResponseBodyMethodProcessor - Writing [cn.imhtb.live.common.ApiResponse@7f946ca9]
2026-04-26 08:33:10.659    DEBUG org.springframework.web.servlet.DispatcherServlet - Completed 200 OK
2026-04-26 08:33:10.662    DEBUG org.springframework.web.servlet.mvc.method.annotation.RequestResponseBodyMethodProcessor - Using 'application/json', given [application/json, text/plain, */*] and supported [application/json, application/*+json, application/json, application/*+json]
2026-04-26 08:33:10.663    DEBUG org.springframework.web.servlet.mvc.method.annotation.RequestResponseBodyMethodProcessor - Writing [cn.imhtb.live.common.ApiResponse@bde08d3]
2026-04-26 08:33:10.664    DEBUG org.springframework.web.servlet.DispatcherServlet - Completed 200 OK
2026-04-26 08:33:10.684    DEBUG org.springframework.web.servlet.DispatcherServlet - GET "/api/v1/chat/getPopularity?roomId=17", parameters={masked}
2026-04-26 08:33:10.685    DEBUG org.springframework.web.servlet.mvc.method.annotation.RequestMappingHandlerMapping - Mapped to cn.imhtb.live.modules.server.netty.web.ChatController#getPopularity(Integer)
2026-04-26 08:33:10.686    DEBUG org.springframework.web.servlet.DispatcherServlet - GET "/api/v1/chat/getPopularity?roomId=1", parameters={masked}
2026-04-26 08:33:10.687    DEBUG org.springframework.web.servlet.mvc.method.annotation.RequestMappingHandlerMapping - Mapped to cn.imhtb.live.modules.server.netty.web.ChatController#getPopularity(Integer)
2026-04-26 08:33:10.687    DEBUG org.springframework.web.servlet.mvc.method.annotation.RequestResponseBodyMethodProcessor - Using 'application/json', given [application/json, text/plain, */*] and supported [application/json, application/*+json, application/json, application/*+json]
2026-04-26 08:33:10.687    DEBUG org.springframework.web.servlet.DispatcherServlet - GET "/api/v1/chat/getPopularity?roomId=2", parameters={masked}
2026-04-26 08:33:10.687    DEBUG org.springframework.web.servlet.mvc.method.annotation.RequestResponseBodyMethodProcessor - Using 'application/json', given [application/json, text/plain, */*] and supported [application/json, application/*+json, application/json, application/*+json]
2026-04-26 08:33:10.688    DEBUG org.springframework.web.servlet.mvc.method.annotation.RequestResponseBodyMethodProcessor - Writing [cn.imhtb.live.common.ApiResponse@c99fb95]
2026-04-26 08:33:10.688    DEBUG org.springframework.web.servlet.mvc.method.annotation.RequestMappingHandlerMapping - Mapped to cn.imhtb.live.modules.server.netty.web.ChatController#getPopularity(Integer)
2026-04-26 08:33:10.688    DEBUG org.springframework.web.servlet.mvc.method.annotation.RequestResponseBodyMethodProcessor - Writing [cn.imhtb.live.common.ApiResponse@40f87a66]
2026-04-26 08:33:10.690    DEBUG org.springframework.web.servlet.DispatcherServlet - Completed 200 OK
2026-04-26 08:33:10.691    DEBUG org.springframework.web.servlet.DispatcherServlet - Completed 200 OK
2026-04-26 08:33:10.691    DEBUG org.springframework.web.servlet.mvc.method.annotation.RequestResponseBodyMethodProcessor - Using 'application/json', given [application/json, text/plain, */*] and supported [application/json, application/*+json, application/json, application/*+json]
2026-04-26 08:33:10.692    DEBUG org.springframework.web.servlet.mvc.method.annotation.RequestResponseBodyMethodProcessor - Writing [cn.imhtb.live.common.ApiResponse@3ecbd8d7]
2026-04-26 08:33:10.692    DEBUG org.springframework.web.servlet.DispatcherServlet - Completed 200 OK
2026-04-26 08:33:10.705    DEBUG org.springframework.web.servlet.DispatcherServlet - GET "/api/v1/chat/getPopularity?roomId=1", parameters={masked}
2026-04-26 08:33:10.705    DEBUG org.springframework.web.servlet.DispatcherServlet - GET "/api/v1/chat/getPopularity?roomId=2", parameters={masked}
2026-04-26 08:33:10.705    DEBUG org.springframework.web.servlet.mvc.method.annotation.RequestMappingHandlerMapping - Mapped to cn.imhtb.live.modules.server.netty.web.ChatController#getPopularity(Integer)
2026-04-26 08:33:10.706    DEBUG org.springframework.web.servlet.mvc.method.annotation.RequestMappingHandlerMapping - Mapped to cn.imhtb.live.modules.server.netty.web.ChatController#getPopularity(Integer)
2026-04-26 08:33:10.707    DEBUG org.springframework.web.servlet.mvc.method.annotation.RequestResponseBodyMethodProcessor - Using 'application/json', given [application/json, text/plain, */*] and supported [application/json, application/*+json, application/json, application/*+json]
2026-04-26 08:33:10.707    DEBUG org.springframework.web.servlet.mvc.method.annotation.RequestResponseBodyMethodProcessor - Using 'application/json', given [application/json, text/plain, */*] and supported [application/json, application/*+json, application/json, application/*+json]
2026-04-26 08:33:10.707    DEBUG org.springframework.web.servlet.mvc.method.annotation.RequestResponseBodyMethodProcessor - Writing [cn.imhtb.live.common.ApiResponse@526175ae]
2026-04-26 08:33:10.708    DEBUG org.springframework.web.servlet.mvc.method.annotation.RequestResponseBodyMethodProcessor - Writing [cn.imhtb.live.common.ApiResponse@7f55cb45]
2026-04-26 08:33:10.708    DEBUG org.springframework.web.servlet.DispatcherServlet - Completed 200 OK
2026-04-26 08:33:10.708    DEBUG org.springframework.web.servlet.DispatcherServlet - Completed 200 OK
2026-04-26 08:33:11.829    INFO  cn.imhtb.live.modules.server.netty.handler.HttpHeaderHandler - connect userId = 10001, token: Bearer eyJhbGciOiJIUzI1NiJ9.eyJzdWIiOiJhZG1pbiIsImp0aSI6IjEwMDAxIiwidXNlcm5hbWUiOiJQaW5UZWgiLCJpYXQiOjE3NzcxMTY0MDUsImV4cCI6MTc3NzIwMjgwNX0.jFi949u19QIFBLm9mjZqOp10JyUeQizTG41pcoffg_U
2026-04-26 08:33:11.830    INFO  cn.imhtb.live.modules.server.netty.WebSocketServerHandler - ab4cccc3 WebSocket 握手完成
2026-04-26 08:33:11.848    DEBUG org.springframework.web.servlet.DispatcherServlet - GET "/api/v1/wallet/getBalance", parameters={}
2026-04-26 08:33:11.848    DEBUG org.springframework.web.servlet.DispatcherServlet - GET "/api/v1/present/list", parameters={}
2026-04-26 08:33:11.848    DEBUG org.springframework.web.servlet.DispatcherServlet - GET "/api/v1/room/intimacy/rank?roomId=17", parameters={masked}
2026-04-26 08:33:11.848    DEBUG org.springframework.web.servlet.mvc.method.annotation.RequestMappingHandlerMapping - Mapped to cn.imhtb.live.modules.wallet.controller.WalletController#getBalance()
2026-04-26 08:33:11.849    DEBUG org.springframework.web.servlet.mvc.method.annotation.RequestMappingHandlerMapping - Mapped to cn.imhtb.live.modules.live.controller.PresentController#list()
2026-04-26 08:33:11.849    DEBUG org.springframework.web.servlet.mvc.method.annotation.RequestMappingHandlerMapping - Mapped to cn.imhtb.live.modules.live.controller.RoomController#intimacyRank(Integer)
2026-04-26 08:33:11.850    DEBUG org.springframework.jdbc.core.JdbcTemplate - Executing prepared SQL query
2026-04-26 08:33:11.850    DEBUG org.springframework.jdbc.core.JdbcTemplate - Executing prepared SQL statement [SELECT COUNT(*) FROM information_schema.TABLES WHERE TABLE_SCHEMA = DATABASE() AND TABLE_NAME = ?]
2026-04-26 08:33:11.852    DEBUG org.springframework.web.servlet.mvc.method.annotation.RequestResponseBodyMethodProcessor - Using 'application/json', given [application/json, text/plain, */*] and supported [application/json, application/*+json, application/json, application/*+json]
2026-04-26 08:33:11.852    DEBUG org.springframework.web.servlet.mvc.method.annotation.RequestResponseBodyMethodProcessor - Writing [cn.imhtb.live.common.ApiResponse@22be99ea]
2026-04-26 08:33:11.852    DEBUG org.springframework.web.servlet.mvc.method.annotation.RequestResponseBodyMethodProcessor - Using 'application/json', given [application/json, text/plain, */*] and supported [application/json, application/*+json, application/json, application/*+json]
2026-04-26 08:33:11.853    DEBUG org.springframework.web.servlet.mvc.method.annotation.RequestResponseBodyMethodProcessor - Writing [cn.imhtb.live.common.ApiResponse@7d0bd1e0]
2026-04-26 08:33:11.853    DEBUG org.springframework.web.servlet.DispatcherServlet - Completed 200 OK
2026-04-26 08:33:11.854    DEBUG org.springframework.web.servlet.DispatcherServlet - Completed 200 OK
2026-04-26 08:33:11.855    DEBUG org.springframework.web.servlet.mvc.method.annotation.RequestResponseBodyMethodProcessor - Using 'application/json', given [application/json, text/plain, */*] and supported [application/json, application/*+json, application/json, application/*+json]
2026-04-26 08:33:11.855    DEBUG org.springframework.web.servlet.mvc.method.annotation.RequestResponseBodyMethodProcessor - Writing [cn.imhtb.live.common.ApiResponse@26631be8]
2026-04-26 08:33:11.856    DEBUG org.springframework.web.servlet.DispatcherServlet - GET "/api/v1/room/detail?roomId=17", parameters={masked}
2026-04-26 08:33:11.856    DEBUG org.springframework.web.servlet.DispatcherServlet - Completed 200 OK
2026-04-26 08:33:11.856    DEBUG org.springframework.web.servlet.mvc.method.annotation.RequestMappingHandlerMapping - Mapped to cn.imhtb.live.modules.live.controller.RoomController#getRoomInfo(Integer)
2026-04-26 08:33:11.863    DEBUG org.springframework.web.servlet.mvc.method.annotation.RequestResponseBodyMethodProcessor - Using 'application/json', given [application/json, text/plain, */*] and supported [application/json, application/*+json, application/json, application/*+json]
2026-04-26 08:33:11.865    DEBUG org.springframework.web.servlet.mvc.method.annotation.RequestResponseBodyMethodProcessor - Writing [cn.imhtb.live.common.ApiResponse@7fc7138c]
2026-04-26 08:33:11.865    DEBUG org.springframework.web.servlet.DispatcherServlet - Completed 200 OK
2026-04-26 08:33:11.879    INFO  cn.imhtb.live.modules.server.netty.WebSocketServerHandler - eb732446 WebSocket 握手完成
2026-04-26 08:33:11.896    DEBUG org.springframework.web.servlet.DispatcherServlet - GET "/api/v1/room/living", parameters={}
2026-04-26 08:33:11.896    DEBUG org.springframework.web.servlet.mvc.method.annotation.RequestMappingHandlerMapping - Mapped to cn.imhtb.live.modules.live.controller.RoomController#livingRoom(Integer, Integer, Integer)
2026-04-26 08:33:11.910    DEBUG org.springframework.web.servlet.mvc.method.annotation.RequestResponseBodyMethodProcessor - Using 'application/json', given [application/json, text/plain, */*] and supported [application/json, application/*+json, application/json, application/*+json]
2026-04-26 08:33:11.911    DEBUG org.springframework.web.servlet.mvc.method.annotation.RequestResponseBodyMethodProcessor - Writing [cn.imhtb.live.common.ApiResponse@4b242e44]
2026-04-26 08:33:11.912    DEBUG org.springframework.web.servlet.DispatcherServlet - Completed 200 OK
2026-04-26 08:33:11.929    DEBUG org.springframework.web.servlet.DispatcherServlet - POST "/api/v1/watch/history/save", parameters={}
2026-04-26 08:33:11.930    DEBUG org.springframework.web.servlet.mvc.method.annotation.RequestMappingHandlerMapping - Mapped to cn.imhtb.live.modules.live.controller.WatchController#saveHistory(RelationSaveRequest)
2026-04-26 08:33:11.931    DEBUG org.springframework.web.servlet.DispatcherServlet - GET "/api/v1/room/extra/info?roomId=17", parameters={masked}
2026-04-26 08:33:11.931    DEBUG org.springframework.web.servlet.mvc.method.annotation.RequestResponseBodyMethodProcessor - Read "application/json;charset=UTF-8" to [RelationSaveRequest(roomId=17, act=null)]
2026-04-26 08:33:11.931    DEBUG org.springframework.web.servlet.mvc.method.annotation.RequestMappingHandlerMapping - Mapped to cn.imhtb.live.modules.live.controller.RoomController#extraInfo(Integer)
2026-04-26 08:33:11.933    DEBUG org.springframework.web.servlet.mvc.method.annotation.RequestResponseBodyMethodProcessor - Using 'application/json', given [application/json, text/plain, */*] and supported [application/json, application/*+json, application/json, application/*+json]
2026-04-26 08:33:11.934    DEBUG org.springframework.web.servlet.mvc.method.annotation.RequestResponseBodyMethodProcessor - Writing [cn.imhtb.live.common.ApiResponse@5a323fb6]
2026-04-26 08:33:11.934    DEBUG org.springframework.web.servlet.mvc.method.annotation.RequestResponseBodyMethodProcessor - Using 'application/json', given [application/json, text/plain, */*] and supported [application/json, application/*+json, application/json, application/*+json]
2026-04-26 08:33:11.934    DEBUG org.springframework.web.servlet.mvc.method.annotation.RequestResponseBodyMethodProcessor - Writing [cn.imhtb.live.common.ApiResponse@32f6c3f8]
2026-04-26 08:33:11.934    DEBUG org.springframework.web.servlet.DispatcherServlet - Completed 200 OK
2026-04-26 08:33:11.935    DEBUG org.springframework.web.servlet.DispatcherServlet - Completed 200 OK
2026-04-26 08:33:15.016    DEBUG org.springframework.web.client.RestTemplate - Response 200 OK
2026-04-26 08:33:15.016    DEBUG org.springframework.web.client.RestTemplate - Reading to [java.util.Map<?, ?>]
2026-04-26 08:33:15.018    DEBUG org.springframework.web.servlet.mvc.method.annotation.RequestResponseBodyMethodProcessor - Using 'application/json', given [application/json, text/plain, */*] and supported [application/json, application/*+json, application/json, application/*+json]
2026-04-26 08:33:15.018    DEBUG org.springframework.web.servlet.mvc.method.annotation.RequestResponseBodyMethodProcessor - Writing [cn.imhtb.live.common.ApiResponse@1503c1b5]
2026-04-26 08:33:15.020    DEBUG org.springframework.web.servlet.DispatcherServlet - Completed 200 OK
2026-04-26 08:33:16.569    DEBUG org.springframework.web.servlet.DispatcherServlet - POST "/api/v1/live/guard/check", parameters={multipart}
2026-04-26 08:33:16.575    DEBUG org.springframework.web.servlet.mvc.method.annotation.RequestMappingHandlerMapping - Mapped to cn.imhtb.live.modules.live.controller.AntLiveController#guardCheck(Integer, MultipartFile)
2026-04-26 08:33:16.585    DEBUG org.springframework.web.client.RestTemplate - HTTP POST http://localhost:8000/check
2026-04-26 08:33:16.585    DEBUG org.springframework.web.client.RestTemplate - Accept=[application/json, application/*+json]
2026-04-26 08:33:16.586    DEBUG org.springframework.web.client.RestTemplate - Writing [{file=[Byte array resource [resource loaded from byte array]]}] as "multipart/form-data"
2026-04-26 08:33:21.840    DEBUG org.springframework.web.servlet.DispatcherServlet - GET "/api/v1/chat/getPopularity?roomId=17", parameters={masked}
2026-04-26 08:33:21.847    DEBUG org.springframework.web.servlet.mvc.method.annotation.RequestMappingHandlerMapping - Mapped to cn.imhtb.live.modules.server.netty.web.ChatController#getPopularity(Integer)
2026-04-26 08:33:21.849    DEBUG org.springframework.web.servlet.mvc.method.annotation.RequestResponseBodyMethodProcessor - Using 'application/json', given [application/json, text/plain, */*] and supported [application/json, application/*+json, application/json, application/*+json]
2026-04-26 08:33:21.851    DEBUG org.springframework.web.servlet.mvc.method.annotation.RequestResponseBodyMethodProcessor - Writing [cn.imhtb.live.common.ApiResponse@12e1c5e9]
2026-04-26 08:33:21.852    DEBUG org.springframework.web.servlet.DispatcherServlet - Completed 200 OK
2026-04-26 08:33:22.949    DEBUG org.springframework.web.client.RestTemplate - Response 200 OK
2026-04-26 08:33:22.950    DEBUG org.springframework.web.client.RestTemplate - Reading to [java.util.Map<?, ?>]
2026-04-26 08:33:22.952    DEBUG org.springframework.web.servlet.mvc.method.annotation.RequestResponseBodyMethodProcessor - Using 'application/json', given [application/json, text/plain, */*] and supported [application/json, application/*+json, application/json, application/*+json]
2026-04-26 08:33:22.952    DEBUG org.springframework.web.servlet.mvc.method.annotation.RequestResponseBodyMethodProcessor - Writing [cn.imhtb.live.common.ApiResponse@6d70038]
2026-04-26 08:33:22.953    DEBUG org.springframework.web.servlet.DispatcherServlet - Completed 200 OK
2026-04-26 08:33:24.326    DEBUG org.springframework.web.servlet.DispatcherServlet - POST "/api/v1/live/guard/check", parameters={multipart}
2026-04-26 08:33:24.332    DEBUG org.springframework.web.servlet.mvc.method.annotation.RequestMappingHandlerMapping - Mapped to cn.imhtb.live.modules.live.controller.AntLiveController#guardCheck(Integer, MultipartFile)
2026-04-26 08:33:24.345    DEBUG org.springframework.web.client.RestTemplate - HTTP POST http://localhost:8000/check
2026-04-26 08:33:24.346    DEBUG org.springframework.web.client.RestTemplate - Accept=[application/json, application/*+json]
2026-04-26 08:33:24.347    DEBUG org.springframework.web.client.RestTemplate - Writing [{file=[Byte array resource [resource loaded from byte array]]}] as "multipart/form-data"
2026-04-26 08:33:30.922    DEBUG org.springframework.web.client.RestTemplate - Response 200 OK
2026-04-26 08:33:30.923    DEBUG org.springframework.web.client.RestTemplate - Reading to [java.util.Map<?, ?>]
2026-04-26 08:33:30.924    DEBUG org.springframework.web.servlet.mvc.method.annotation.RequestResponseBodyMethodProcessor - Using 'application/json', given [application/json, text/plain, */*] and supported [application/json, application/*+json, application/json, application/*+json]
2026-04-26 08:33:30.924    DEBUG org.springframework.web.servlet.mvc.method.annotation.RequestResponseBodyMethodProcessor - Writing [cn.imhtb.live.common.ApiResponse@74b9871a]
2026-04-26 08:33:30.926    DEBUG org.springframework.web.servlet.DispatcherServlet - Completed 200 OK
2026-04-26 08:33:31.844    DEBUG org.springframework.web.servlet.DispatcherServlet - GET "/api/v1/chat/getPopularity?roomId=17", parameters={masked}
2026-04-26 08:33:31.847    DEBUG org.springframework.web.servlet.mvc.method.annotation.RequestMappingHandlerMapping - Mapped to cn.imhtb.live.modules.server.netty.web.ChatController#getPopularity(Integer)
2026-04-26 08:33:31.849    DEBUG org.springframework.web.servlet.mvc.method.annotation.RequestResponseBodyMethodProcessor - Using 'application/json', given [application/json, text/plain, */*] and supported [application/json, application/*+json, application/json, application/*+json]
2026-04-26 08:33:31.850    DEBUG org.springframework.web.servlet.mvc.method.annotation.RequestResponseBodyMethodProcessor - Writing [cn.imhtb.live.common.ApiResponse@77928de]
2026-04-26 08:33:31.851    DEBUG org.springframework.web.servlet.DispatcherServlet - Completed 200 OK
2026-04-26 08:33:32.296    DEBUG org.springframework.web.servlet.DispatcherServlet - POST "/api/v1/live/guard/check", parameters={multipart}
2026-04-26 08:33:32.301    DEBUG org.springframework.web.servlet.mvc.method.annotation.RequestMappingHandlerMapping - Mapped to cn.imhtb.live.modules.live.controller.AntLiveController#guardCheck(Integer, MultipartFile)
2026-04-26 08:33:32.324    DEBUG org.springframework.web.client.RestTemplate - HTTP POST http://localhost:8000/check
2026-04-26 08:33:32.324    DEBUG org.springframework.web.client.RestTemplate - Accept=[application/json, application/*+json]
2026-04-26 08:33:32.325    DEBUG org.springframework.web.client.RestTemplate - Writing [{file=[Byte array resource [resource loaded from byte array]]}] as "multipart/form-data"
2026-04-26 08:33:39.455    DEBUG org.springframework.web.client.RestTemplate - Response 200 OK
2026-04-26 08:33:39.455    DEBUG org.springframework.web.client.RestTemplate - Reading to [java.util.Map<?, ?>]
2026-04-26 08:33:39.457    DEBUG org.springframework.web.servlet.mvc.method.annotation.RequestResponseBodyMethodProcessor - Using 'application/json', given [application/json, text/plain, */*] and supported [application/json, application/*+json, application/json, application/*+json]
2026-04-26 08:33:39.457    DEBUG org.springframework.web.servlet.mvc.method.annotation.RequestResponseBodyMethodProcessor - Writing [cn.imhtb.live.common.ApiResponse@5a5ed028]
2026-04-26 08:33:39.458    DEBUG org.springframework.web.servlet.DispatcherServlet - Completed 200 OK
2026-04-26 08:33:40.301    DEBUG org.springframework.web.servlet.DispatcherServlet - POST "/api/v1/live/guard/check", parameters={multipart}
2026-04-26 08:33:40.306    DEBUG org.springframework.web.servlet.mvc.method.annotation.RequestMappingHandlerMapping - Mapped to cn.imhtb.live.modules.live.controller.AntLiveController#guardCheck(Integer, MultipartFile)
2026-04-26 08:33:40.324    DEBUG org.springframework.web.client.RestTemplate - HTTP POST http://localhost:8000/check
2026-04-26 08:33:40.324    DEBUG org.springframework.web.client.RestTemplate - Accept=[application/json, application/*+json]
2026-04-26 08:33:40.324    DEBUG org.springframework.web.client.RestTemplate - Writing [{file=[Byte array resource [resource loaded from byte array]]}] as "multipart/form-data"
2026-04-26 08:33:41.845    DEBUG org.springframework.web.servlet.DispatcherServlet - GET "/api/v1/chat/getPopularity?roomId=17", parameters={masked}
2026-04-26 08:33:41.845    DEBUG org.springframework.web.servlet.mvc.method.annotation.RequestMappingHandlerMapping - Mapped to cn.imhtb.live.modules.server.netty.web.ChatController#getPopularity(Integer)
2026-04-26 08:33:41.846    DEBUG org.springframework.web.servlet.mvc.method.annotation.RequestResponseBodyMethodProcessor - Using 'application/json', given [application/json, text/plain, */*] and supported [application/json, application/*+json, application/json, application/*+json]
2026-04-26 08:33:41.847    DEBUG org.springframework.web.servlet.mvc.method.annotation.RequestResponseBodyMethodProcessor - Writing [cn.imhtb.live.common.ApiResponse@57f179f]
2026-04-26 08:33:41.848    DEBUG org.springframework.web.servlet.DispatcherServlet - Completed 200 OK
2026-04-26 08:33:45.746    DEBUG org.springframework.web.client.RestTemplate - Response 200 OK
2026-04-26 08:33:45.746    DEBUG org.springframework.web.client.RestTemplate - Reading to [java.util.Map<?, ?>]
2026-04-26 08:33:45.747    DEBUG org.springframework.web.servlet.mvc.method.annotation.RequestResponseBodyMethodProcessor - Using 'application/json', given [application/json, text/plain, */*] and supported [application/json, application/*+json, application/json, application/*+json]
2026-04-26 08:33:45.748    DEBUG org.springframework.web.servlet.mvc.method.annotation.RequestResponseBodyMethodProcessor - Writing [cn.imhtb.live.common.ApiResponse@26f6948c]
2026-04-26 08:33:45.750    DEBUG org.springframework.web.servlet.DispatcherServlet - Completed 200 OK
2026-04-26 08:33:46.392    DEBUG org.springframework.web.servlet.DispatcherServlet - POST "/api/v1/live/guard/check", parameters={multipart}
2026-04-26 08:33:46.404    DEBUG org.springframework.web.servlet.mvc.method.annotation.RequestMappingHandlerMapping - Mapped to cn.imhtb.live.modules.live.controller.AntLiveController#guardCheck(Integer, MultipartFile)
2026-04-26 08:33:46.418    DEBUG org.springframework.web.client.RestTemplate - HTTP POST http://localhost:8000/check
2026-04-26 08:33:46.418    DEBUG org.springframework.web.client.RestTemplate - Accept=[application/json, application/*+json]
2026-04-26 08:33:46.418    DEBUG org.springframework.web.client.RestTemplate - Writing [{file=[Byte array resource [resource loaded from byte array]]}] as "multipart/form-data"
2026-04-26 08:33:50.596    DEBUG org.springframework.web.client.RestTemplate - Response 200 OK
2026-04-26 08:33:50.596    DEBUG org.springframework.web.client.RestTemplate - Reading to [java.util.Map<?, ?>]
2026-04-26 08:33:50.598    DEBUG org.springframework.web.servlet.mvc.method.annotation.RequestResponseBodyMethodProcessor - Using 'application/json', given [application/json, text/plain, */*] and supported [application/json, application/*+json, application/json, application/*+json]
2026-04-26 08:33:50.598    DEBUG org.springframework.web.servlet.mvc.method.annotation.RequestResponseBodyMethodProcessor - Writing [cn.imhtb.live.common.ApiResponse@1b0429d0]
2026-04-26 08:33:50.600    DEBUG org.springframework.web.servlet.DispatcherServlet - Completed 200 OK
2026-04-26 08:33:51.837    DEBUG org.springframework.web.servlet.DispatcherServlet - GET "/api/v1/chat/getPopularity?roomId=17", parameters={masked}
2026-04-26 08:33:51.838    DEBUG org.springframework.web.servlet.mvc.method.annotation.RequestMappingHandlerMapping - Mapped to cn.imhtb.live.modules.server.netty.web.ChatController#getPopularity(Integer)
2026-04-26 08:33:51.838    DEBUG org.springframework.web.servlet.mvc.method.annotation.RequestResponseBodyMethodProcessor - Using 'application/json', given [application/json, text/plain, */*] and supported [application/json, application/*+json, application/json, application/*+json]
2026-04-26 08:33:51.838    DEBUG org.springframework.web.servlet.mvc.method.annotation.RequestResponseBodyMethodProcessor - Writing [cn.imhtb.live.common.ApiResponse@50efc297]
2026-04-26 08:33:51.840    DEBUG org.springframework.web.servlet.DispatcherServlet - Completed 200 OK
2026-04-26 08:33:52.300    DEBUG org.springframework.web.servlet.DispatcherServlet - POST "/api/v1/live/guard/check", parameters={multipart}
2026-04-26 08:33:52.304    DEBUG org.springframework.web.servlet.mvc.method.annotation.RequestMappingHandlerMapping - Mapped to cn.imhtb.live.modules.live.controller.AntLiveController#guardCheck(Integer, MultipartFile)
2026-04-26 08:33:52.312    DEBUG org.springframework.web.client.RestTemplate - HTTP POST http://localhost:8000/check
2026-04-26 08:33:52.313    DEBUG org.springframework.web.client.RestTemplate - Accept=[application/json, application/*+json]
2026-04-26 08:33:52.313    DEBUG org.springframework.web.client.RestTemplate - Writing [{file=[Byte array resource [resource loaded from byte array]]}] as "multipart/form-data"
2026-04-26 08:33:56.382    DEBUG org.springframework.web.client.RestTemplate - Response 200 OK
2026-04-26 08:33:56.383    DEBUG org.springframework.web.client.RestTemplate - Reading to [java.util.Map<?, ?>]
2026-04-26 08:33:56.384    DEBUG org.springframework.web.servlet.mvc.method.annotation.RequestResponseBodyMethodProcessor - Using 'application/json', given [application/json, text/plain, */*] and supported [application/json, application/*+json, application/json, application/*+json]
2026-04-26 08:33:56.385    DEBUG org.springframework.web.servlet.mvc.method.annotation.RequestResponseBodyMethodProcessor - Writing [cn.imhtb.live.common.ApiResponse@21450636]
2026-04-26 08:33:56.385    DEBUG org.springframework.web.servlet.DispatcherServlet - Completed 200 OK
2026-04-26 08:33:59.296    DEBUG org.springframework.web.servlet.DispatcherServlet - POST "/api/v1/live/guard/check", parameters={multipart}
2026-04-26 08:33:59.299    DEBUG org.springframework.web.servlet.mvc.method.annotation.RequestMappingHandlerMapping - Mapped to cn.imhtb.live.modules.live.controller.AntLiveController#guardCheck(Integer, MultipartFile)
2026-04-26 08:33:59.307    DEBUG org.springframework.web.client.RestTemplate - HTTP POST http://localhost:8000/check
2026-04-26 08:33:59.307    DEBUG org.springframework.web.client.RestTemplate - Accept=[application/json, application/*+json]
2026-04-26 08:33:59.307    DEBUG org.springframework.web.client.RestTemplate - Writing [{file=[Byte array resource [resource loaded from byte array]]}] as "multipart/form-data"
2026-04-26 08:34:01.845    DEBUG org.springframework.web.servlet.DispatcherServlet - GET "/api/v1/chat/getPopularity?roomId=17", parameters={masked}
2026-04-26 08:34:01.847    DEBUG org.springframework.web.servlet.mvc.method.annotation.RequestMappingHandlerMapping - Mapped to cn.imhtb.live.modules.server.netty.web.ChatController#getPopularity(Integer)
2026-04-26 08:34:01.848    DEBUG org.springframework.web.servlet.mvc.method.annotation.RequestResponseBodyMethodProcessor - Using 'application/json', given [application/json, text/plain, */*] and supported [application/json, application/*+json, application/json, application/*+json]
2026-04-26 08:34:01.848    DEBUG org.springframework.web.servlet.mvc.method.annotation.RequestResponseBodyMethodProcessor - Writing [cn.imhtb.live.common.ApiResponse@2de1c540]
2026-04-26 08:34:01.849    DEBUG org.springframework.web.servlet.DispatcherServlet - Completed 200 OK
2026-04-26 08:34:03.567    DEBUG org.springframework.web.client.RestTemplate - Response 200 OK
2026-04-26 08:34:03.568    DEBUG org.springframework.web.client.RestTemplate - Reading to [java.util.Map<?, ?>]
2026-04-26 08:34:03.570    DEBUG org.springframework.web.servlet.mvc.method.annotation.RequestResponseBodyMethodProcessor - Using 'application/json', given [application/json, text/plain, */*] and supported [application/json, application/*+json, application/json, application/*+json]
2026-04-26 08:34:03.571    DEBUG org.springframework.web.servlet.mvc.method.annotation.RequestResponseBodyMethodProcessor - Writing [cn.imhtb.live.common.ApiResponse@6636b848]
2026-04-26 08:34:03.572    DEBUG org.springframework.web.servlet.DispatcherServlet - Completed 200 OK
2026-04-26 08:34:04.551    DEBUG org.springframework.web.servlet.DispatcherServlet - POST "/api/v1/live/guard/check", parameters={multipart}
2026-04-26 08:34:04.557    DEBUG org.springframework.web.servlet.mvc.method.annotation.RequestMappingHandlerMapping - Mapped to cn.imhtb.live.modules.live.controller.AntLiveController#guardCheck(Integer, MultipartFile)
2026-04-26 08:34:04.571    DEBUG org.springframework.web.client.RestTemplate - HTTP POST http://localhost:8000/check
2026-04-26 08:34:04.572    DEBUG org.springframework.web.client.RestTemplate - Accept=[application/json, application/*+json]
2026-04-26 08:34:04.572    DEBUG org.springframework.web.client.RestTemplate - Writing [{file=[Byte array resource [resource loaded from byte array]]}] as "multipart/form-data"
2026-04-26 08:34:11.842    DEBUG org.springframework.web.servlet.DispatcherServlet - GET "/api/v1/chat/getPopularity?roomId=17", parameters={masked}
2026-04-26 08:34:11.845    DEBUG org.springframework.web.servlet.mvc.method.annotation.RequestMappingHandlerMapping - Mapped to cn.imhtb.live.modules.server.netty.web.ChatController#getPopularity(Integer)
2026-04-26 08:34:11.848    DEBUG org.springframework.web.servlet.mvc.method.annotation.RequestResponseBodyMethodProcessor - Using 'application/json', given [application/json, text/plain, */*] and supported [application/json, application/*+json, application/json, application/*+json]
2026-04-26 08:34:11.850    DEBUG org.springframework.web.servlet.mvc.method.annotation.RequestResponseBodyMethodProcessor - Writing [cn.imhtb.live.common.ApiResponse@1da691f]
2026-04-26 08:34:11.852    DEBUG org.springframework.web.servlet.DispatcherServlet - Completed 200 OK
2026-04-26 08:34:13.763    DEBUG org.springframework.web.client.RestTemplate - Response 200 OK
2026-04-26 08:34:13.763    DEBUG org.springframework.web.client.RestTemplate - Reading to [java.util.Map<?, ?>]
2026-04-26 08:34:13.766    DEBUG org.springframework.web.servlet.mvc.method.annotation.RequestResponseBodyMethodProcessor - Using 'application/json', given [application/json, text/plain, */*] and supported [application/json, application/*+json, application/json, application/*+json]
2026-04-26 08:34:13.766    DEBUG org.springframework.web.servlet.mvc.method.annotation.RequestResponseBodyMethodProcessor - Writing [cn.imhtb.live.common.ApiResponse@540fc5dd]
2026-04-26 08:34:13.768    DEBUG org.springframework.web.servlet.DispatcherServlet - Completed 200 OK
2026-04-26 08:34:14.323    DEBUG org.springframework.web.servlet.DispatcherServlet - POST "/api/v1/live/guard/check", parameters={multipart}
2026-04-26 08:34:14.337    DEBUG org.springframework.web.servlet.mvc.method.annotation.RequestMappingHandlerMapping - Mapped to cn.imhtb.live.modules.live.controller.AntLiveController#guardCheck(Integer, MultipartFile)
2026-04-26 08:34:14.352    DEBUG org.springframework.web.client.RestTemplate - HTTP POST http://localhost:8000/check
2026-04-26 08:34:14.353    DEBUG org.springframework.web.client.RestTemplate - Accept=[application/json, application/*+json]
2026-04-26 08:34:14.353    DEBUG org.springframework.web.client.RestTemplate - Writing [{file=[Byte array resource [resource loaded from byte array]]}] as "multipart/form-data"
2026-04-26 08:34:21.840    DEBUG org.springframework.web.servlet.DispatcherServlet - GET "/api/v1/chat/getPopularity?roomId=17", parameters={masked}
2026-04-26 08:34:21.841    DEBUG org.springframework.web.servlet.mvc.method.annotation.RequestMappingHandlerMapping - Mapped to cn.imhtb.live.modules.server.netty.web.ChatController#getPopularity(Integer)
2026-04-26 08:34:21.842    DEBUG org.springframework.web.servlet.mvc.method.annotation.RequestResponseBodyMethodProcessor - Using 'application/json', given [application/json, text/plain, */*] and supported [application/json, application/*+json, application/json, application/*+json]
2026-04-26 08:34:21.842    DEBUG org.springframework.web.servlet.mvc.method.annotation.RequestResponseBodyMethodProcessor - Writing [cn.imhtb.live.common.ApiResponse@5130129]
2026-04-26 08:34:21.843    DEBUG org.springframework.web.servlet.DispatcherServlet - Completed 200 OK
2026-04-26 08:34:23.970    DEBUG org.springframework.web.client.RestTemplate - Response 200 OK
2026-04-26 08:34:23.970    DEBUG org.springframework.web.client.RestTemplate - Reading to [java.util.Map<?, ?>]
2026-04-26 08:34:23.972    DEBUG org.springframework.web.servlet.mvc.method.annotation.RequestResponseBodyMethodProcessor - Using 'application/json', given [application/json, text/plain, */*] and supported [application/json, application/*+json, application/json, application/*+json]
2026-04-26 08:34:23.972    DEBUG org.springframework.web.servlet.mvc.method.annotation.RequestResponseBodyMethodProcessor - Writing [cn.imhtb.live.common.ApiResponse@105bafcf]
2026-04-26 08:34:23.973    DEBUG org.springframework.web.servlet.DispatcherServlet - Completed 200 OK
2026-04-26 08:34:24.302    DEBUG org.springframework.web.servlet.DispatcherServlet - POST "/api/v1/live/guard/check", parameters={multipart}
2026-04-26 08:34:24.317    DEBUG org.springframework.web.servlet.mvc.method.annotation.RequestMappingHandlerMapping - Mapped to cn.imhtb.live.modules.live.controller.AntLiveController#guardCheck(Integer, MultipartFile)
2026-04-26 08:34:24.336    DEBUG org.springframework.web.client.RestTemplate - HTTP POST http://localhost:8000/check
2026-04-26 08:34:24.337    DEBUG org.springframework.web.client.RestTemplate - Accept=[application/json, application/*+json]
2026-04-26 08:34:24.338    DEBUG org.springframework.web.client.RestTemplate - Writing [{file=[Byte array resource [resource loaded from byte array]]}] as "multipart/form-data"
2026-04-26 08:34:31.840    DEBUG org.springframework.web.servlet.DispatcherServlet - GET "/api/v1/chat/getPopularity?roomId=17", parameters={masked}
2026-04-26 08:34:31.841    DEBUG org.springframework.web.servlet.mvc.method.annotation.RequestMappingHandlerMapping - Mapped to cn.imhtb.live.modules.server.netty.web.ChatController#getPopularity(Integer)
2026-04-26 08:34:31.842    DEBUG org.springframework.web.servlet.mvc.method.annotation.RequestResponseBodyMethodProcessor - Using 'application/json', given [application/json, text/plain, */*] and supported [application/json, application/*+json, application/json, application/*+json]
2026-04-26 08:34:31.842    DEBUG org.springframework.web.servlet.mvc.method.annotation.RequestResponseBodyMethodProcessor - Writing [cn.imhtb.live.common.ApiResponse@763320fe]
2026-04-26 08:34:31.843    DEBUG org.springframework.web.servlet.DispatcherServlet - Completed 200 OK
2026-04-26 08:34:34.110    DEBUG org.springframework.web.client.RestTemplate - Response 200 OK
2026-04-26 08:34:34.110    DEBUG org.springframework.web.client.RestTemplate - Reading to [java.util.Map<?, ?>]
2026-04-26 08:34:34.112    DEBUG org.springframework.web.servlet.mvc.method.annotation.RequestResponseBodyMethodProcessor - Using 'application/json', given [application/json, text/plain, */*] and supported [application/json, application/*+json, application/json, application/*+json]
2026-04-26 08:34:34.112    DEBUG org.springframework.web.servlet.mvc.method.annotation.RequestResponseBodyMethodProcessor - Writing [cn.imhtb.live.common.ApiResponse@6d54b5bf]
2026-04-26 08:34:34.114    DEBUG org.springframework.web.servlet.DispatcherServlet - Completed 200 OK
2026-04-26 08:34:34.628    DEBUG org.springframework.web.servlet.DispatcherServlet - POST "/api/v1/present/reward", parameters={}
2026-04-26 08:34:34.629    DEBUG org.springframework.web.servlet.mvc.method.annotation.RequestMappingHandlerMapping - Mapped to cn.imhtb.live.modules.live.controller.PresentController#reward(RewardReqVo)
2026-04-26 08:34:34.631    DEBUG org.springframework.web.servlet.mvc.method.annotation.RequestResponseBodyMethodProcessor - Read "application/json;charset=UTF-8" to [RewardReqVo(presentId=2, number=10, roomId=17, vid=null)]
2026-04-26 08:34:34.638    DEBUG org.springframework.jdbc.core.JdbcTemplate - Executing prepared SQL query
2026-04-26 08:34:34.640    DEBUG org.springframework.jdbc.core.JdbcTemplate - Executing prepared SQL statement [SELECT COUNT(*) FROM information_schema.TABLES WHERE TABLE_SCHEMA = DATABASE() AND TABLE_NAME = ?]
2026-04-26 08:34:34.647    DEBUG org.springframework.web.servlet.mvc.method.annotation.ExceptionHandlerExceptionResolver - Using @ExceptionHandler cn.imhtb.live.common.exception.AntLiveExceptionHandler#handleBusinessException(BusinessException)
2026-04-26 08:34:34.648    ERROR cn.imhtb.live.common.exception.AntLiveExceptionHandler - catch business exception
cn.imhtb.live.common.exception.BusinessException: 余额不足，无法完成送礼
	at cn.imhtb.live.modules.live.service.impl.LiveGiftServiceImpl.createReward(LiveGiftServiceImpl.java:74)
	at cn.imhtb.live.modules.live.service.impl.LiveGiftServiceImpl$$FastClassBySpringCGLIB$$e7f3713c.invoke(<generated>)
	at org.springframework.cglib.proxy.MethodProxy.invoke(MethodProxy.java:218)
	at org.springframework.aop.framework.CglibAopProxy$CglibMethodInvocation.invokeJoinpoint(CglibAopProxy.java:783)
	at org.springframework.aop.framework.ReflectiveMethodInvocation.proceed(ReflectiveMethodInvocation.java:163)
	at org.springframework.aop.framework.CglibAopProxy$CglibMethodInvocation.proceed(CglibAopProxy.java:753)
	at org.springframework.transaction.interceptor.TransactionInterceptor$1.proceedWithInvocation(TransactionInterceptor.java:123)
	at org.springframework.transaction.interceptor.TransactionAspectSupport.invokeWithinTransaction(TransactionAspectSupport.java:388)
	at org.springframework.transaction.interceptor.TransactionInterceptor.invoke(TransactionInterceptor.java:119)
	at org.springframework.aop.framework.ReflectiveMethodInvocation.proceed(ReflectiveMethodInvocation.java:186)
	at org.springframework.aop.framework.CglibAopProxy$CglibMethodInvocation.proceed(CglibAopProxy.java:753)
	at org.springframework.aop.framework.CglibAopProxy$DynamicAdvisedInterceptor.intercept(CglibAopProxy.java:698)
	at cn.imhtb.live.modules.live.service.impl.LiveGiftServiceImpl$$EnhancerBySpringCGLIB$$410279f2.createReward(<generated>)
	at cn.imhtb.live.modules.live.controller.PresentController.reward(PresentController.java:54)
	at java.base/jdk.internal.reflect.DirectMethodHandleAccessor.invoke(DirectMethodHandleAccessor.java:103)
	at java.base/java.lang.reflect.Method.invoke(Method.java:580)
	at org.springframework.web.method.support.InvocableHandlerMethod.doInvoke(InvocableHandlerMethod.java:205)
	at org.springframework.web.method.support.InvocableHandlerMethod.invokeForRequest(InvocableHandlerMethod.java:150)
	at org.springframework.web.servlet.mvc.method.annotation.ServletInvocableHandlerMethod.invokeAndHandle(ServletInvocableHandlerMethod.java:117)
	at org.springframework.web.servlet.mvc.method.annotation.RequestMappingHandlerAdapter.invokeHandlerMethod(RequestMappingHandlerAdapter.java:895)
	at org.springframework.web.servlet.mvc.method.annotation.RequestMappingHandlerAdapter.handleInternal(RequestMappingHandlerAdapter.java:808)
	at org.springframework.web.servlet.mvc.method.AbstractHandlerMethodAdapter.handle(AbstractHandlerMethodAdapter.java:87)
	at org.springframework.web.servlet.DispatcherServlet.doDispatch(DispatcherServlet.java:1067)
	at org.springframework.web.servlet.DispatcherServlet.doService(DispatcherServlet.java:963)
	at org.springframework.web.servlet.FrameworkServlet.processRequest(FrameworkServlet.java:1006)
	at org.springframework.web.servlet.FrameworkServlet.doPost(FrameworkServlet.java:909)
	at javax.servlet.http.HttpServlet.service(HttpServlet.java:681)
	at org.springframework.web.servlet.FrameworkServlet.service(FrameworkServlet.java:883)
	at javax.servlet.http.HttpServlet.service(HttpServlet.java:764)
	at org.apache.catalina.core.ApplicationFilterChain.internalDoFilter(ApplicationFilterChain.java:227)
	at org.apache.catalina.core.ApplicationFilterChain.doFilter(ApplicationFilterChain.java:162)
	at org.apache.tomcat.websocket.server.WsFilter.doFilter(WsFilter.java:53)
	at org.apache.catalina.core.ApplicationFilterChain.internalDoFilter(ApplicationFilterChain.java:189)
	at org.apache.catalina.core.ApplicationFilterChain.doFilter(ApplicationFilterChain.java:162)
	at org.springframework.web.filter.OncePerRequestFilter.doFilter(OncePerRequestFilter.java:111)
	at org.apache.catalina.core.ApplicationFilterChain.internalDoFilter(ApplicationFilterChain.java:189)
	at org.apache.catalina.core.ApplicationFilterChain.doFilter(ApplicationFilterChain.java:162)
	at org.springframework.security.web.FilterChainProxy$VirtualFilterChain.doFilter(FilterChainProxy.java:327)
	at org.springframework.security.web.access.intercept.FilterSecurityInterceptor.invoke(FilterSecurityInterceptor.java:115)
	at org.springframework.security.web.access.intercept.FilterSecurityInterceptor.doFilter(FilterSecurityInterceptor.java:81)
	at org.springframework.security.web.FilterChainProxy$VirtualFilterChain.doFilter(FilterChainProxy.java:336)
	at org.springframework.security.web.access.ExceptionTranslationFilter.doFilter(ExceptionTranslationFilter.java:121)
	at org.springframework.security.web.access.ExceptionTranslationFilter.doFilter(ExceptionTranslationFilter.java:115)
	at org.springframework.security.web.FilterChainProxy$VirtualFilterChain.doFilter(FilterChainProxy.java:336)
	at org.springframework.security.web.session.SessionManagementFilter.doFilter(SessionManagementFilter.java:126)
	at org.springframework.security.web.session.SessionManagementFilter.doFilter(SessionManagementFilter.java:81)
	at org.springframework.security.web.FilterChainProxy$VirtualFilterChain.doFilter(FilterChainProxy.java:336)
	at org.springframework.security.web.authentication.AnonymousAuthenticationFilter.doFilter(AnonymousAuthenticationFilter.java:105)
	at org.springframework.security.web.FilterChainProxy$VirtualFilterChain.doFilter(FilterChainProxy.java:336)
	at org.springframework.security.web.servletapi.SecurityContextHolderAwareRequestFilter.doFilter(SecurityContextHolderAwareRequestFilter.java:149)
	at org.springframework.security.web.FilterChainProxy$VirtualFilterChain.doFilter(FilterChainProxy.java:336)
	at org.springframework.security.web.savedrequest.RequestCacheAwareFilter.doFilter(RequestCacheAwareFilter.java:63)
	at org.springframework.security.web.FilterChainProxy$VirtualFilterChain.doFilter(FilterChainProxy.java:336)
	at cn.imhtb.live.common.filter.JwtAuthorizationFilter.doFilterInternal(JwtAuthorizationFilter.java:49)
	at org.springframework.web.filter.OncePerRequestFilter.doFilter(OncePerRequestFilter.java:117)
	at org.springframework.security.web.FilterChainProxy$VirtualFilterChain.doFilter(FilterChainProxy.java:336)
	at org.springframework.security.web.authentication.AbstractAuthenticationProcessingFilter.doFilter(AbstractAuthenticationProcessingFilter.java:218)
	at org.springframework.security.web.authentication.AbstractAuthenticationProcessingFilter.doFilter(AbstractAuthenticationProcessingFilter.java:212)
	at org.springframework.security.web.FilterChainProxy$VirtualFilterChain.doFilter(FilterChainProxy.java:336)
	at org.springframework.security.web.authentication.logout.LogoutFilter.doFilter(LogoutFilter.java:103)
	at org.springframework.security.web.authentication.logout.LogoutFilter.doFilter(LogoutFilter.java:89)
	at org.springframework.security.web.FilterChainProxy$VirtualFilterChain.doFilter(FilterChainProxy.java:336)
	at org.springframework.web.filter.CorsFilter.doFilterInternal(CorsFilter.java:91)
	at org.springframework.web.filter.OncePerRequestFilter.doFilter(OncePerRequestFilter.java:117)
	at org.springframework.security.web.FilterChainProxy$VirtualFilterChain.doFilter(FilterChainProxy.java:336)
	at org.springframework.security.web.header.HeaderWriterFilter.doHeadersAfter(HeaderWriterFilter.java:90)
	at org.springframework.security.web.header.HeaderWriterFilter.doFilterInternal(HeaderWriterFilter.java:75)
	at org.springframework.web.filter.OncePerRequestFilter.doFilter(OncePerRequestFilter.java:117)
	at org.springframework.security.web.FilterChainProxy$VirtualFilterChain.doFilter(FilterChainProxy.java:336)
	at org.springframework.security.web.context.SecurityContextPersistenceFilter.doFilter(SecurityContextPersistenceFilter.java:110)
	at org.springframework.security.web.context.SecurityContextPersistenceFilter.doFilter(SecurityContextPersistenceFilter.java:80)
	at org.springframework.security.web.FilterChainProxy$VirtualFilterChain.doFilter(FilterChainProxy.java:336)
	at org.springframework.security.web.context.request.async.WebAsyncManagerIntegrationFilter.doFilterInternal(WebAsyncManagerIntegrationFilter.java:55)
	at org.springframework.web.filter.OncePerRequestFilter.doFilter(OncePerRequestFilter.java:117)
	at org.springframework.security.web.FilterChainProxy$VirtualFilterChain.doFilter(FilterChainProxy.java:336)
	at org.springframework.security.web.FilterChainProxy.doFilterInternal(FilterChainProxy.java:211)
	at org.springframework.security.web.FilterChainProxy.doFilter(FilterChainProxy.java:183)
	at org.springframework.web.filter.DelegatingFilterProxy.invokeDelegate(DelegatingFilterProxy.java:354)
	at org.springframework.web.filter.DelegatingFilterProxy.doFilter(DelegatingFilterProxy.java:267)
	at org.apache.catalina.core.ApplicationFilterChain.internalDoFilter(ApplicationFilterChain.java:189)
	at org.apache.catalina.core.ApplicationFilterChain.doFilter(ApplicationFilterChain.java:162)
	at org.springframework.web.filter.RequestContextFilter.doFilterInternal(RequestContextFilter.java:100)
	at org.springframework.web.filter.OncePerRequestFilter.doFilter(OncePerRequestFilter.java:117)
	at org.apache.catalina.core.ApplicationFilterChain.internalDoFilter(ApplicationFilterChain.java:189)
	at org.apache.catalina.core.ApplicationFilterChain.doFilter(ApplicationFilterChain.java:162)
	at org.springframework.web.filter.FormContentFilter.doFilterInternal(FormContentFilter.java:93)
	at org.springframework.web.filter.OncePerRequestFilter.doFilter(OncePerRequestFilter.java:117)
	at org.apache.catalina.core.ApplicationFilterChain.internalDoFilter(ApplicationFilterChain.java:189)
	at org.apache.catalina.core.ApplicationFilterChain.doFilter(ApplicationFilterChain.java:162)
	at org.springframework.web.filter.CharacterEncodingFilter.doFilterInternal(CharacterEncodingFilter.java:201)
	at org.springframework.web.filter.OncePerRequestFilter.doFilter(OncePerRequestFilter.java:117)
	at org.apache.catalina.core.ApplicationFilterChain.internalDoFilter(ApplicationFilterChain.java:189)
	at org.apache.catalina.core.ApplicationFilterChain.doFilter(ApplicationFilterChain.java:162)
	at org.apache.catalina.core.StandardWrapperValve.invoke(StandardWrapperValve.java:197)
	at org.apache.catalina.core.StandardContextValve.invoke(StandardContextValve.java:97)
	at org.apache.catalina.authenticator.AuthenticatorBase.invoke(AuthenticatorBase.java:540)
	at org.apache.catalina.core.StandardHostValve.invoke(StandardHostValve.java:135)
	at org.apache.catalina.valves.ErrorReportValve.invoke(ErrorReportValve.java:92)
	at org.apache.catalina.core.StandardEngineValve.invoke(StandardEngineValve.java:78)
	at org.apache.catalina.connector.CoyoteAdapter.service(CoyoteAdapter.java:357)
	at org.apache.coyote.http11.Http11Processor.service(Http11Processor.java:382)
	at org.apache.coyote.AbstractProcessorLight.process(AbstractProcessorLight.java:65)
	at org.apache.coyote.AbstractProtocol$ConnectionHandler.process(AbstractProtocol.java:895)
	at org.apache.tomcat.util.net.NioEndpoint$SocketProcessor.doRun(NioEndpoint.java:1732)
	at org.apache.tomcat.util.net.SocketProcessorBase.run(SocketProcessorBase.java:49)
	at org.apache.tomcat.util.threads.ThreadPoolExecutor.runWorker(ThreadPoolExecutor.java:1191)
	at org.apache.tomcat.util.threads.ThreadPoolExecutor$Worker.run(ThreadPoolExecutor.java:659)
	at org.apache.tomcat.util.threads.TaskThread$WrappingRunnable.run(TaskThread.java:61)
	at java.base/java.lang.Thread.run(Thread.java:1583)
2026-04-26 08:34:34.652    DEBUG org.springframework.web.servlet.mvc.method.annotation.RequestResponseBodyMethodProcessor - Using 'application/json', given [application/json, text/plain, */*] and supported [application/json, application/*+json, application/json, application/*+json]
2026-04-26 08:34:34.652    DEBUG org.springframework.web.servlet.mvc.method.annotation.RequestResponseBodyMethodProcessor - Writing [cn.imhtb.live.common.ApiResponse@6cb7a94c]
2026-04-26 08:34:34.655    DEBUG org.springframework.web.servlet.mvc.method.annotation.ExceptionHandlerExceptionResolver - Resolved [cn.imhtb.live.common.exception.BusinessException: 余额不足，无法完成送礼]
2026-04-26 08:34:34.655    DEBUG org.springframework.web.servlet.DispatcherServlet - Completed 200 OK
2026-04-26 08:34:35.295    DEBUG org.springframework.web.servlet.DispatcherServlet - POST "/api/v1/live/guard/check", parameters={multipart}
2026-04-26 08:34:35.310    DEBUG org.springframework.web.servlet.mvc.method.annotation.RequestMappingHandlerMapping - Mapped to cn.imhtb.live.modules.live.controller.AntLiveController#guardCheck(Integer, MultipartFile)
2026-04-26 08:34:35.326    DEBUG org.springframework.web.client.RestTemplate - HTTP POST http://localhost:8000/check
2026-04-26 08:34:35.327    DEBUG org.springframework.web.client.RestTemplate - Accept=[application/json, application/*+json]
2026-04-26 08:34:35.327    DEBUG org.springframework.web.client.RestTemplate - Writing [{file=[Byte array resource [resource loaded from byte array]]}] as "multipart/form-data"
2026-04-26 08:34:36.868    DEBUG org.springframework.web.servlet.DispatcherServlet - POST "/api/v1/present/reward", parameters={}
2026-04-26 08:34:36.879    DEBUG org.springframework.web.servlet.mvc.method.annotation.RequestMappingHandlerMapping - Mapped to cn.imhtb.live.modules.live.controller.PresentController#reward(RewardReqVo)
2026-04-26 08:34:36.880    DEBUG org.springframework.web.servlet.mvc.method.annotation.RequestResponseBodyMethodProcessor - Read "application/json;charset=UTF-8" to [RewardReqVo(presentId=2, number=1, roomId=17, vid=null)]
2026-04-26 08:34:36.882    DEBUG org.springframework.jdbc.core.JdbcTemplate - Executing prepared SQL query
2026-04-26 08:34:36.882    DEBUG org.springframework.jdbc.core.JdbcTemplate - Executing prepared SQL statement [SELECT COUNT(*) FROM information_schema.TABLES WHERE TABLE_SCHEMA = DATABASE() AND TABLE_NAME = ?]
2026-04-26 08:34:36.887    DEBUG org.springframework.web.servlet.mvc.method.annotation.ExceptionHandlerExceptionResolver - Using @ExceptionHandler cn.imhtb.live.common.exception.AntLiveExceptionHandler#handleBusinessException(BusinessException)
2026-04-26 08:34:36.887    ERROR cn.imhtb.live.common.exception.AntLiveExceptionHandler - catch business exception
cn.imhtb.live.common.exception.BusinessException: 余额不足，无法完成送礼
	at cn.imhtb.live.modules.live.service.impl.LiveGiftServiceImpl.createReward(LiveGiftServiceImpl.java:74)
	at cn.imhtb.live.modules.live.service.impl.LiveGiftServiceImpl$$FastClassBySpringCGLIB$$e7f3713c.invoke(<generated>)
	at org.springframework.cglib.proxy.MethodProxy.invoke(MethodProxy.java:218)
	at org.springframework.aop.framework.CglibAopProxy$CglibMethodInvocation.invokeJoinpoint(CglibAopProxy.java:783)
	at org.springframework.aop.framework.ReflectiveMethodInvocation.proceed(ReflectiveMethodInvocation.java:163)
	at org.springframework.aop.framework.CglibAopProxy$CglibMethodInvocation.proceed(CglibAopProxy.java:753)
	at org.springframework.transaction.interceptor.TransactionInterceptor$1.proceedWithInvocation(TransactionInterceptor.java:123)
	at org.springframework.transaction.interceptor.TransactionAspectSupport.invokeWithinTransaction(TransactionAspectSupport.java:388)
	at org.springframework.transaction.interceptor.TransactionInterceptor.invoke(TransactionInterceptor.java:119)
	at org.springframework.aop.framework.ReflectiveMethodInvocation.proceed(ReflectiveMethodInvocation.java:186)
	at org.springframework.aop.framework.CglibAopProxy$CglibMethodInvocation.proceed(CglibAopProxy.java:753)
	at org.springframework.aop.framework.CglibAopProxy$DynamicAdvisedInterceptor.intercept(CglibAopProxy.java:698)
	at cn.imhtb.live.modules.live.service.impl.LiveGiftServiceImpl$$EnhancerBySpringCGLIB$$410279f2.createReward(<generated>)
	at cn.imhtb.live.modules.live.controller.PresentController.reward(PresentController.java:54)
	at java.base/jdk.internal.reflect.DirectMethodHandleAccessor.invoke(DirectMethodHandleAccessor.java:103)
	at java.base/java.lang.reflect.Method.invoke(Method.java:580)
	at org.springframework.web.method.support.InvocableHandlerMethod.doInvoke(InvocableHandlerMethod.java:205)
	at org.springframework.web.method.support.InvocableHandlerMethod.invokeForRequest(InvocableHandlerMethod.java:150)
	at org.springframework.web.servlet.mvc.method.annotation.ServletInvocableHandlerMethod.invokeAndHandle(ServletInvocableHandlerMethod.java:117)
	at org.springframework.web.servlet.mvc.method.annotation.RequestMappingHandlerAdapter.invokeHandlerMethod(RequestMappingHandlerAdapter.java:895)
	at org.springframework.web.servlet.mvc.method.annotation.RequestMappingHandlerAdapter.handleInternal(RequestMappingHandlerAdapter.java:808)
	at org.springframework.web.servlet.mvc.method.AbstractHandlerMethodAdapter.handle(AbstractHandlerMethodAdapter.java:87)
	at org.springframework.web.servlet.DispatcherServlet.doDispatch(DispatcherServlet.java:1067)
	at org.springframework.web.servlet.DispatcherServlet.doService(DispatcherServlet.java:963)
	at org.springframework.web.servlet.FrameworkServlet.processRequest(FrameworkServlet.java:1006)
	at org.springframework.web.servlet.FrameworkServlet.doPost(FrameworkServlet.java:909)
	at javax.servlet.http.HttpServlet.service(HttpServlet.java:681)
	at org.springframework.web.servlet.FrameworkServlet.service(FrameworkServlet.java:883)
	at javax.servlet.http.HttpServlet.service(HttpServlet.java:764)
	at org.apache.catalina.core.ApplicationFilterChain.internalDoFilter(ApplicationFilterChain.java:227)
	at org.apache.catalina.core.ApplicationFilterChain.doFilter(ApplicationFilterChain.java:162)
	at org.apache.tomcat.websocket.server.WsFilter.doFilter(WsFilter.java:53)
	at org.apache.catalina.core.ApplicationFilterChain.internalDoFilter(ApplicationFilterChain.java:189)
	at org.apache.catalina.core.ApplicationFilterChain.doFilter(ApplicationFilterChain.java:162)
	at org.springframework.web.filter.OncePerRequestFilter.doFilter(OncePerRequestFilter.java:111)
	at org.apache.catalina.core.ApplicationFilterChain.internalDoFilter(ApplicationFilterChain.java:189)
	at org.apache.catalina.core.ApplicationFilterChain.doFilter(ApplicationFilterChain.java:162)
	at org.springframework.security.web.FilterChainProxy$VirtualFilterChain.doFilter(FilterChainProxy.java:327)
	at org.springframework.security.web.access.intercept.FilterSecurityInterceptor.invoke(FilterSecurityInterceptor.java:115)
	at org.springframework.security.web.access.intercept.FilterSecurityInterceptor.doFilter(FilterSecurityInterceptor.java:81)
	at org.springframework.security.web.FilterChainProxy$VirtualFilterChain.doFilter(FilterChainProxy.java:336)
	at org.springframework.security.web.access.ExceptionTranslationFilter.doFilter(ExceptionTranslationFilter.java:121)
	at org.springframework.security.web.access.ExceptionTranslationFilter.doFilter(ExceptionTranslationFilter.java:115)
	at org.springframework.security.web.FilterChainProxy$VirtualFilterChain.doFilter(FilterChainProxy.java:336)
	at org.springframework.security.web.session.SessionManagementFilter.doFilter(SessionManagementFilter.java:126)
	at org.springframework.security.web.session.SessionManagementFilter.doFilter(SessionManagementFilter.java:81)
	at org.springframework.security.web.FilterChainProxy$VirtualFilterChain.doFilter(FilterChainProxy.java:336)
	at org.springframework.security.web.authentication.AnonymousAuthenticationFilter.doFilter(AnonymousAuthenticationFilter.java:105)
	at org.springframework.security.web.FilterChainProxy$VirtualFilterChain.doFilter(FilterChainProxy.java:336)
	at org.springframework.security.web.servletapi.SecurityContextHolderAwareRequestFilter.doFilter(SecurityContextHolderAwareRequestFilter.java:149)
	at org.springframework.security.web.FilterChainProxy$VirtualFilterChain.doFilter(FilterChainProxy.java:336)
	at org.springframework.security.web.savedrequest.RequestCacheAwareFilter.doFilter(RequestCacheAwareFilter.java:63)
	at org.springframework.security.web.FilterChainProxy$VirtualFilterChain.doFilter(FilterChainProxy.java:336)
	at cn.imhtb.live.common.filter.JwtAuthorizationFilter.doFilterInternal(JwtAuthorizationFilter.java:49)
	at org.springframework.web.filter.OncePerRequestFilter.doFilter(OncePerRequestFilter.java:117)
	at org.springframework.security.web.FilterChainProxy$VirtualFilterChain.doFilter(FilterChainProxy.java:336)
	at org.springframework.security.web.authentication.AbstractAuthenticationProcessingFilter.doFilter(AbstractAuthenticationProcessingFilter.java:218)
	at org.springframework.security.web.authentication.AbstractAuthenticationProcessingFilter.doFilter(AbstractAuthenticationProcessingFilter.java:212)
	at org.springframework.security.web.FilterChainProxy$VirtualFilterChain.doFilter(FilterChainProxy.java:336)
	at org.springframework.security.web.authentication.logout.LogoutFilter.doFilter(LogoutFilter.java:103)
	at org.springframework.security.web.authentication.logout.LogoutFilter.doFilter(LogoutFilter.java:89)
	at org.springframework.security.web.FilterChainProxy$VirtualFilterChain.doFilter(FilterChainProxy.java:336)
	at org.springframework.web.filter.CorsFilter.doFilterInternal(CorsFilter.java:91)
	at org.springframework.web.filter.OncePerRequestFilter.doFilter(OncePerRequestFilter.java:117)
	at org.springframework.security.web.FilterChainProxy$VirtualFilterChain.doFilter(FilterChainProxy.java:336)
	at org.springframework.security.web.header.HeaderWriterFilter.doHeadersAfter(HeaderWriterFilter.java:90)
	at org.springframework.security.web.header.HeaderWriterFilter.doFilterInternal(HeaderWriterFilter.java:75)
	at org.springframework.web.filter.OncePerRequestFilter.doFilter(OncePerRequestFilter.java:117)
	at org.springframework.security.web.FilterChainProxy$VirtualFilterChain.doFilter(FilterChainProxy.java:336)
	at org.springframework.security.web.context.SecurityContextPersistenceFilter.doFilter(SecurityContextPersistenceFilter.java:110)
	at org.springframework.security.web.context.SecurityContextPersistenceFilter.doFilter(SecurityContextPersistenceFilter.java:80)
	at org.springframework.security.web.FilterChainProxy$VirtualFilterChain.doFilter(FilterChainProxy.java:336)
	at org.springframework.security.web.context.request.async.WebAsyncManagerIntegrationFilter.doFilterInternal(WebAsyncManagerIntegrationFilter.java:55)
	at org.springframework.web.filter.OncePerRequestFilter.doFilter(OncePerRequestFilter.java:117)
	at org.springframework.security.web.FilterChainProxy$VirtualFilterChain.doFilter(FilterChainProxy.java:336)
	at org.springframework.security.web.FilterChainProxy.doFilterInternal(FilterChainProxy.java:211)
	at org.springframework.security.web.FilterChainProxy.doFilter(FilterChainProxy.java:183)
	at org.springframework.web.filter.DelegatingFilterProxy.invokeDelegate(DelegatingFilterProxy.java:354)
	at org.springframework.web.filter.DelegatingFilterProxy.doFilter(DelegatingFilterProxy.java:267)
	at org.apache.catalina.core.ApplicationFilterChain.internalDoFilter(ApplicationFilterChain.java:189)
	at org.apache.catalina.core.ApplicationFilterChain.doFilter(ApplicationFilterChain.java:162)
	at org.springframework.web.filter.RequestContextFilter.doFilterInternal(RequestContextFilter.java:100)
	at org.springframework.web.filter.OncePerRequestFilter.doFilter(OncePerRequestFilter.java:117)
	at org.apache.catalina.core.ApplicationFilterChain.internalDoFilter(ApplicationFilterChain.java:189)
	at org.apache.catalina.core.ApplicationFilterChain.doFilter(ApplicationFilterChain.java:162)
	at org.springframework.web.filter.FormContentFilter.doFilterInternal(FormContentFilter.java:93)
	at org.springframework.web.filter.OncePerRequestFilter.doFilter(OncePerRequestFilter.java:117)
	at org.apache.catalina.core.ApplicationFilterChain.internalDoFilter(ApplicationFilterChain.java:189)
	at org.apache.catalina.core.ApplicationFilterChain.doFilter(ApplicationFilterChain.java:162)
	at org.springframework.web.filter.CharacterEncodingFilter.doFilterInternal(CharacterEncodingFilter.java:201)
	at org.springframework.web.filter.OncePerRequestFilter.doFilter(OncePerRequestFilter.java:117)
	at org.apache.catalina.core.ApplicationFilterChain.internalDoFilter(ApplicationFilterChain.java:189)
	at org.apache.catalina.core.ApplicationFilterChain.doFilter(ApplicationFilterChain.java:162)
	at org.apache.catalina.core.StandardWrapperValve.invoke(StandardWrapperValve.java:197)
	at org.apache.catalina.core.StandardContextValve.invoke(StandardContextValve.java:97)
	at org.apache.catalina.authenticator.AuthenticatorBase.invoke(AuthenticatorBase.java:540)
	at org.apache.catalina.core.StandardHostValve.invoke(StandardHostValve.java:135)
	at org.apache.catalina.valves.ErrorReportValve.invoke(ErrorReportValve.java:92)
	at org.apache.catalina.core.StandardEngineValve.invoke(StandardEngineValve.java:78)
	at org.apache.catalina.connector.CoyoteAdapter.service(CoyoteAdapter.java:357)
	at org.apache.coyote.http11.Http11Processor.service(Http11Processor.java:382)
	at org.apache.coyote.AbstractProcessorLight.process(AbstractProcessorLight.java:65)
	at org.apache.coyote.AbstractProtocol$ConnectionHandler.process(AbstractProtocol.java:895)
	at org.apache.tomcat.util.net.NioEndpoint$SocketProcessor.doRun(NioEndpoint.java:1732)
	at org.apache.tomcat.util.net.SocketProcessorBase.run(SocketProcessorBase.java:49)
	at org.apache.tomcat.util.threads.ThreadPoolExecutor.runWorker(ThreadPoolExecutor.java:1191)
	at org.apache.tomcat.util.threads.ThreadPoolExecutor$Worker.run(ThreadPoolExecutor.java:659)
	at org.apache.tomcat.util.threads.TaskThread$WrappingRunnable.run(TaskThread.java:61)
	at java.base/java.lang.Thread.run(Thread.java:1583)
2026-04-26 08:34:36.890    DEBUG org.springframework.web.servlet.mvc.method.annotation.RequestResponseBodyMethodProcessor - Using 'application/json', given [application/json, text/plain, */*] and supported [application/json, application/*+json, application/json, application/*+json]
2026-04-26 08:34:36.890    DEBUG org.springframework.web.servlet.mvc.method.annotation.RequestResponseBodyMethodProcessor - Writing [cn.imhtb.live.common.ApiResponse@42140326]
2026-04-26 08:34:36.890    DEBUG org.springframework.web.servlet.mvc.method.annotation.ExceptionHandlerExceptionResolver - Resolved [cn.imhtb.live.common.exception.BusinessException: 余额不足，无法完成送礼]
2026-04-26 08:34:36.892    DEBUG org.springframework.web.servlet.DispatcherServlet - Completed 200 OK
2026-04-26 08:34:41.838    DEBUG org.springframework.web.servlet.DispatcherServlet - GET "/api/v1/chat/getPopularity?roomId=17", parameters={masked}
2026-04-26 08:34:41.838    DEBUG org.springframework.web.servlet.mvc.method.annotation.RequestMappingHandlerMapping - Mapped to cn.imhtb.live.modules.server.netty.web.ChatController#getPopularity(Integer)
2026-04-26 08:34:41.840    DEBUG org.springframework.web.servlet.mvc.method.annotation.RequestResponseBodyMethodProcessor - Using 'application/json', given [application/json, text/plain, */*] and supported [application/json, application/*+json, application/json, application/*+json]
2026-04-26 08:34:41.840    DEBUG org.springframework.web.servlet.mvc.method.annotation.RequestResponseBodyMethodProcessor - Writing [cn.imhtb.live.common.ApiResponse@15f4e824]
2026-04-26 08:34:41.841    DEBUG org.springframework.web.servlet.DispatcherServlet - Completed 200 OK
2026-04-26 08:34:42.387    DEBUG org.springframework.web.servlet.DispatcherServlet - POST "/api/v1/present/reward", parameters={}
2026-04-26 08:34:42.387    DEBUG org.springframework.web.servlet.mvc.method.annotation.RequestMappingHandlerMapping - Mapped to cn.imhtb.live.modules.live.controller.PresentController#reward(RewardReqVo)
2026-04-26 08:34:42.388    DEBUG org.springframework.web.servlet.mvc.method.annotation.RequestResponseBodyMethodProcessor - Read "application/json;charset=UTF-8" to [RewardReqVo(presentId=1, number=1, roomId=17, vid=null)]
2026-04-26 08:34:42.390    DEBUG org.springframework.jdbc.core.JdbcTemplate - Executing prepared SQL query
2026-04-26 08:34:42.390    DEBUG org.springframework.jdbc.core.JdbcTemplate - Executing prepared SQL statement [SELECT COUNT(*) FROM information_schema.TABLES WHERE TABLE_SCHEMA = DATABASE() AND TABLE_NAME = ?]
2026-04-26 08:34:42.396    DEBUG org.springframework.jdbc.core.JdbcTemplate - Executing prepared SQL query
2026-04-26 08:34:42.396    DEBUG org.springframework.jdbc.core.JdbcTemplate - Executing prepared SQL statement [SELECT COUNT(*) FROM information_schema.TABLES WHERE TABLE_SCHEMA = DATABASE() AND TABLE_NAME = ?]
2026-04-26 08:34:42.399    DEBUG org.springframework.jdbc.core.JdbcTemplate - Executing prepared SQL query
2026-04-26 08:34:42.399    DEBUG org.springframework.jdbc.core.JdbcTemplate - Executing prepared SQL statement [SELECT COUNT(*) FROM information_schema.TABLES WHERE TABLE_SCHEMA = DATABASE() AND TABLE_NAME = ?]
2026-04-26 08:34:42.440    DEBUG org.springframework.jdbc.core.JdbcTemplate - Executing prepared SQL query
2026-04-26 08:34:42.441    DEBUG org.springframework.jdbc.core.JdbcTemplate - Executing prepared SQL statement [SELECT COUNT(*) FROM information_schema.TABLES WHERE TABLE_SCHEMA = DATABASE() AND TABLE_NAME = ?]
2026-04-26 08:34:42.442    DEBUG org.springframework.jdbc.core.JdbcTemplate - Executing prepared SQL query
2026-04-26 08:34:42.442    DEBUG org.springframework.jdbc.core.JdbcTemplate - Executing prepared SQL statement [SELECT COUNT(*) FROM information_schema.TABLES WHERE TABLE_SCHEMA = DATABASE() AND TABLE_NAME = ?]
2026-04-26 08:34:42.474    DEBUG org.springframework.web.servlet.mvc.method.annotation.RequestResponseBodyMethodProcessor - Using 'application/json', given [application/json, text/plain, */*] and supported [application/json, application/*+json, application/json, application/*+json]
2026-04-26 08:34:42.475    DEBUG org.springframework.web.servlet.mvc.method.annotation.RequestResponseBodyMethodProcessor - Writing [cn.imhtb.live.common.ApiResponse@3682b23a]
2026-04-26 08:34:42.476    DEBUG org.springframework.web.servlet.DispatcherServlet - Completed 200 OK
2026-04-26 08:34:44.626    DEBUG org.springframework.web.client.RestTemplate - Response 200 OK
2026-04-26 08:34:44.627    DEBUG org.springframework.web.client.RestTemplate - Reading to [java.util.Map<?, ?>]
2026-04-26 08:34:44.629    DEBUG org.springframework.web.servlet.mvc.method.annotation.RequestResponseBodyMethodProcessor - Using 'application/json', given [application/json, text/plain, */*] and supported [application/json, application/*+json, application/json, application/*+json]
2026-04-26 08:34:44.629    DEBUG org.springframework.web.servlet.mvc.method.annotation.RequestResponseBodyMethodProcessor - Writing [cn.imhtb.live.common.ApiResponse@67b67900]
2026-04-26 08:34:44.630    DEBUG org.springframework.web.servlet.DispatcherServlet - Completed 200 OK
2026-04-26 08:34:47.307    DEBUG org.springframework.web.servlet.DispatcherServlet - POST "/api/v1/live/guard/check", parameters={multipart}
2026-04-26 08:34:47.316    DEBUG org.springframework.web.servlet.mvc.method.annotation.RequestMappingHandlerMapping - Mapped to cn.imhtb.live.modules.live.controller.AntLiveController#guardCheck(Integer, MultipartFile)
2026-04-26 08:34:47.328    DEBUG org.springframework.web.client.RestTemplate - HTTP POST http://localhost:8000/check
2026-04-26 08:34:47.329    DEBUG org.springframework.web.client.RestTemplate - Accept=[application/json, application/*+json]
2026-04-26 08:34:47.329    DEBUG org.springframework.web.client.RestTemplate - Writing [{file=[Byte array resource [resource loaded from byte array]]}] as "multipart/form-data"
2026-04-26 08:34:51.350    DEBUG org.springframework.web.servlet.DispatcherServlet - GET "/api/v1/wallet/getBalance", parameters={}
2026-04-26 08:34:51.350    DEBUG org.springframework.web.servlet.DispatcherServlet - GET "/api/v1/wallet/listRecentWalletLogs", parameters={}
2026-04-26 08:34:51.351    DEBUG org.springframework.web.servlet.mvc.method.annotation.RequestMappingHandlerMapping - Mapped to cn.imhtb.live.modules.wallet.controller.WalletController#getBalance()
2026-04-26 08:34:51.351    DEBUG org.springframework.web.servlet.mvc.method.annotation.RequestMappingHandlerMapping - Mapped to cn.imhtb.live.modules.wallet.controller.WalletController#listRecentWalletLogs()
2026-04-26 08:34:51.352    DEBUG org.springframework.jdbc.core.JdbcTemplate - Executing prepared SQL query
2026-04-26 08:34:51.352    DEBUG org.springframework.jdbc.core.JdbcTemplate - Executing prepared SQL statement [SELECT COUNT(*) FROM information_schema.TABLES WHERE TABLE_SCHEMA = DATABASE() AND TABLE_NAME = ?]
2026-04-26 08:34:51.352    DEBUG org.springframework.jdbc.core.JdbcTemplate - Executing prepared SQL query
2026-04-26 08:34:51.354    DEBUG org.springframework.jdbc.core.JdbcTemplate - Executing prepared SQL statement [SELECT COUNT(*) FROM information_schema.TABLES WHERE TABLE_SCHEMA = DATABASE() AND TABLE_NAME = ?]
2026-04-26 08:34:51.355    DEBUG org.springframework.jdbc.core.JdbcTemplate - Executing prepared SQL query
2026-04-26 08:34:51.355    DEBUG org.springframework.jdbc.core.JdbcTemplate - Executing prepared SQL statement [SELECT COUNT(*) FROM information_schema.TABLES WHERE TABLE_SCHEMA = DATABASE() AND TABLE_NAME = ?]
2026-04-26 08:34:51.357    DEBUG org.springframework.web.servlet.mvc.method.annotation.RequestResponseBodyMethodProcessor - Using 'application/json', given [application/json, text/plain, */*] and supported [application/json, application/*+json, application/json, application/*+json]
2026-04-26 08:34:51.358    DEBUG org.springframework.web.servlet.mvc.method.annotation.RequestResponseBodyMethodProcessor - Writing [cn.imhtb.live.common.ApiResponse@1b78eec1]
2026-04-26 08:34:51.358    DEBUG org.springframework.web.servlet.DispatcherServlet - Completed 200 OK
2026-04-26 08:34:51.363    DEBUG org.springframework.web.servlet.mvc.method.annotation.RequestResponseBodyMethodProcessor - Using 'application/json', given [application/json, text/plain, */*] and supported [application/json, application/*+json, application/json, application/*+json]
2026-04-26 08:34:51.364    DEBUG org.springframework.web.servlet.mvc.method.annotation.RequestResponseBodyMethodProcessor - Writing [cn.imhtb.live.common.ApiResponse@4bc56e3f]
2026-04-26 08:34:51.365    DEBUG org.springframework.web.servlet.DispatcherServlet - Completed 200 OK
2026-04-26 08:34:55.889    DEBUG org.springframework.web.servlet.DispatcherServlet - GET "/api/v1/wallet/listWalletLogs?pageNo=1&pageSize=10", parameters={masked}
2026-04-26 08:34:55.890    DEBUG org.springframework.web.servlet.mvc.method.annotation.RequestMappingHandlerMapping - Mapped to cn.imhtb.live.modules.wallet.controller.WalletController#listWalletLogs(Integer, Integer)
2026-04-26 08:34:55.890    DEBUG org.springframework.jdbc.core.JdbcTemplate - Executing prepared SQL query
2026-04-26 08:34:55.891    DEBUG org.springframework.jdbc.core.JdbcTemplate - Executing prepared SQL statement [SELECT COUNT(*) FROM information_schema.TABLES WHERE TABLE_SCHEMA = DATABASE() AND TABLE_NAME = ?]
2026-04-26 08:34:55.893    DEBUG org.springframework.jdbc.core.JdbcTemplate - Executing prepared SQL query
2026-04-26 08:34:55.894    DEBUG org.springframework.jdbc.core.JdbcTemplate - Executing prepared SQL statement [SELECT COUNT(*) FROM information_schema.TABLES WHERE TABLE_SCHEMA = DATABASE() AND TABLE_NAME = ?]
2026-04-26 08:34:55.904    DEBUG org.springframework.web.servlet.mvc.method.annotation.RequestResponseBodyMethodProcessor - Using 'application/json', given [application/json, text/plain, */*] and supported [application/json, application/*+json, application/json, application/*+json]
2026-04-26 08:34:55.905    DEBUG org.springframework.web.servlet.mvc.method.annotation.RequestResponseBodyMethodProcessor - Writing [cn.imhtb.live.common.ApiResponse@445136ca]
2026-04-26 08:34:55.906    DEBUG org.springframework.web.servlet.DispatcherServlet - Completed 200 OK
2026-04-26 08:34:56.792    DEBUG org.springframework.web.client.RestTemplate - Response 200 OK
2026-04-26 08:34:56.792    DEBUG org.springframework.web.client.RestTemplate - Reading to [java.util.Map<?, ?>]
2026-04-26 08:34:56.794    DEBUG org.springframework.web.servlet.mvc.method.annotation.RequestResponseBodyMethodProcessor - Using 'application/json', given [application/json, text/plain, */*] and supported [application/json, application/*+json, application/json, application/*+json]
2026-04-26 08:34:56.794    DEBUG org.springframework.web.servlet.mvc.method.annotation.RequestResponseBodyMethodProcessor - Writing [cn.imhtb.live.common.ApiResponse@161f9fa2]
2026-04-26 08:34:56.796    DEBUG org.springframework.web.servlet.DispatcherServlet - Completed 200 OK
2026-04-26 08:34:59.296    DEBUG org.springframework.web.servlet.DispatcherServlet - POST "/api/v1/live/guard/check", parameters={multipart}
2026-04-26 08:34:59.302    DEBUG org.springframework.web.servlet.mvc.method.annotation.RequestMappingHandlerMapping - Mapped to cn.imhtb.live.modules.live.controller.AntLiveController#guardCheck(Integer, MultipartFile)
2026-04-26 08:34:59.312    DEBUG org.springframework.web.client.RestTemplate - HTTP POST http://localhost:8000/check
2026-04-26 08:34:59.312    DEBUG org.springframework.web.client.RestTemplate - Accept=[application/json, application/*+json]
2026-04-26 08:34:59.313    DEBUG org.springframework.web.client.RestTemplate - Writing [{file=[Byte array resource [resource loaded from byte array]]}] as "multipart/form-data"
2026-04-26 08:35:00.180    DEBUG org.springframework.web.servlet.DispatcherServlet - GET "/api/v1/wallet/listRecentWalletLogs", parameters={}
2026-04-26 08:35:00.181    DEBUG org.springframework.web.servlet.mvc.method.annotation.RequestMappingHandlerMapping - Mapped to cn.imhtb.live.modules.wallet.controller.WalletController#listRecentWalletLogs()
2026-04-26 08:35:00.181    DEBUG org.springframework.web.servlet.DispatcherServlet - GET "/api/v1/wallet/getBalance", parameters={}
2026-04-26 08:35:00.181    DEBUG org.springframework.jdbc.core.JdbcTemplate - Executing prepared SQL query
2026-04-26 08:35:00.182    DEBUG org.springframework.jdbc.core.JdbcTemplate - Executing prepared SQL statement [SELECT COUNT(*) FROM information_schema.TABLES WHERE TABLE_SCHEMA = DATABASE() AND TABLE_NAME = ?]
2026-04-26 08:35:00.182    DEBUG org.springframework.web.servlet.mvc.method.annotation.RequestMappingHandlerMapping - Mapped to cn.imhtb.live.modules.wallet.controller.WalletController#getBalance()
2026-04-26 08:35:00.183    DEBUG org.springframework.jdbc.core.JdbcTemplate - Executing prepared SQL query
2026-04-26 08:35:00.183    DEBUG org.springframework.jdbc.core.JdbcTemplate - Executing prepared SQL statement [SELECT COUNT(*) FROM information_schema.TABLES WHERE TABLE_SCHEMA = DATABASE() AND TABLE_NAME = ?]
2026-04-26 08:35:00.184    DEBUG org.springframework.jdbc.core.JdbcTemplate - Executing prepared SQL query
2026-04-26 08:35:00.184    DEBUG org.springframework.jdbc.core.JdbcTemplate - Executing prepared SQL statement [SELECT COUNT(*) FROM information_schema.TABLES WHERE TABLE_SCHEMA = DATABASE() AND TABLE_NAME = ?]
2026-04-26 08:35:00.187    DEBUG org.springframework.web.servlet.mvc.method.annotation.RequestResponseBodyMethodProcessor - Using 'application/json', given [application/json, text/plain, */*] and supported [application/json, application/*+json, application/json, application/*+json]
2026-04-26 08:35:00.188    DEBUG org.springframework.web.servlet.mvc.method.annotation.RequestResponseBodyMethodProcessor - Writing [cn.imhtb.live.common.ApiResponse@2db6acdf]
2026-04-26 08:35:00.190    DEBUG org.springframework.web.servlet.DispatcherServlet - Completed 200 OK
2026-04-26 08:35:00.193    DEBUG org.springframework.web.servlet.mvc.method.annotation.RequestResponseBodyMethodProcessor - Using 'application/json', given [application/json, text/plain, */*] and supported [application/json, application/*+json, application/json, application/*+json]
2026-04-26 08:35:00.193    DEBUG org.springframework.web.servlet.mvc.method.annotation.RequestResponseBodyMethodProcessor - Writing [cn.imhtb.live.common.ApiResponse@7f1e4b48]
2026-04-26 08:35:00.194    DEBUG org.springframework.web.servlet.DispatcherServlet - Completed 200 OK
2026-04-26 08:35:07.240    DEBUG org.springframework.web.client.RestTemplate - Response 200 OK
2026-04-26 08:35:07.241    DEBUG org.springframework.web.client.RestTemplate - Reading to [java.util.Map<?, ?>]
2026-04-26 08:35:07.242    DEBUG org.springframework.web.servlet.mvc.method.annotation.RequestResponseBodyMethodProcessor - Using 'application/json', given [application/json, text/plain, */*] and supported [application/json, application/*+json, application/json, application/*+json]
2026-04-26 08:35:07.242    DEBUG org.springframework.web.servlet.mvc.method.annotation.RequestResponseBodyMethodProcessor - Writing [cn.imhtb.live.common.ApiResponse@55472429]
2026-04-26 08:35:07.244    DEBUG org.springframework.web.servlet.DispatcherServlet - Completed 200 OK
2026-04-26 08:35:08.298    DEBUG org.springframework.web.servlet.DispatcherServlet - POST "/api/v1/live/guard/check", parameters={multipart}
2026-04-26 08:35:08.302    DEBUG org.springframework.web.servlet.mvc.method.annotation.RequestMappingHandlerMapping - Mapped to cn.imhtb.live.modules.live.controller.AntLiveController#guardCheck(Integer, MultipartFile)
2026-04-26 08:35:08.312    DEBUG org.springframework.web.client.RestTemplate - HTTP POST http://localhost:8000/check
2026-04-26 08:35:08.312    DEBUG org.springframework.web.client.RestTemplate - Accept=[application/json, application/*+json]
2026-04-26 08:35:08.312    DEBUG org.springframework.web.client.RestTemplate - Writing [{file=[Byte array resource [resource loaded from byte array]]}] as "multipart/form-data"
2026-04-26 08:35:12.442    DEBUG org.springframework.web.client.RestTemplate - Response 200 OK
2026-04-26 08:35:12.444    DEBUG org.springframework.web.client.RestTemplate - Reading to [java.util.Map<?, ?>]
2026-04-26 08:35:12.446    DEBUG org.springframework.web.servlet.mvc.method.annotation.RequestResponseBodyMethodProcessor - Using 'application/json', given [application/json, text/plain, */*] and supported [application/json, application/*+json, application/json, application/*+json]
2026-04-26 08:35:12.447    DEBUG org.springframework.web.servlet.mvc.method.annotation.RequestResponseBodyMethodProcessor - Writing [cn.imhtb.live.common.ApiResponse@7341c539]
2026-04-26 08:35:12.448    DEBUG org.springframework.web.servlet.DispatcherServlet - Completed 200 OK
2026-04-26 08:35:14.299    DEBUG org.springframework.web.servlet.DispatcherServlet - POST "/api/v1/live/guard/check", parameters={multipart}
2026-04-26 08:35:14.312    DEBUG org.springframework.web.servlet.mvc.method.annotation.RequestMappingHandlerMapping - Mapped to cn.imhtb.live.modules.live.controller.AntLiveController#guardCheck(Integer, MultipartFile)
2026-04-26 08:35:14.321    DEBUG org.springframework.web.client.RestTemplate - HTTP POST http://localhost:8000/check
2026-04-26 08:35:14.321    DEBUG org.springframework.web.client.RestTemplate - Accept=[application/json, application/*+json]
2026-04-26 08:35:14.322    DEBUG org.springframework.web.client.RestTemplate - Writing [{file=[Byte array resource [resource loaded from byte array]]}] as "multipart/form-data"
2026-04-26 08:35:18.582    DEBUG org.springframework.web.client.RestTemplate - Response 200 OK
2026-04-26 08:35:18.582    DEBUG org.springframework.web.client.RestTemplate - Reading to [java.util.Map<?, ?>]
2026-04-26 08:35:18.585    DEBUG org.springframework.web.servlet.mvc.method.annotation.RequestResponseBodyMethodProcessor - Using 'application/json', given [application/json, text/plain, */*] and supported [application/json, application/*+json, application/json, application/*+json]
2026-04-26 08:35:18.586    DEBUG org.springframework.web.servlet.mvc.method.annotation.RequestResponseBodyMethodProcessor - Writing [cn.imhtb.live.common.ApiResponse@10eee34a]
2026-04-26 08:35:18.587    DEBUG org.springframework.web.servlet.DispatcherServlet - Completed 200 OK
2026-04-26 08:35:21.296    DEBUG org.springframework.web.servlet.DispatcherServlet - POST "/api/v1/live/guard/check", parameters={multipart}
2026-04-26 08:35:21.298    DEBUG org.springframework.web.servlet.mvc.method.annotation.RequestMappingHandlerMapping - Mapped to cn.imhtb.live.modules.live.controller.AntLiveController#guardCheck(Integer, MultipartFile)
2026-04-26 08:35:21.306    DEBUG org.springframework.web.client.RestTemplate - HTTP POST http://localhost:8000/check
2026-04-26 08:35:21.306    DEBUG org.springframework.web.client.RestTemplate - Accept=[application/json, application/*+json]
2026-04-26 08:35:21.306    DEBUG org.springframework.web.client.RestTemplate - Writing [{file=[Byte array resource [resource loaded from byte array]]}] as "multipart/form-data"
2026-04-26 08:35:25.260    DEBUG org.springframework.web.client.RestTemplate - Response 200 OK
2026-04-26 08:35:25.261    DEBUG org.springframework.web.client.RestTemplate - Reading to [java.util.Map<?, ?>]
2026-04-26 08:35:25.263    DEBUG org.springframework.web.servlet.mvc.method.annotation.RequestResponseBodyMethodProcessor - Using 'application/json', given [application/json, text/plain, */*] and supported [application/json, application/*+json, application/json, application/*+json]
2026-04-26 08:35:25.263    DEBUG org.springframework.web.servlet.mvc.method.annotation.RequestResponseBodyMethodProcessor - Writing [cn.imhtb.live.common.ApiResponse@2440494c]
2026-04-26 08:35:25.264    DEBUG org.springframework.web.servlet.DispatcherServlet - Completed 200 OK
2026-04-26 08:35:27.294    DEBUG org.springframework.web.servlet.DispatcherServlet - POST "/api/v1/live/guard/check", parameters={multipart}
2026-04-26 08:35:27.297    DEBUG org.springframework.web.servlet.mvc.method.annotation.RequestMappingHandlerMapping - Mapped to cn.imhtb.live.modules.live.controller.AntLiveController#guardCheck(Integer, MultipartFile)
2026-04-26 08:35:27.310    DEBUG org.springframework.web.client.RestTemplate - HTTP POST http://localhost:8000/check
2026-04-26 08:35:27.310    DEBUG org.springframework.web.client.RestTemplate - Accept=[application/json, application/*+json]
2026-04-26 08:35:27.310    DEBUG org.springframework.web.client.RestTemplate - Writing [{file=[Byte array resource [resource loaded from byte array]]}] as "multipart/form-data"
