[INFO] Scanning for projects...
[INFO] 
[INFO] -----------------------< cn.imhtb.live:backend >------------------------
[INFO] Building ant-live 1.0.0.RELEASE
[INFO]   from pom.xml
[INFO] --------------------------------[ jar ]---------------------------------
[INFO] 
[INFO] >>> spring-boot:2.5.8:run (default-cli) > test-compile @ backend >>>
[WARNING] The POM for com.alibaba:druid:jar:1.2.11 is invalid, transitive dependencies (if any) will not be available: 2 problems were encountered while building the effective model for com.alibaba:druid:1.2.11
[ERROR] 'dependencies.dependency.systemPath' for com.sun:tools:jar must specify an absolute path but is ${project.basedir}/lib/openjdk-1.8-tools.jar @ 
[ERROR] 'dependencies.dependency.systemPath' for com.sun:jconsole:jar must specify an absolute path but is ${project.basedir}/lib/openjdk-1.8-jconsole.jar @ 

[INFO] 
[INFO] --- resources:3.2.0:resources (default-resources) @ backend ---
[INFO] Using 'UTF-8' encoding to copy filtered resources.
[INFO] Using 'UTF-8' encoding to copy filtered properties files.
[INFO] Copying 3 resources
[INFO] Copying 8 resources
[INFO] 
[INFO] --- compiler:3.8.1:compile (default-compile) @ backend ---
[INFO] Nothing to compile - all classes are up to date
[INFO] 
[INFO] --- resources:3.2.0:testResources (default-testResources) @ backend ---
[INFO] Using 'UTF-8' encoding to copy filtered resources.
[INFO] Using 'UTF-8' encoding to copy filtered properties files.
[INFO] skip non existing resourceDirectory E:\Antigravity\live-broadcasting\backend\src\test\resources
[INFO] 
[INFO] --- compiler:3.8.1:testCompile (default-testCompile) @ backend ---
[INFO] Nothing to compile - all classes are up to date
[INFO] 
[INFO] <<< spring-boot:2.5.8:run (default-cli) < test-compile @ backend <<<
[INFO] 
[INFO] 
[INFO] --- spring-boot:2.5.8:run (default-cli) @ backend ---
[INFO] Attaching agents: []
08:35:55,858 |-INFO in ch.qos.logback.classic.LoggerContext[default] - Could NOT find resource [logback-test.xml]
08:35:55,859 |-INFO in ch.qos.logback.classic.LoggerContext[default] - Could NOT find resource [logback.groovy]
08:35:55,859 |-INFO in ch.qos.logback.classic.LoggerContext[default] - Found resource [logback.xml] at [file:/E:/Antigravity/live-broadcasting/backend/target/classes/logback.xml]
08:35:56,051 |-INFO in ch.qos.logback.classic.joran.action.ContextNameAction - Setting logger context name as [log-live]
08:35:56,054 |-INFO in ch.qos.logback.core.joran.action.AppenderAction - About to instantiate appender of type [ch.qos.logback.core.rolling.RollingFileAppender]
08:35:56,062 |-INFO in ch.qos.logback.core.joran.action.AppenderAction - Naming appender as [WARN]
08:35:56,109 |-INFO in c.q.l.core.rolling.TimeBasedRollingPolicy@255944888 - No compression will be used
08:35:56,113 |-INFO in c.q.l.core.rolling.TimeBasedRollingPolicy@255944888 - Will use the pattern ../.runlogs/log-live/log-live-warn.%d{yyyy-MM-dd}.log for the active file
08:35:56,122 |-INFO in c.q.l.core.rolling.DefaultTimeBasedFileNamingAndTriggeringPolicy - The date pattern is 'yyyy-MM-dd' from file name pattern '../.runlogs/log-live/log-live-warn.%d{yyyy-MM-dd}.log'.
08:35:56,122 |-INFO in c.q.l.core.rolling.DefaultTimeBasedFileNamingAndTriggeringPolicy - Roll-over at midnight.
08:35:56,145 |-INFO in c.q.l.core.rolling.DefaultTimeBasedFileNamingAndTriggeringPolicy - Setting initial period to Sun Apr 26 08:35:56 CST 2026
08:35:56,169 |-INFO in ch.qos.logback.core.rolling.RollingFileAppender[WARN] - Active log file name: ../.runlogs/log-live/log-live-warn.2026-04-26.log
08:35:56,170 |-INFO in ch.qos.logback.core.rolling.RollingFileAppender[WARN] - File property is set to [null]
08:35:56,172 |-INFO in ch.qos.logback.core.joran.action.AppenderAction - About to instantiate appender of type [ch.qos.logback.core.rolling.RollingFileAppender]
08:35:56,173 |-INFO in ch.qos.logback.core.joran.action.AppenderAction - Naming appender as [ERROR]
08:35:56,174 |-INFO in c.q.l.core.rolling.TimeBasedRollingPolicy@1256440269 - No compression will be used
08:35:56,174 |-INFO in c.q.l.core.rolling.TimeBasedRollingPolicy@1256440269 - Will use the pattern ../.runlogs/log-live/log-live-error.%d{yyyy-MM-dd}.log for the active file
08:35:56,176 |-INFO in c.q.l.core.rolling.DefaultTimeBasedFileNamingAndTriggeringPolicy - The date pattern is 'yyyy-MM-dd' from file name pattern '../.runlogs/log-live/log-live-error.%d{yyyy-MM-dd}.log'.
08:35:56,176 |-INFO in c.q.l.core.rolling.DefaultTimeBasedFileNamingAndTriggeringPolicy - Roll-over at midnight.
08:35:56,177 |-INFO in c.q.l.core.rolling.DefaultTimeBasedFileNamingAndTriggeringPolicy - Setting initial period to Sun Apr 26 08:35:56 CST 2026
08:35:56,180 |-INFO in ch.qos.logback.core.rolling.RollingFileAppender[ERROR] - Active log file name: ../.runlogs/log-live/log-live-error.2026-04-26.log
08:35:56,181 |-INFO in ch.qos.logback.core.rolling.RollingFileAppender[ERROR] - File property is set to [null]
08:35:56,181 |-INFO in ch.qos.logback.core.joran.action.AppenderAction - About to instantiate appender of type [ch.qos.logback.core.rolling.RollingFileAppender]
08:35:56,181 |-INFO in ch.qos.logback.core.joran.action.AppenderAction - Naming appender as [OTHER]
08:35:56,182 |-INFO in c.q.l.core.rolling.TimeBasedRollingPolicy@704024720 - No compression will be used
08:35:56,183 |-INFO in c.q.l.core.rolling.TimeBasedRollingPolicy@704024720 - Will use the pattern ../.runlogs/log-live/log-live-other.%d{yyyy-MM-dd}.log for the active file
08:35:56,184 |-INFO in c.q.l.core.rolling.DefaultTimeBasedFileNamingAndTriggeringPolicy - The date pattern is 'yyyy-MM-dd' from file name pattern '../.runlogs/log-live/log-live-other.%d{yyyy-MM-dd}.log'.
08:35:56,185 |-INFO in c.q.l.core.rolling.DefaultTimeBasedFileNamingAndTriggeringPolicy - Roll-over at midnight.
08:35:56,185 |-INFO in c.q.l.core.rolling.DefaultTimeBasedFileNamingAndTriggeringPolicy - Setting initial period to Sun Apr 26 08:35:56 CST 2026
08:35:56,187 |-INFO in ch.qos.logback.core.rolling.RollingFileAppender[OTHER] - Active log file name: ../.runlogs/log-live/log-live-other.2026-04-26.log
08:35:56,188 |-INFO in ch.qos.logback.core.rolling.RollingFileAppender[OTHER] - File property is set to [null]
08:35:56,188 |-INFO in ch.qos.logback.core.joran.action.AppenderAction - About to instantiate appender of type [ch.qos.logback.core.ConsoleAppender]
08:35:56,191 |-INFO in ch.qos.logback.core.joran.action.AppenderAction - Naming appender as [STDOUT]
08:35:56,192 |-INFO in ch.qos.logback.core.joran.action.NestedComplexPropertyIA - Assuming default type [ch.qos.logback.classic.encoder.PatternLayoutEncoder] for [encoder] property
08:35:56,195 |-INFO in ch.qos.logback.classic.joran.action.LoggerAction - Setting level of logger [org.springframework] to INFO
08:35:56,195 |-INFO in ch.qos.logback.classic.joran.action.LoggerAction - Setting level of logger [cn.imhtb.live] to INFO
08:35:56,195 |-INFO in ch.qos.logback.classic.joran.action.LoggerAction - Setting additivity of logger [cn.imhtb.live] to false
08:35:56,196 |-INFO in ch.qos.logback.core.joran.action.AppenderRefAction - Attaching appender named [STDOUT] to Logger[cn.imhtb.live]
08:35:56,197 |-INFO in ch.qos.logback.core.joran.action.AppenderRefAction - Attaching appender named [WARN] to Logger[cn.imhtb.live]
08:35:56,197 |-INFO in ch.qos.logback.core.joran.action.AppenderRefAction - Attaching appender named [ERROR] to Logger[cn.imhtb.live]
08:35:56,198 |-INFO in ch.qos.logback.core.joran.action.AppenderRefAction - Attaching appender named [OTHER] to Logger[cn.imhtb.live]
08:35:56,198 |-INFO in ch.qos.logback.classic.joran.action.RootLoggerAction - Setting level of ROOT logger to WARN
08:35:56,198 |-INFO in ch.qos.logback.core.joran.action.AppenderRefAction - Attaching appender named [STDOUT] to Logger[ROOT]
08:35:56,200 |-INFO in ch.qos.logback.core.joran.action.AppenderRefAction - Attaching appender named [OTHER] to Logger[ROOT]
08:35:56,200 |-INFO in ch.qos.logback.classic.joran.action.ConfigurationAction - End of configuration.
08:35:56,201 |-INFO in ch.qos.logback.classic.joran.JoranConfigurator@212bf671 - Registering current configuration as safe fallback point
08:35:56,958 |-INFO in ch.qos.logback.classic.joran.action.ContextNameAction - Setting logger context name as [log-live]
08:35:56,959 |-INFO in ch.qos.logback.core.joran.action.AppenderAction - About to instantiate appender of type [ch.qos.logback.core.rolling.RollingFileAppender]
08:35:56,961 |-INFO in ch.qos.logback.core.joran.action.AppenderAction - Naming appender as [WARN]
08:35:56,962 |-INFO in c.q.l.core.rolling.TimeBasedRollingPolicy@487416600 - No compression will be used
08:35:56,963 |-INFO in c.q.l.core.rolling.TimeBasedRollingPolicy@487416600 - Will use the pattern ../.runlogs/log-live/log-live-warn.%d{yyyy-MM-dd}.log for the active file
08:35:56,964 |-INFO in c.q.l.core.rolling.DefaultTimeBasedFileNamingAndTriggeringPolicy - The date pattern is 'yyyy-MM-dd' from file name pattern '../.runlogs/log-live/log-live-warn.%d{yyyy-MM-dd}.log'.
08:35:56,964 |-INFO in c.q.l.core.rolling.DefaultTimeBasedFileNamingAndTriggeringPolicy - Roll-over at midnight.
08:35:56,966 |-INFO in c.q.l.core.rolling.DefaultTimeBasedFileNamingAndTriggeringPolicy - Setting initial period to Sun Apr 26 08:35:56 CST 2026
08:35:56,967 |-INFO in ch.qos.logback.core.rolling.RollingFileAppender[WARN] - Active log file name: ../.runlogs/log-live/log-live-warn.2026-04-26.log
08:35:56,967 |-INFO in ch.qos.logback.core.rolling.RollingFileAppender[WARN] - File property is set to [null]
08:35:56,969 |-INFO in ch.qos.logback.core.joran.action.AppenderAction - About to instantiate appender of type [ch.qos.logback.core.rolling.RollingFileAppender]
08:35:56,969 |-INFO in ch.qos.logback.core.joran.action.AppenderAction - Naming appender as [ERROR]
08:35:56,969 |-INFO in c.q.l.core.rolling.TimeBasedRollingPolicy@1271041075 - No compression will be used
08:35:56,969 |-INFO in c.q.l.core.rolling.TimeBasedRollingPolicy@1271041075 - Will use the pattern ../.runlogs/log-live/log-live-error.%d{yyyy-MM-dd}.log for the active file
08:35:56,973 |-INFO in c.q.l.core.rolling.DefaultTimeBasedFileNamingAndTriggeringPolicy - The date pattern is 'yyyy-MM-dd' from file name pattern '../.runlogs/log-live/log-live-error.%d{yyyy-MM-dd}.log'.
08:35:56,973 |-INFO in c.q.l.core.rolling.DefaultTimeBasedFileNamingAndTriggeringPolicy - Roll-over at midnight.
08:35:56,974 |-INFO in c.q.l.core.rolling.DefaultTimeBasedFileNamingAndTriggeringPolicy - Setting initial period to Sun Apr 26 08:35:56 CST 2026
08:35:56,976 |-INFO in ch.qos.logback.core.rolling.RollingFileAppender[ERROR] - Active log file name: ../.runlogs/log-live/log-live-error.2026-04-26.log
08:35:56,976 |-INFO in ch.qos.logback.core.rolling.RollingFileAppender[ERROR] - File property is set to [null]
08:35:56,977 |-INFO in ch.qos.logback.core.joran.action.AppenderAction - About to instantiate appender of type [ch.qos.logback.core.rolling.RollingFileAppender]
08:35:56,977 |-INFO in ch.qos.logback.core.joran.action.AppenderAction - Naming appender as [OTHER]
08:35:56,978 |-INFO in c.q.l.core.rolling.TimeBasedRollingPolicy@1141500277 - No compression will be used
08:35:56,978 |-INFO in c.q.l.core.rolling.TimeBasedRollingPolicy@1141500277 - Will use the pattern ../.runlogs/log-live/log-live-other.%d{yyyy-MM-dd}.log for the active file
08:35:56,980 |-INFO in c.q.l.core.rolling.DefaultTimeBasedFileNamingAndTriggeringPolicy - The date pattern is 'yyyy-MM-dd' from file name pattern '../.runlogs/log-live/log-live-other.%d{yyyy-MM-dd}.log'.
08:35:56,980 |-INFO in c.q.l.core.rolling.DefaultTimeBasedFileNamingAndTriggeringPolicy - Roll-over at midnight.
08:35:56,981 |-INFO in c.q.l.core.rolling.DefaultTimeBasedFileNamingAndTriggeringPolicy - Setting initial period to Sun Apr 26 08:35:56 CST 2026
08:35:56,982 |-INFO in ch.qos.logback.core.rolling.RollingFileAppender[OTHER] - Active log file name: ../.runlogs/log-live/log-live-other.2026-04-26.log
08:35:56,982 |-INFO in ch.qos.logback.core.rolling.RollingFileAppender[OTHER] - File property is set to [null]
08:35:56,984 |-INFO in ch.qos.logback.core.joran.action.AppenderAction - About to instantiate appender of type [ch.qos.logback.core.ConsoleAppender]
08:35:56,985 |-INFO in ch.qos.logback.core.joran.action.AppenderAction - Naming appender as [STDOUT]
08:35:56,985 |-INFO in ch.qos.logback.core.joran.action.NestedComplexPropertyIA - Assuming default type [ch.qos.logback.classic.encoder.PatternLayoutEncoder] for [encoder] property
08:35:56,986 |-INFO in ch.qos.logback.classic.joran.action.LoggerAction - Setting level of logger [org.springframework] to INFO
08:35:56,987 |-INFO in ch.qos.logback.classic.jul.LevelChangePropagator@5c153b9e - Propagating INFO level on Logger[org.springframework] onto the JUL framework
08:35:56,988 |-INFO in ch.qos.logback.classic.joran.action.LoggerAction - Setting level of logger [cn.imhtb.live] to INFO
08:35:56,988 |-INFO in ch.qos.logback.classic.jul.LevelChangePropagator@5c153b9e - Propagating INFO level on Logger[cn.imhtb.live] onto the JUL framework
08:35:56,989 |-INFO in ch.qos.logback.classic.joran.action.LoggerAction - Setting additivity of logger [cn.imhtb.live] to false
08:35:56,989 |-INFO in ch.qos.logback.core.joran.action.AppenderRefAction - Attaching appender named [STDOUT] to Logger[cn.imhtb.live]
08:35:56,989 |-INFO in ch.qos.logback.core.joran.action.AppenderRefAction - Attaching appender named [WARN] to Logger[cn.imhtb.live]
08:35:56,989 |-INFO in ch.qos.logback.core.joran.action.AppenderRefAction - Attaching appender named [ERROR] to Logger[cn.imhtb.live]
08:35:56,990 |-INFO in ch.qos.logback.core.joran.action.AppenderRefAction - Attaching appender named [OTHER] to Logger[cn.imhtb.live]
08:35:56,990 |-INFO in ch.qos.logback.classic.joran.action.RootLoggerAction - Setting level of ROOT logger to WARN
08:35:56,991 |-INFO in ch.qos.logback.classic.jul.LevelChangePropagator@5c153b9e - Propagating WARN level on Logger[ROOT] onto the JUL framework
08:35:56,991 |-INFO in ch.qos.logback.core.joran.action.AppenderRefAction - Attaching appender named [STDOUT] to Logger[ROOT]
08:35:56,991 |-INFO in ch.qos.logback.core.joran.action.AppenderRefAction - Attaching appender named [OTHER] to Logger[ROOT]
08:35:56,991 |-INFO in ch.qos.logback.classic.joran.action.ConfigurationAction - End of configuration.
08:35:56,992 |-INFO in org.springframework.boot.logging.logback.SpringBootJoranConfigurator@5644dc81 - Registering current configuration as safe fallback point
08:35:56,996 |-INFO in ch.qos.logback.classic.jul.LevelChangePropagator@5c153b9e - Propagating DEBUG level on Logger[org.springframework.jdbc.core] onto the JUL framework
08:35:56,996 |-INFO in ch.qos.logback.classic.jul.LevelChangePropagator@5c153b9e - Propagating DEBUG level on Logger[org.hibernate.SQL] onto the JUL framework
08:35:56,997 |-INFO in ch.qos.logback.classic.jul.LevelChangePropagator@5c153b9e - Propagating DEBUG level on Logger[org.jooq.tools.LoggerListener] onto the JUL framework
08:35:56,997 |-INFO in ch.qos.logback.classic.jul.LevelChangePropagator@5c153b9e - Propagating DEBUG level on Logger[org.springframework.core.codec] onto the JUL framework
08:35:56,997 |-INFO in ch.qos.logback.classic.jul.LevelChangePropagator@5c153b9e - Propagating DEBUG level on Logger[org.springframework.http] onto the JUL framework
08:35:56,998 |-INFO in ch.qos.logback.classic.jul.LevelChangePropagator@5c153b9e - Propagating DEBUG level on Logger[org.springframework.web] onto the JUL framework
08:35:56,998 |-INFO in ch.qos.logback.classic.jul.LevelChangePropagator@5c153b9e - Propagating DEBUG level on Logger[org.springframework.boot.actuate.endpoint.web] onto the JUL framework
08:35:56,999 |-INFO in ch.qos.logback.classic.jul.LevelChangePropagator@5c153b9e - Propagating DEBUG level on Logger[org.springframework.boot.web.servlet.ServletContextInitializerBeans] onto the JUL framework
08:35:56,999 |-INFO in ch.qos.logback.classic.jul.LevelChangePropagator@5c153b9e - Propagating DEBUG level on Logger[org.springframework.boot] onto the JUL framework
    ___            __     __     _
   /   |   ____   / /_   / /    (_)_   __ ___
  / /| |  / __ \ / __/  / /    / /| | / // _ \
 / ___ | / / / // /_   / /___ / / | |/ //  __/
/_/  |_|/_/ /_/ \__/  /_____//_/  |___/ \___/

[32m2026-04-26 08:35:57.118[0;39m [34mINFO [0;39m [33mcn.imhtb.live.AntLiveApplication[0;39m: Starting AntLiveApplication using Java 21.0.8 on DESKTOP-B9L3SV4 with PID 18540 (E:\Antigravity\live-broadcasting\backend\target\classes started by kishi in E:\Antigravity\live-broadcasting\backend)
[32m2026-04-26 08:35:57.123[0;39m [34mINFO [0;39m [33mcn.imhtb.live.AntLiveApplication[0;39m: The following profiles are active: local
[32m2026-04-26 08:35:57.129[0;39m [39mDEBUG[0;39m [33morg.springframework.boot.SpringApplication[0;39m: Loading source class cn.imhtb.live.AntLiveApplication
[32m2026-04-26 08:35:57.237[0;39m [39mDEBUG[0;39m [33morg.springframework.boot.web.servlet.context.AnnotationConfigServletWebServerApplicationContext[0;39m: Refreshing org.springframework.boot.web.servlet.context.AnnotationConfigServletWebServerApplicationContext@5af3a0f
[32m2026-04-26 08:35:59.027[0;39m [34mINFO [0;39m [33morg.springframework.data.repository.config.RepositoryConfigurationDelegate[0;39m: Multiple Spring Data modules found, entering strict repository configuration mode!
[32m2026-04-26 08:35:59.032[0;39m [34mINFO [0;39m [33morg.springframework.data.repository.config.RepositoryConfigurationDelegate[0;39m: Bootstrapping Spring Data Redis repositories in DEFAULT mode.
[32m2026-04-26 08:35:59.058[0;39m [39mDEBUG[0;39m [33morg.springframework.boot.autoconfigure.AutoConfigurationPackages[0;39m: @EnableAutoConfiguration was declared on a class in the package 'cn.imhtb.live'. Automatic @Repository and @Entity scanning is enabled.
[32m2026-04-26 08:35:59.128[0;39m [34mINFO [0;39m [33morg.springframework.data.repository.config.RepositoryConfigurationDelegate[0;39m: Finished Spring Data repository scanning in 78 ms. Found 0 Redis repository interfaces.
[32m2026-04-26 08:36:00.541[0;39m [34mINFO [0;39m [33morg.springframework.context.support.PostProcessorRegistrationDelegate$BeanPostProcessorChecker[0;39m: Bean 'org.springframework.security.access.expression.method.DefaultMethodSecurityExpressionHandler@221ca495' of type [org.springframework.security.access.expression.method.DefaultMethodSecurityExpressionHandler] is not eligible for getting processed by all BeanPostProcessors (for example: not eligible for auto-proxying)
[32m2026-04-26 08:36:00.550[0;39m [34mINFO [0;39m [33morg.springframework.context.support.PostProcessorRegistrationDelegate$BeanPostProcessorChecker[0;39m: Bean 'methodSecurityMetadataSource' of type [org.springframework.security.access.method.DelegatingMethodSecurityMetadataSource] is not eligible for getting processed by all BeanPostProcessors (for example: not eligible for auto-proxying)
[32m2026-04-26 08:36:01.042[0;39m [39mDEBUG[0;39m [33morg.springframework.boot.web.embedded.tomcat.TomcatServletWebServerFactory[0;39m: Code archive: E:\Antigravity\live-broadcasting\.m2repo\org\springframework\boot\spring-boot\2.5.8\spring-boot-2.5.8.jar
[32m2026-04-26 08:36:01.043[0;39m [39mDEBUG[0;39m [33morg.springframework.boot.web.embedded.tomcat.TomcatServletWebServerFactory[0;39m: Code archive: E:\Antigravity\live-broadcasting\.m2repo\org\springframework\boot\spring-boot\2.5.8\spring-boot-2.5.8.jar
[32m2026-04-26 08:36:01.043[0;39m [39mDEBUG[0;39m [33morg.springframework.boot.web.embedded.tomcat.TomcatServletWebServerFactory[0;39m: None of the document roots [src/main/webapp, public, static] point to a directory and will be ignored.
[32m2026-04-26 08:36:01.071[0;39m [34mINFO [0;39m [33morg.springframework.boot.web.embedded.tomcat.TomcatWebServer[0;39m: Tomcat initialized with port(s): 8088 (http)
[32m2026-04-26 08:36:01.216[0;39m [39mDEBUG[0;39m [33morg.springframework.boot.web.servlet.context.ServletWebServerApplicationContext[0;39m: Published root WebApplicationContext as ServletContext attribute with name [org.springframework.web.context.WebApplicationContext.ROOT]
[32m2026-04-26 08:36:01.216[0;39m [34mINFO [0;39m [33morg.springframework.boot.web.servlet.context.ServletWebServerApplicationContext[0;39m: Root WebApplicationContext: initialization completed in 3979 ms
[32m2026-04-26 08:36:01.303[0;39m [39mDEBUG[0;39m [33morg.springframework.boot.web.servlet.ServletContextInitializerBeans[0;39m: Mapping filters: springSecurityFilterChain urls=[/*] order=-100, characterEncodingFilter urls=[/*] order=-2147483648, formContentFilter urls=[/*] order=-9900, requestContextFilter urls=[/*] order=-105, corsFilter urls=[/*] order=2147483647
[32m2026-04-26 08:36:01.303[0;39m [39mDEBUG[0;39m [33morg.springframework.boot.web.servlet.ServletContextInitializerBeans[0;39m: Mapping servlets: dispatcherServlet urls=[/]
[32m2026-04-26 08:36:01.334[0;39m [39mDEBUG[0;39m [33morg.springframework.boot.web.servlet.filter.OrderedRequestContextFilter[0;39m: Filter 'requestContextFilter' configured for use
[32m2026-04-26 08:36:01.335[0;39m [39mDEBUG[0;39m [33morg.springframework.web.filter.CorsFilter[0;39m: Filter 'corsFilter' configured for use
[32m2026-04-26 08:36:01.336[0;39m [39mDEBUG[0;39m [33morg.springframework.boot.web.servlet.filter.OrderedCharacterEncodingFilter[0;39m: Filter 'characterEncodingFilter' configured for use
[32m2026-04-26 08:36:01.336[0;39m [39mDEBUG[0;39m [33morg.springframework.boot.web.servlet.DelegatingFilterProxyRegistrationBean$1[0;39m: Filter 'springSecurityFilterChain' configured for use
[32m2026-04-26 08:36:01.337[0;39m [39mDEBUG[0;39m [33morg.springframework.boot.web.servlet.filter.OrderedFormContentFilter[0;39m: Filter 'formContentFilter' configured for use
[32m2026-04-26 08:36:03.557[0;39m [39mDEBUG[0;39m [33mo.s.boot.context.properties.source.ConfigurationPropertySourcesPropertyResolver$DefaultResolver[0;39m: Found key 'aliyun.sms.accessKeyId' in PropertySource 'Config resource 'class path resource [application.yml]' via location 'optional:classpath:/'' with value of type String
[32m2026-04-26 08:36:03.559[0;39m [39mDEBUG[0;39m [33mo.s.boot.context.properties.source.ConfigurationPropertySourcesPropertyResolver$DefaultResolver[0;39m: Found key 'aliyun.sms.accessKeySecret' in PropertySource 'Config resource 'class path resource [application.yml]' via location 'optional:classpath:/'' with value of type String
[32m2026-04-26 08:36:03.560[0;39m [39mDEBUG[0;39m [33mo.s.boot.context.properties.source.ConfigurationPropertySourcesPropertyResolver$DefaultResolver[0;39m: Found key 'aliyun.sms.signName' in PropertySource 'Config resource 'class path resource [application.yml]' via location 'optional:classpath:/'' with value of type String
[32m2026-04-26 08:36:03.560[0;39m [39mDEBUG[0;39m [33mo.s.boot.context.properties.source.ConfigurationPropertySourcesPropertyResolver$DefaultResolver[0;39m: Found key 'aliyun.sms.templateCode' in PropertySource 'Config resource 'class path resource [application.yml]' via location 'optional:classpath:/'' with value of type String
[32m2026-04-26 08:36:03.562[0;39m [39mDEBUG[0;39m [33mo.s.boot.context.properties.source.ConfigurationPropertySourcesPropertyResolver$DefaultResolver[0;39m: Found key 'aliyun.sms.templateParam' in PropertySource 'Config resource 'class path resource [application.yml]' via location 'optional:classpath:/'' with value of type String
[32m2026-04-26 08:36:03.564[0;39m [39mDEBUG[0;39m [33mo.s.boot.context.properties.source.ConfigurationPropertySourcesPropertyResolver$DefaultResolver[0;39m: Found key 'aliyun.sms.countryCode' in PropertySource 'Config resource 'class path resource [application.yml]' via location 'optional:classpath:/'' with value of type String
[32m2026-04-26 08:36:03.565[0;39m [39mDEBUG[0;39m [33mo.s.boot.context.properties.source.ConfigurationPropertySourcesPropertyResolver$DefaultResolver[0;39m: Found key 'aliyun.sms.schemeName' in PropertySource 'Config resource 'class path resource [application.yml]' via location 'optional:classpath:/'' with value of type String
[32m2026-04-26 08:36:03.566[0;39m [39mDEBUG[0;39m [33mo.s.boot.context.properties.source.ConfigurationPropertySourcesPropertyResolver$DefaultResolver[0;39m: Found key 'aliyun.sms.smsUpExtendCode' in PropertySource 'Config resource 'class path resource [application.yml]' via location 'optional:classpath:/'' with value of type String
[32m2026-04-26 08:36:03.567[0;39m [39mDEBUG[0;39m [33mo.s.boot.context.properties.source.ConfigurationPropertySourcesPropertyResolver$DefaultResolver[0;39m: Found key 'aliyun.sms.codeLength' in PropertySource 'Config resource 'class path resource [application.yml]' via location 'optional:classpath:/'' with value of type Integer
[32m2026-04-26 08:36:03.569[0;39m [39mDEBUG[0;39m [33mo.s.boot.context.properties.source.ConfigurationPropertySourcesPropertyResolver$DefaultResolver[0;39m: Found key 'aliyun.sms.codeType' in PropertySource 'Config resource 'class path resource [application.yml]' via location 'optional:classpath:/'' with value of type Integer
[32m2026-04-26 08:36:03.570[0;39m [39mDEBUG[0;39m [33mo.s.boot.context.properties.source.ConfigurationPropertySourcesPropertyResolver$DefaultResolver[0;39m: Found key 'aliyun.sms.validTimeSeconds' in PropertySource 'Config resource 'class path resource [application.yml]' via location 'optional:classpath:/'' with value of type Integer
[32m2026-04-26 08:36:03.571[0;39m [39mDEBUG[0;39m [33mo.s.boot.context.properties.source.ConfigurationPropertySourcesPropertyResolver$DefaultResolver[0;39m: Found key 'aliyun.sms.duplicatePolicy' in PropertySource 'Config resource 'class path resource [application.yml]' via location 'optional:classpath:/'' with value of type Integer
[32m2026-04-26 08:36:03.572[0;39m [39mDEBUG[0;39m [33mo.s.boot.context.properties.source.ConfigurationPropertySourcesPropertyResolver$DefaultResolver[0;39m: Found key 'aliyun.sms.intervalSeconds' in PropertySource 'Config resource 'class path resource [application.yml]' via location 'optional:classpath:/'' with value of type Integer
[32m2026-04-26 08:36:03.572[0;39m [39mDEBUG[0;39m [33mo.s.boot.context.properties.source.ConfigurationPropertySourcesPropertyResolver$DefaultResolver[0;39m: Found key 'aliyun.sms.returnVerifyCode' in PropertySource 'Config resource 'class path resource [application.yml]' via location 'optional:classpath:/'' with value of type Boolean
[32m2026-04-26 08:36:04.666[0;39m [34mINFO [0;39m [33mcn.imhtb.live.modules.server.netty.WebSocketServer[0;39m: websocket server start success, port : 10022
[32m2026-04-26 08:36:05.193[0;39m [39mDEBUG[0;39m [33morg.springframework.web.servlet.mvc.method.annotation.RequestMappingHandlerMapping[0;39m: 132 mappings in 'requestMappingHandlerMapping'
[32m2026-04-26 08:36:05.447[0;39m [34mINFO [0;39m [33morg.springframework.security.web.DefaultSecurityFilterChain[0;39m: Will secure any request with [org.springframework.security.web.context.request.async.WebAsyncManagerIntegrationFilter@3577e37c, org.springframework.security.web.context.SecurityContextPersistenceFilter@6e95c023, org.springframework.security.web.header.HeaderWriterFilter@30ae3c46, org.springframework.web.filter.CorsFilter@f48a080, org.springframework.security.web.authentication.logout.LogoutFilter@272cec71, cn.imhtb.live.common.filter.JwtAuthenticationFilter@16ac67e3, cn.imhtb.live.common.filter.JwtAuthorizationFilter@eb5471c, org.springframework.security.web.savedrequest.RequestCacheAwareFilter@5d00241b, org.springframework.security.web.servletapi.SecurityContextHolderAwareRequestFilter@470fc16c, org.springframework.security.web.authentication.AnonymousAuthenticationFilter@60f6d689, org.springframework.security.web.session.SessionManagementFilter@5c168f98, org.springframework.security.web.access.ExceptionTranslationFilter@3e866323, org.springframework.security.web.access.intercept.FilterSecurityInterceptor@7510824]
[32m2026-04-26 08:36:05.473[0;39m [39mDEBUG[0;39m [33morg.springframework.web.socket.server.support.WebSocketHandlerMapping[0;39m: Patterns [/ws/browser-live] in 'webSocketHandlerMapping'
[32m2026-04-26 08:36:05.623[0;39m [39mDEBUG[0;39m [33morg.springframework.web.servlet.mvc.method.annotation.RequestMappingHandlerAdapter[0;39m: ControllerAdvice beans: 0 @ModelAttribute, 0 @InitBinder, 1 RequestBodyAdvice, 1 ResponseBodyAdvice
[32m2026-04-26 08:36:05.650[0;39m [34mINFO [0;39m [33morg.springframework.boot.autoconfigure.web.servlet.WelcomePageHandlerMapping[0;39m: Adding welcome page: class path resource [static/index.html]
[32m2026-04-26 08:36:05.685[0;39m [39mDEBUG[0;39m [33morg.springframework.web.servlet.handler.SimpleUrlHandlerMapping[0;39m: Patterns [/webjars/**, /**] in 'resourceHandlerMapping'
[32m2026-04-26 08:36:05.698[0;39m [39mDEBUG[0;39m [33morg.springframework.web.servlet.mvc.method.annotation.ExceptionHandlerExceptionResolver[0;39m: ControllerAdvice beans: 1 @ExceptionHandler, 1 ResponseBodyAdvice
[32m2026-04-26 08:36:05.942[0;39m [34mINFO [0;39m [33morg.springframework.boot.web.embedded.tomcat.TomcatWebServer[0;39m: Tomcat started on port(s): 8088 (http) with context path ''
[32m2026-04-26 08:36:06.371[0;39m [39mDEBUG[0;39m [33morg.springframework.boot.autoconfigure.logging.ConditionEvaluationReportLoggingListener[0;39m: 


============================
CONDITIONS EVALUATION REPORT
============================


Positive matches:
-----------------

   AopAutoConfiguration matched:
      - @ConditionalOnProperty (spring.aop.auto=true) matched (OnPropertyCondition)

   AopAutoConfiguration.AspectJAutoProxyingConfiguration matched:
      - @ConditionalOnClass found required class 'org.aspectj.weaver.Advice' (OnClassCondition)

   AopAutoConfiguration.AspectJAutoProxyingConfiguration.CglibAutoProxyConfiguration matched:
      - @ConditionalOnProperty (spring.aop.proxy-target-class=true) matched (OnPropertyCondition)

   CacheAutoConfiguration matched:
      - @ConditionalOnClass found required class 'org.springframework.cache.CacheManager' (OnClassCondition)
      - @ConditionalOnBean (types: org.springframework.cache.interceptor.CacheAspectSupport; SearchStrategy: all) found bean 'cacheInterceptor'; @ConditionalOnMissingBean (names: cacheResolver types: org.springframework.cache.CacheManager; SearchStrategy: all) did not find any beans (OnBeanCondition)

   CacheAutoConfiguration#cacheManagerCustomizers matched:
      - @ConditionalOnMissingBean (types: org.springframework.boot.autoconfigure.cache.CacheManagerCustomizers; SearchStrategy: all) did not find any beans (OnBeanCondition)

   DataSourceAutoConfiguration matched:
      - @ConditionalOnClass found required classes 'javax.sql.DataSource', 'org.springframework.jdbc.datasource.embedded.EmbeddedDatabaseType' (OnClassCondition)
      - @ConditionalOnMissingBean (types: io.r2dbc.spi.ConnectionFactory; SearchStrategy: all) did not find any beans (OnBeanCondition)

   DataSourceConfiguration.Generic matched:
      - @ConditionalOnProperty (spring.datasource.type) matched (OnPropertyCondition)

   DataSourceInitializationConfiguration matched:
      - @ConditionalOnClass found required class 'org.springframework.jdbc.datasource.init.DatabasePopulator' (OnClassCondition)
      - @ConditionalOnSingleCandidate (types: javax.sql.DataSource; SearchStrategy: all) found a primary bean from beans 'dataSource'; @ConditionalOnMissingBean (types: org.springframework.boot.sql.init.AbstractScriptDatabaseInitializer; SearchStrategy: all) did not find any beans (OnBeanCondition)

   DataSourceJmxConfiguration matched:
      - @ConditionalOnProperty (spring.jmx.enabled=true) matched (OnPropertyCondition)

   DataSourceJmxConfiguration.Hikari matched:
      - @ConditionalOnClass found required class 'com.zaxxer.hikari.HikariDataSource' (OnClassCondition)

   DataSourcePoolMetadataProvidersConfiguration.HikariPoolDataSourceMetadataProviderConfiguration matched:
      - @ConditionalOnClass found required class 'com.zaxxer.hikari.HikariDataSource' (OnClassCondition)

   DataSourceTransactionManagerAutoConfiguration matched:
      - @ConditionalOnClass found required classes 'org.springframework.jdbc.core.JdbcTemplate', 'org.springframework.transaction.TransactionManager' (OnClassCondition)

   DataSourceTransactionManagerAutoConfiguration.JdbcTransactionManagerConfiguration matched:
      - @ConditionalOnSingleCandidate (types: javax.sql.DataSource; SearchStrategy: all) found a primary bean from beans 'dataSource' (OnBeanCondition)

   DataSourceTransactionManagerAutoConfiguration.JdbcTransactionManagerConfiguration#transactionManager matched:
      - @ConditionalOnMissingBean (types: org.springframework.transaction.TransactionManager; SearchStrategy: all) did not find any beans (OnBeanCondition)

   DdlAutoConfiguration matched:
      - @ConditionalOnClass found required class 'com.baomidou.mybatisplus.extension.ddl.IDdl' (OnClassCondition)

   DispatcherServletAutoConfiguration matched:
      - @ConditionalOnClass found required class 'org.springframework.web.servlet.DispatcherServlet' (OnClassCondition)
      - found 'session' scope (OnWebApplicationCondition)

   DispatcherServletAutoConfiguration.DispatcherServletConfiguration matched:
      - @ConditionalOnClass found required class 'javax.servlet.ServletRegistration' (OnClassCondition)
      - Default DispatcherServlet did not find dispatcher servlet beans (DispatcherServletAutoConfiguration.DefaultDispatcherServletCondition)

   DispatcherServletAutoConfiguration.DispatcherServletRegistrationConfiguration matched:
      - @ConditionalOnClass found required class 'javax.servlet.ServletRegistration' (OnClassCondition)
      - DispatcherServlet Registration did not find servlet registration bean (DispatcherServletAutoConfiguration.DispatcherServletRegistrationCondition)

   DispatcherServletAutoConfiguration.DispatcherServletRegistrationConfiguration#dispatcherServletRegistration matched:
      - @ConditionalOnBean (names: dispatcherServlet types: org.springframework.web.servlet.DispatcherServlet; SearchStrategy: all) found bean 'dispatcherServlet' (OnBeanCondition)

   DocConfig matched:
      - @ConditionalOnWebApplication (required) found 'session' scope (OnWebApplicationCondition)

   DruidDataSourceAutoConfigure matched:
      - @ConditionalOnClass found required class 'com.alibaba.druid.pool.DruidDataSource' (OnClassCondition)

   DruidDataSourceAutoConfigure#dataSource matched:
      - @ConditionalOnMissingBean (types: javax.sql.DataSource; SearchStrategy: all) did not find any beans (OnBeanCondition)

   EmbeddedWebServerFactoryCustomizerAutoConfiguration matched:
      - @ConditionalOnWebApplication (required) found 'session' scope (OnWebApplicationCondition)

   EmbeddedWebServerFactoryCustomizerAutoConfiguration.TomcatWebServerFactoryCustomizerConfiguration matched:
      - @ConditionalOnClass found required classes 'org.apache.catalina.startup.Tomcat', 'org.apache.coyote.UpgradeProtocol' (OnClassCondition)

   ErrorMvcAutoConfiguration matched:
      - @ConditionalOnClass found required classes 'javax.servlet.Servlet', 'org.springframework.web.servlet.DispatcherServlet' (OnClassCondition)
      - found 'session' scope (OnWebApplicationCondition)

   ErrorMvcAutoConfiguration#basicErrorController matched:
      - @ConditionalOnMissingBean (types: org.springframework.boot.web.servlet.error.ErrorController; SearchStrategy: current) did not find any beans (OnBeanCondition)

   ErrorMvcAutoConfiguration#errorAttributes matched:
      - @ConditionalOnMissingBean (types: org.springframework.boot.web.servlet.error.ErrorAttributes; SearchStrategy: current) did not find any beans (OnBeanCondition)

   ErrorMvcAutoConfiguration.DefaultErrorViewResolverConfiguration#conventionErrorViewResolver matched:
      - @ConditionalOnBean (types: org.springframework.web.servlet.DispatcherServlet; SearchStrategy: all) found bean 'dispatcherServlet'; @ConditionalOnMissingBean (types: org.springframework.boot.autoconfigure.web.servlet.error.ErrorViewResolver; SearchStrategy: all) did not find any beans (OnBeanCondition)

   ErrorMvcAutoConfiguration.WhitelabelErrorViewConfiguration matched:
      - @ConditionalOnProperty (server.error.whitelabel.enabled) matched (OnPropertyCondition)
      - ErrorTemplate Missing did not find error template view (ErrorMvcAutoConfiguration.ErrorTemplateMissingCondition)

   ErrorMvcAutoConfiguration.WhitelabelErrorViewConfiguration#beanNameViewResolver matched:
      - @ConditionalOnMissingBean (types: org.springframework.web.servlet.view.BeanNameViewResolver; SearchStrategy: all) did not find any beans (OnBeanCondition)

   ErrorMvcAutoConfiguration.WhitelabelErrorViewConfiguration#defaultErrorView matched:
      - @ConditionalOnMissingBean (names: error; SearchStrategy: all) did not find any beans (OnBeanCondition)

   FileStorageAutoConfiguration matched:
      - @ConditionalOnMissingBean (types: org.dromara.x.file.storage.core.FileStorageService; SearchStrategy: all) did not find any beans (OnBeanCondition)

   FileStorageAutoConfiguration#contentTypeDetect matched:
      - @ConditionalOnMissingBean (types: org.dromara.x.file.storage.core.tika.ContentTypeDetect; SearchStrategy: all) did not find any beans (OnBeanCondition)

   FileStorageAutoConfiguration#tikaFactory matched:
      - @ConditionalOnMissingBean (types: org.dromara.x.file.storage.core.tika.TikaFactory; SearchStrategy: all) did not find any beans (OnBeanCondition)

   FileStorageAutoConfiguration.FileStorageLocalFileAccessAutoConfiguration matched:
      - @ConditionalOnClass found required class 'org.springframework.web.servlet.config.annotation.WebMvcConfigurer' (OnClassCondition)

   GsonAutoConfiguration matched:
      - @ConditionalOnClass found required class 'com.google.gson.Gson' (OnClassCondition)

   GsonAutoConfiguration#gson matched:
      - @ConditionalOnMissingBean (types: com.google.gson.Gson; SearchStrategy: all) did not find any beans (OnBeanCondition)

   GsonAutoConfiguration#gsonBuilder matched:
      - @ConditionalOnMissingBean (types: com.google.gson.GsonBuilder; SearchStrategy: all) did not find any beans (OnBeanCondition)

   GsonHttpMessageConvertersConfiguration matched:
      - @ConditionalOnClass found required class 'com.google.gson.Gson' (OnClassCondition)

   HttpEncodingAutoConfiguration matched:
      - @ConditionalOnClass found required class 'org.springframework.web.filter.CharacterEncodingFilter' (OnClassCondition)
      - found 'session' scope (OnWebApplicationCondition)
      - @ConditionalOnProperty (server.servlet.encoding.enabled) matched (OnPropertyCondition)

   HttpEncodingAutoConfiguration#characterEncodingFilter matched:
      - @ConditionalOnMissingBean (types: org.springframework.web.filter.CharacterEncodingFilter; SearchStrategy: all) did not find any beans (OnBeanCondition)

   HttpMessageConvertersAutoConfiguration matched:
      - @ConditionalOnClass found required class 'org.springframework.http.converter.HttpMessageConverter' (OnClassCondition)
      - NoneNestedConditions 0 matched 1 did not; NestedCondition on HttpMessageConvertersAutoConfiguration.NotReactiveWebApplicationCondition.ReactiveWebApplication did not find reactive web application classes (HttpMessageConvertersAutoConfiguration.NotReactiveWebApplicationCondition)

   HttpMessageConvertersAutoConfiguration#messageConverters matched:
      - @ConditionalOnMissingBean (types: org.springframework.boot.autoconfigure.http.HttpMessageConverters; SearchStrategy: all) did not find any beans (OnBeanCondition)

   HttpMessageConvertersAutoConfiguration.StringHttpMessageConverterConfiguration matched:
      - @ConditionalOnClass found required class 'org.springframework.http.converter.StringHttpMessageConverter' (OnClassCondition)

   HttpMessageConvertersAutoConfiguration.StringHttpMessageConverterConfiguration#stringHttpMessageConverter matched:
      - @ConditionalOnMissingBean (types: org.springframework.http.converter.StringHttpMessageConverter; SearchStrategy: all) did not find any beans (OnBeanCondition)

   InterceptorConfig#collectInterceptor matched:
      - @ConditionalOnBean (types: cn.imhtb.live.common.interceptor.TokenInterceptor; SearchStrategy: all) found bean 'tokenInterceptor' (OnBeanCondition)

   JCacheCacheConfiguration matched:
      - @ConditionalOnClass found required classes 'javax.cache.Caching', 'org.springframework.cache.jcache.JCacheCacheManager' (OnClassCondition)
      - Cache org.springframework.boot.autoconfigure.cache.JCacheCacheConfiguration automatic cache type (CacheCondition)
      - AnyNestedCondition 1 matched 1 did not; NestedCondition on JCacheCacheConfiguration.JCacheAvailableCondition.CustomJCacheCacheManager @ConditionalOnSingleCandidate (types: javax.cache.CacheManager; SearchStrategy: all) did not find any beans; NestedCondition on JCacheCacheConfiguration.JCacheAvailableCondition.JCacheProvider JCache found single JSR-107 provider (JCacheCacheConfiguration.JCacheAvailableCondition)
      - @ConditionalOnMissingBean (types: org.springframework.cache.CacheManager; SearchStrategy: all) did not find any beans (OnBeanCondition)

   JCacheCacheConfiguration#jCacheCacheManager matched:
      - @ConditionalOnMissingBean (types: javax.cache.CacheManager; SearchStrategy: all) did not find any beans (OnBeanCondition)

   JacksonAutoConfiguration matched:
      - @ConditionalOnClass found required class 'com.fasterxml.jackson.databind.ObjectMapper' (OnClassCondition)

   JacksonAutoConfiguration.Jackson2ObjectMapperBuilderCustomizerConfiguration matched:
      - @ConditionalOnClass found required class 'org.springframework.http.converter.json.Jackson2ObjectMapperBuilder' (OnClassCondition)

   JacksonAutoConfiguration.JacksonObjectMapperBuilderConfiguration matched:
      - @ConditionalOnClass found required class 'org.springframework.http.converter.json.Jackson2ObjectMapperBuilder' (OnClassCondition)

   JacksonAutoConfiguration.JacksonObjectMapperBuilderConfiguration#jacksonObjectMapperBuilder matched:
      - @ConditionalOnMissingBean (types: org.springframework.http.converter.json.Jackson2ObjectMapperBuilder; SearchStrategy: all) did not find any beans (OnBeanCondition)

   JacksonAutoConfiguration.JacksonObjectMapperConfiguration matched:
      - @ConditionalOnClass found required class 'org.springframework.http.converter.json.Jackson2ObjectMapperBuilder' (OnClassCondition)

   JacksonAutoConfiguration.JacksonObjectMapperConfiguration#jacksonObjectMapper matched:
      - @ConditionalOnMissingBean (types: com.fasterxml.jackson.databind.ObjectMapper; SearchStrategy: all) did not find any beans (OnBeanCondition)

   JacksonAutoConfiguration.ParameterNamesModuleConfiguration matched:
      - @ConditionalOnClass found required class 'com.fasterxml.jackson.module.paramnames.ParameterNamesModule' (OnClassCondition)

   JacksonAutoConfiguration.ParameterNamesModuleConfiguration#parameterNamesModule matched:
      - @ConditionalOnMissingBean (types: com.fasterxml.jackson.module.paramnames.ParameterNamesModule; SearchStrategy: all) did not find any beans (OnBeanCondition)

   JacksonHttpMessageConvertersConfiguration.MappingJackson2HttpMessageConverterConfiguration matched:
      - @ConditionalOnClass found required class 'com.fasterxml.jackson.databind.ObjectMapper' (OnClassCondition)
      - @ConditionalOnProperty (spring.mvc.converters.preferred-json-mapper=jackson) matched (OnPropertyCondition)
      - @ConditionalOnBean (types: com.fasterxml.jackson.databind.ObjectMapper; SearchStrategy: all) found bean 'jacksonObjectMapper' (OnBeanCondition)

   JacksonHttpMessageConvertersConfiguration.MappingJackson2HttpMessageConverterConfiguration#mappingJackson2HttpMessageConverter matched:
      - @ConditionalOnMissingBean (types: org.springframework.http.converter.json.MappingJackson2HttpMessageConverter ignored: org.springframework.hateoas.server.mvc.TypeConstrainedMappingJackson2HttpMessageConverter,org.springframework.data.rest.webmvc.alps.AlpsJsonHttpMessageConverter; SearchStrategy: all) did not find any beans (OnBeanCondition)

   JdbcTemplateAutoConfiguration matched:
      - @ConditionalOnClass found required classes 'javax.sql.DataSource', 'org.springframework.jdbc.core.JdbcTemplate' (OnClassCondition)
      - @ConditionalOnSingleCandidate (types: javax.sql.DataSource; SearchStrategy: all) found a primary bean from beans 'dataSource' (OnBeanCondition)

   JdbcTemplateConfiguration matched:
      - @ConditionalOnMissingBean (types: org.springframework.jdbc.core.JdbcOperations; SearchStrategy: all) did not find any beans (OnBeanCondition)

   LettuceConnectionConfiguration matched:
      - @ConditionalOnClass found required class 'io.lettuce.core.RedisClient' (OnClassCondition)
      - @ConditionalOnProperty (spring.redis.client-type=lettuce) matched (OnPropertyCondition)

   LettuceConnectionConfiguration#lettuceClientResources matched:
      - @ConditionalOnMissingBean (types: io.lettuce.core.resource.ClientResources; SearchStrategy: all) did not find any beans (OnBeanCondition)

   LettuceConnectionConfiguration#redisConnectionFactory matched:
      - @ConditionalOnMissingBean (types: org.springframework.data.redis.connection.RedisConnectionFactory; SearchStrategy: all) did not find any beans (OnBeanCondition)

   LifecycleAutoConfiguration#defaultLifecycleProcessor matched:
      - @ConditionalOnMissingBean (names: lifecycleProcessor; SearchStrategy: current) did not find any beans (OnBeanCondition)

   MailSenderAutoConfiguration matched:
      - @ConditionalOnClass found required classes 'javax.mail.internet.MimeMessage', 'javax.activation.MimeType', 'org.springframework.mail.MailSender' (OnClassCondition)
      - AnyNestedCondition 1 matched 1 did not; NestedCondition on MailSenderAutoConfiguration.MailSenderCondition.JndiNameProperty @ConditionalOnProperty (spring.mail.jndi-name) did not find property 'jndi-name'; NestedCondition on MailSenderAutoConfiguration.MailSenderCondition.HostProperty @ConditionalOnProperty (spring.mail.host) matched (MailSenderAutoConfiguration.MailSenderCondition)
      - @ConditionalOnMissingBean (types: org.springframework.mail.MailSender; SearchStrategy: all) did not find any beans (OnBeanCondition)

   MailSenderPropertiesConfiguration matched:
      - @ConditionalOnProperty (spring.mail.host) matched (OnPropertyCondition)

   MailSenderPropertiesConfiguration#mailSender matched:
      - @ConditionalOnMissingBean (types: org.springframework.mail.javamail.JavaMailSender; SearchStrategy: all) did not find any beans (OnBeanCondition)

   MultipartAutoConfiguration matched:
      - @ConditionalOnClass found required classes 'javax.servlet.Servlet', 'org.springframework.web.multipart.support.StandardServletMultipartResolver', 'javax.servlet.MultipartConfigElement' (OnClassCondition)
      - found 'session' scope (OnWebApplicationCondition)
      - @ConditionalOnProperty (spring.servlet.multipart.enabled) matched (OnPropertyCondition)

   MultipartAutoConfiguration#multipartConfigElement matched:
      - @ConditionalOnMissingBean (types: javax.servlet.MultipartConfigElement,org.springframework.web.multipart.commons.CommonsMultipartResolver; SearchStrategy: all) did not find any beans (OnBeanCondition)

   MultipartAutoConfiguration#multipartResolver matched:
      - @ConditionalOnMissingBean (types: org.springframework.web.multipart.MultipartResolver; SearchStrategy: all) did not find any beans (OnBeanCondition)

   MybatisPlusAutoConfiguration matched:
      - @ConditionalOnClass found required classes 'org.apache.ibatis.session.SqlSessionFactory', 'org.mybatis.spring.SqlSessionFactoryBean' (OnClassCondition)
      - @ConditionalOnSingleCandidate (types: javax.sql.DataSource; SearchStrategy: all) found a primary bean from beans 'dataSource' (OnBeanCondition)

   MybatisPlusAutoConfiguration#sqlSessionFactory matched:
      - @ConditionalOnMissingBean (types: org.apache.ibatis.session.SqlSessionFactory; SearchStrategy: all) did not find any beans (OnBeanCondition)

   MybatisPlusAutoConfiguration#sqlSessionTemplate matched:
      - @ConditionalOnMissingBean (types: org.mybatis.spring.SqlSessionTemplate; SearchStrategy: all) did not find any beans (OnBeanCondition)

   MybatisPlusLanguageDriverAutoConfiguration matched:
      - @ConditionalOnClass found required class 'org.apache.ibatis.scripting.LanguageDriver' (OnClassCondition)

   NamedParameterJdbcTemplateConfiguration matched:
      - @ConditionalOnSingleCandidate (types: org.springframework.jdbc.core.JdbcTemplate; SearchStrategy: all) found a primary bean from beans 'jdbcTemplate'; @ConditionalOnMissingBean (types: org.springframework.jdbc.core.namedparam.NamedParameterJdbcOperations; SearchStrategy: all) did not find any beans (OnBeanCondition)

   NettyAutoConfiguration matched:
      - @ConditionalOnClass found required class 'io.netty.util.NettyRuntime' (OnClassCondition)

   PersistenceExceptionTranslationAutoConfiguration matched:
      - @ConditionalOnClass found required class 'org.springframework.dao.annotation.PersistenceExceptionTranslationPostProcessor' (OnClassCondition)

   PersistenceExceptionTranslationAutoConfiguration#persistenceExceptionTranslationPostProcessor matched:
      - @ConditionalOnProperty (spring.dao.exceptiontranslation.enabled) matched (OnPropertyCondition)
      - @ConditionalOnMissingBean (types: org.springframework.dao.annotation.PersistenceExceptionTranslationPostProcessor; SearchStrategy: all) did not find any beans (OnBeanCondition)

   PropertyPlaceholderAutoConfiguration#propertySourcesPlaceholderConfigurer matched:
      - @ConditionalOnMissingBean (types: org.springframework.context.support.PropertySourcesPlaceholderConfigurer; SearchStrategy: current) did not find any beans (OnBeanCondition)

   RedisAutoConfiguration matched:
      - @ConditionalOnClass found required class 'org.springframework.data.redis.core.RedisOperations' (OnClassCondition)

   RedisAutoConfiguration#redisTemplate matched:
      - @ConditionalOnSingleCandidate (types: org.springframework.data.redis.connection.RedisConnectionFactory; SearchStrategy: all) found a primary bean from beans 'redisConnectionFactory'; @ConditionalOnMissingBean (names: redisTemplate; SearchStrategy: all) did not find any beans (OnBeanCondition)

   RedisAutoConfiguration#stringRedisTemplate matched:
      - @ConditionalOnSingleCandidate (types: org.springframework.data.redis.connection.RedisConnectionFactory; SearchStrategy: all) found a primary bean from beans 'redisConnectionFactory'; @ConditionalOnMissingBean (types: org.springframework.data.redis.core.StringRedisTemplate; SearchStrategy: all) did not find any beans (OnBeanCondition)

   RedisReactiveAutoConfiguration matched:
      - @ConditionalOnClass found required classes 'org.springframework.data.redis.connection.ReactiveRedisConnectionFactory', 'org.springframework.data.redis.core.ReactiveRedisTemplate', 'reactor.core.publisher.Flux' (OnClassCondition)

   RedisReactiveAutoConfiguration#reactiveRedisTemplate matched:
      - @ConditionalOnBean (types: org.springframework.data.redis.connection.ReactiveRedisConnectionFactory; SearchStrategy: all) found bean 'redisConnectionFactory'; @ConditionalOnMissingBean (names: reactiveRedisTemplate; SearchStrategy: all) did not find any beans (OnBeanCondition)

   RedisReactiveAutoConfiguration#reactiveStringRedisTemplate matched:
      - @ConditionalOnBean (types: org.springframework.data.redis.connection.ReactiveRedisConnectionFactory; SearchStrategy: all) found bean 'redisConnectionFactory'; @ConditionalOnMissingBean (names: reactiveStringRedisTemplate; SearchStrategy: all) did not find any beans (OnBeanCondition)

   RedisRepositoriesAutoConfiguration matched:
      - @ConditionalOnClass found required class 'org.springframework.data.redis.repository.configuration.EnableRedisRepositories' (OnClassCondition)
      - @ConditionalOnProperty (spring.data.redis.repositories.enabled=true) matched (OnPropertyCondition)
      - @ConditionalOnBean (types: org.springframework.data.redis.connection.RedisConnectionFactory; SearchStrategy: all) found bean 'redisConnectionFactory'; @ConditionalOnMissingBean (types: org.springframework.data.redis.repository.support.RedisRepositoryFactoryBean; SearchStrategy: all) did not find any beans (OnBeanCondition)

   RestTemplateAutoConfiguration matched:
      - @ConditionalOnClass found required class 'org.springframework.web.client.RestTemplate' (OnClassCondition)
      - NoneNestedConditions 0 matched 1 did not; NestedCondition on RestTemplateAutoConfiguration.NotReactiveWebApplicationCondition.ReactiveWebApplication did not find reactive web application classes (RestTemplateAutoConfiguration.NotReactiveWebApplicationCondition)

   RestTemplateAutoConfiguration#restTemplateBuilder matched:
      - @ConditionalOnMissingBean (types: org.springframework.boot.web.client.RestTemplateBuilder; SearchStrategy: all) did not find any beans (OnBeanCondition)

   RestTemplateAutoConfiguration#restTemplateBuilderConfigurer matched:
      - @ConditionalOnMissingBean (types: org.springframework.boot.autoconfigure.web.client.RestTemplateBuilderConfigurer; SearchStrategy: all) did not find any beans (OnBeanCondition)

   SecurityAutoConfiguration matched:
      - @ConditionalOnClass found required class 'org.springframework.security.authentication.DefaultAuthenticationEventPublisher' (OnClassCondition)

   SecurityAutoConfiguration#authenticationEventPublisher matched:
      - @ConditionalOnMissingBean (types: org.springframework.security.authentication.AuthenticationEventPublisher; SearchStrategy: all) did not find any beans (OnBeanCondition)

   SecurityFilterAutoConfiguration matched:
      - @ConditionalOnClass found required classes 'org.springframework.security.web.context.AbstractSecurityWebApplicationInitializer', 'org.springframework.security.config.http.SessionCreationPolicy' (OnClassCondition)
      - found 'session' scope (OnWebApplicationCondition)

   SecurityFilterAutoConfiguration#securityFilterChainRegistration matched:
      - @ConditionalOnBean (names: springSecurityFilterChain; SearchStrategy: all) found bean 'springSecurityFilterChain' (OnBeanCondition)

   ServletWebServerFactoryAutoConfiguration matched:
      - @ConditionalOnClass found required class 'javax.servlet.ServletRequest' (OnClassCondition)
      - found 'session' scope (OnWebApplicationCondition)

   ServletWebServerFactoryAutoConfiguration#tomcatServletWebServerFactoryCustomizer matched:
      - @ConditionalOnClass found required class 'org.apache.catalina.startup.Tomcat' (OnClassCondition)

   ServletWebServerFactoryConfiguration.EmbeddedTomcat matched:
      - @ConditionalOnClass found required classes 'javax.servlet.Servlet', 'org.apache.catalina.startup.Tomcat', 'org.apache.coyote.UpgradeProtocol' (OnClassCondition)
      - @ConditionalOnMissingBean (types: org.springframework.boot.web.servlet.server.ServletWebServerFactory; SearchStrategy: current) did not find any beans (OnBeanCondition)

   SpringDataWebAutoConfiguration matched:
      - @ConditionalOnClass found required classes 'org.springframework.data.web.PageableHandlerMethodArgumentResolver', 'org.springframework.web.servlet.config.annotation.WebMvcConfigurer' (OnClassCondition)
      - found 'session' scope (OnWebApplicationCondition)
      - @ConditionalOnMissingBean (types: org.springframework.data.web.PageableHandlerMethodArgumentResolver; SearchStrategy: all) did not find any beans (OnBeanCondition)

   SpringDataWebAutoConfiguration#pageableCustomizer matched:
      - @ConditionalOnMissingBean (types: org.springframework.data.web.config.PageableHandlerMethodArgumentResolverCustomizer; SearchStrategy: all) did not find any beans (OnBeanCondition)

   SpringDataWebAutoConfiguration#sortCustomizer matched:
      - @ConditionalOnMissingBean (types: org.springframework.data.web.config.SortHandlerMethodArgumentResolverCustomizer; SearchStrategy: all) did not find any beans (OnBeanCondition)

   SpringFileStorageProperties matched:
      - @ConditionalOnMissingBean (types: org.dromara.x.file.storage.spring.SpringFileStorageProperties; SearchStrategy: all) did not find any beans (OnBeanCondition)

   SqlInitializationAutoConfiguration matched:
      - @ConditionalOnProperty (spring.sql.init.enabled) matched (OnPropertyCondition)
      - NoneNestedConditions 0 matched 1 did not; NestedCondition on SqlInitializationAutoConfiguration.SqlInitializationModeCondition.ModeIsNever @ConditionalOnProperty (spring.sql.init.mode=never) did not find property 'mode' (SqlInitializationAutoConfiguration.SqlInitializationModeCondition)
      - @ConditionalOnMissingBean (types: org.springframework.boot.sql.init.AbstractScriptDatabaseInitializer; SearchStrategy: all) did not find any beans (OnBeanCondition)

   Swagger2DocumentationWebMvcConfiguration matched:
      - @ConditionalOnClass found required class 'springfox.documentation.spring.web.SpringfoxWebMvcConfiguration' (OnClassCondition)

   TaskExecutionAutoConfiguration matched:
      - @ConditionalOnClass found required class 'org.springframework.scheduling.concurrent.ThreadPoolTaskExecutor' (OnClassCondition)

   TaskExecutionAutoConfiguration#applicationTaskExecutor matched:
      - @ConditionalOnMissingBean (types: java.util.concurrent.Executor; SearchStrategy: all) did not find any beans (OnBeanCondition)

   TaskExecutionAutoConfiguration#taskExecutorBuilder matched:
      - @ConditionalOnMissingBean (types: org.springframework.boot.task.TaskExecutorBuilder; SearchStrategy: all) did not find any beans (OnBeanCondition)

   TaskSchedulingAutoConfiguration matched:
      - @ConditionalOnClass found required class 'org.springframework.scheduling.concurrent.ThreadPoolTaskScheduler' (OnClassCondition)

   TaskSchedulingAutoConfiguration#taskSchedulerBuilder matched:
      - @ConditionalOnMissingBean (types: org.springframework.boot.task.TaskSchedulerBuilder; SearchStrategy: all) did not find any beans (OnBeanCondition)

   TransactionAutoConfiguration matched:
      - @ConditionalOnClass found required class 'org.springframework.transaction.PlatformTransactionManager' (OnClassCondition)

   TransactionAutoConfiguration#platformTransactionManagerCustomizers matched:
      - @ConditionalOnMissingBean (types: org.springframework.boot.autoconfigure.transaction.TransactionManagerCustomizers; SearchStrategy: all) did not find any beans (OnBeanCondition)

   TransactionAutoConfiguration.EnableTransactionManagementConfiguration matched:
      - @ConditionalOnBean (types: org.springframework.transaction.TransactionManager; SearchStrategy: all) found bean 'transactionManager'; @ConditionalOnMissingBean (types: org.springframework.transaction.annotation.AbstractTransactionManagementConfiguration; SearchStrategy: all) did not find any beans (OnBeanCondition)

   TransactionAutoConfiguration.EnableTransactionManagementConfiguration.CglibAutoProxyConfiguration matched:
      - @ConditionalOnProperty (spring.aop.proxy-target-class=true) matched (OnPropertyCondition)

   TransactionAutoConfiguration.TransactionTemplateConfiguration matched:
      - @ConditionalOnSingleCandidate (types: org.springframework.transaction.PlatformTransactionManager; SearchStrategy: all) found a primary bean from beans 'transactionManager' (OnBeanCondition)

   TransactionAutoConfiguration.TransactionTemplateConfiguration#transactionTemplate matched:
      - @ConditionalOnMissingBean (types: org.springframework.transaction.support.TransactionOperations; SearchStrategy: all) did not find any beans (OnBeanCondition)

   ValidationAutoConfiguration matched:
      - @ConditionalOnClass found required class 'javax.validation.executable.ExecutableValidator' (OnClassCondition)
      - @ConditionalOnResource found location classpath:META-INF/services/javax.validation.spi.ValidationProvider (OnResourceCondition)

   ValidationAutoConfiguration#defaultValidator matched:
      - @ConditionalOnMissingBean (types: javax.validation.Validator; SearchStrategy: all) did not find any beans (OnBeanCondition)

   ValidationAutoConfiguration#methodValidationPostProcessor matched:
      - @ConditionalOnMissingBean (types: org.springframework.validation.beanvalidation.MethodValidationPostProcessor; SearchStrategy: current) did not find any beans (OnBeanCondition)

   WebMvcAutoConfiguration matched:
      - @ConditionalOnClass found required classes 'javax.servlet.Servlet', 'org.springframework.web.servlet.DispatcherServlet', 'org.springframework.web.servlet.config.annotation.WebMvcConfigurer' (OnClassCondition)
      - found 'session' scope (OnWebApplicationCondition)
      - @ConditionalOnMissingBean (types: org.springframework.web.servlet.config.annotation.WebMvcConfigurationSupport; SearchStrategy: all) did not find any beans (OnBeanCondition)

   WebMvcAutoConfiguration#formContentFilter matched:
      - @ConditionalOnProperty (spring.mvc.formcontent.filter.enabled) matched (OnPropertyCondition)
      - @ConditionalOnMissingBean (types: org.springframework.web.filter.FormContentFilter; SearchStrategy: all) did not find any beans (OnBeanCondition)

   WebMvcAutoConfiguration.EnableWebMvcConfiguration#flashMapManager matched:
      - @ConditionalOnMissingBean (names: flashMapManager; SearchStrategy: all) did not find any beans (OnBeanCondition)

   WebMvcAutoConfiguration.EnableWebMvcConfiguration#localeResolver matched:
      - @ConditionalOnMissingBean (names: localeResolver; SearchStrategy: all) did not find any beans (OnBeanCondition)

   WebMvcAutoConfiguration.EnableWebMvcConfiguration#themeResolver matched:
      - @ConditionalOnMissingBean (names: themeResolver; SearchStrategy: all) did not find any beans (OnBeanCondition)

   WebMvcAutoConfiguration.WebMvcAutoConfigurationAdapter#defaultViewResolver matched:
      - @ConditionalOnMissingBean (types: org.springframework.web.servlet.view.InternalResourceViewResolver; SearchStrategy: all) did not find any beans (OnBeanCondition)

   WebMvcAutoConfiguration.WebMvcAutoConfigurationAdapter#requestContextFilter matched:
      - @ConditionalOnMissingBean (types: org.springframework.web.context.request.RequestContextListener,org.springframework.web.filter.RequestContextFilter; SearchStrategy: all) did not find any beans (OnBeanCondition)

   WebMvcAutoConfiguration.WebMvcAutoConfigurationAdapter#viewResolver matched:
      - @ConditionalOnBean (types: org.springframework.web.servlet.ViewResolver; SearchStrategy: all) found beans 'defaultViewResolver', 'beanNameViewResolver', 'mvcViewResolver'; @ConditionalOnMissingBean (names: viewResolver types: org.springframework.web.servlet.view.ContentNegotiatingViewResolver; SearchStrategy: all) did not find any beans (OnBeanCondition)

   WebSocketMessagingAutoConfiguration matched:
      - @ConditionalOnClass found required class 'org.springframework.web.socket.config.annotation.WebSocketMessageBrokerConfigurer' (OnClassCondition)
      - found 'session' scope (OnWebApplicationCondition)

   WebSocketServletAutoConfiguration matched:
      - @ConditionalOnClass found required classes 'javax.servlet.Servlet', 'javax.websocket.server.ServerContainer' (OnClassCondition)
      - found 'session' scope (OnWebApplicationCondition)

   WebSocketServletAutoConfiguration.TomcatWebSocketConfiguration matched:
      - @ConditionalOnClass found required classes 'org.apache.catalina.startup.Tomcat', 'org.apache.tomcat.websocket.server.WsSci' (OnClassCondition)

   WebSocketServletAutoConfiguration.TomcatWebSocketConfiguration#websocketServletWebServerCustomizer matched:
      - @ConditionalOnMissingBean (names: websocketServletWebServerCustomizer; SearchStrategy: all) did not find any beans (OnBeanCondition)


Negative matches:
-----------------

   ActiveMQAutoConfiguration:
      Did not match:
         - @ConditionalOnClass did not find required class 'javax.jms.ConnectionFactory' (OnClassCondition)

   AopAutoConfiguration.AspectJAutoProxyingConfiguration.JdkDynamicAutoProxyConfiguration:
      Did not match:
         - @ConditionalOnProperty (spring.aop.proxy-target-class=false) did not find property 'proxy-target-class' (OnPropertyCondition)

   AopAutoConfiguration.ClassProxyingConfiguration:
      Did not match:
         - @ConditionalOnMissingClass found unwanted class 'org.aspectj.weaver.Advice' (OnClassCondition)

   ArtemisAutoConfiguration:
      Did not match:
         - @ConditionalOnClass did not find required class 'javax.jms.ConnectionFactory' (OnClassCondition)

   BatchAutoConfiguration:
      Did not match:
         - @ConditionalOnClass did not find required class 'org.springframework.batch.core.launch.JobLauncher' (OnClassCondition)

   CacheAutoConfiguration.CacheManagerEntityManagerFactoryDependsOnPostProcessor:
      Did not match:
         - @ConditionalOnClass did not find required class 'org.springframework.orm.jpa.LocalContainerEntityManagerFactoryBean' (OnClassCondition)

   CaffeineCacheConfiguration:
      Did not match:
         - @ConditionalOnMissingBean (types: org.springframework.cache.CacheManager; SearchStrategy: all) found beans of type 'org.springframework.cache.CacheManager' cacheManager (OnBeanCondition)
      Matched:
         - @ConditionalOnClass found required classes 'com.github.benmanes.caffeine.cache.Caffeine', 'org.springframework.cache.caffeine.CaffeineCacheManager' (OnClassCondition)
         - Cache org.springframework.boot.autoconfigure.cache.CaffeineCacheConfiguration automatic cache type (CacheCondition)

   CassandraAutoConfiguration:
      Did not match:
         - @ConditionalOnClass did not find required class 'com.datastax.oss.driver.api.core.CqlSession' (OnClassCondition)

   CassandraDataAutoConfiguration:
      Did not match:
         - @ConditionalOnClass did not find required class 'com.datastax.oss.driver.api.core.CqlSession' (OnClassCondition)

   CassandraReactiveDataAutoConfiguration:
      Did not match:
         - @ConditionalOnClass did not find required class 'com.datastax.oss.driver.api.core.CqlSession' (OnClassCondition)

   CassandraReactiveRepositoriesAutoConfiguration:
      Did not match:
         - @ConditionalOnClass did not find required class 'org.springframework.data.cassandra.ReactiveSession' (OnClassCondition)

   CassandraRepositoriesAutoConfiguration:
      Did not match:
         - @ConditionalOnClass did not find required class 'com.datastax.oss.driver.api.core.CqlSession' (OnClassCondition)

   ClientHttpConnectorAutoConfiguration:
      Did not match:
         - @ConditionalOnClass did not find required class 'org.springframework.web.reactive.function.client.WebClient' (OnClassCondition)

   CodecsAutoConfiguration:
      Did not match:
         - @ConditionalOnClass did not find required class 'org.springframework.web.reactive.function.client.WebClient' (OnClassCondition)

   CouchbaseAutoConfiguration:
      Did not match:
         - @ConditionalOnClass did not find required class 'com.couchbase.client.java.Cluster' (OnClassCondition)

   CouchbaseCacheConfiguration:
      Did not match:
         - @ConditionalOnClass did not find required class 'com.couchbase.client.java.Cluster' (OnClassCondition)

   CouchbaseDataAutoConfiguration:
      Did not match:
         - @ConditionalOnClass did not find required class 'com.couchbase.client.java.Bucket' (OnClassCondition)

   CouchbaseReactiveDataAutoConfiguration:
      Did not match:
         - @ConditionalOnClass did not find required class 'com.couchbase.client.java.Cluster' (OnClassCondition)

   CouchbaseReactiveRepositoriesAutoConfiguration:
      Did not match:
         - @ConditionalOnClass did not find required class 'com.couchbase.client.java.Cluster' (OnClassCondition)

   CouchbaseRepositoriesAutoConfiguration:
      Did not match:
         - @ConditionalOnClass did not find required class 'com.couchbase.client.java.Bucket' (OnClassCondition)

   DataSourceAutoConfiguration.EmbeddedDatabaseConfiguration:
      Did not match:
         - EmbeddedDataSource spring.datasource.url is set (DataSourceAutoConfiguration.EmbeddedDatabaseCondition)

   DataSourceAutoConfiguration.PooledDataSourceConfiguration:
      Did not match:
         - @ConditionalOnMissingBean (types: javax.sql.DataSource,javax.sql.XADataSource; SearchStrategy: all) found beans of type 'javax.sql.DataSource' dataSource (OnBeanCondition)
      Matched:
         - AnyNestedCondition 2 matched 0 did not; NestedCondition on DataSourceAutoConfiguration.PooledDataSourceCondition.PooledDataSourceAvailable PooledDataSource found supported DataSource; NestedCondition on DataSourceAutoConfiguration.PooledDataSourceCondition.ExplicitType @ConditionalOnProperty (spring.datasource.type) matched (DataSourceAutoConfiguration.PooledDataSourceCondition)

   DataSourceConfiguration.Dbcp2:
      Did not match:
         - @ConditionalOnClass did not find required class 'org.apache.commons.dbcp2.BasicDataSource' (OnClassCondition)

   DataSourceConfiguration.Hikari:
      Did not match:
         - @ConditionalOnProperty (spring.datasource.type=com.zaxxer.hikari.HikariDataSource) found different value in property 'spring.datasource.type' (OnPropertyCondition)
      Matched:
         - @ConditionalOnClass found required class 'com.zaxxer.hikari.HikariDataSource' (OnClassCondition)

   DataSourceConfiguration.OracleUcp:
      Did not match:
         - @ConditionalOnClass did not find required classes 'oracle.ucp.jdbc.PoolDataSourceImpl', 'oracle.jdbc.OracleConnection' (OnClassCondition)

   DataSourceConfiguration.Tomcat:
      Did not match:
         - @ConditionalOnClass did not find required class 'org.apache.tomcat.jdbc.pool.DataSource' (OnClassCondition)

   DataSourceInitializationConfiguration.InitializationSpecificCredentialsDataSourceInitializationConfiguration:
      Did not match:
         - AnyNestedCondition 0 matched 2 did not; NestedCondition on DataSourceInitializationConfiguration.InitializationSpecificCredentialsDataSourceInitializationConfiguration.DifferentCredentialsCondition.DataCredentials @ConditionalOnProperty (spring.datasource.data-username) did not find property 'data-username'; NestedCondition on DataSourceInitializationConfiguration.InitializationSpecificCredentialsDataSourceInitializationConfiguration.DifferentCredentialsCondition.SchemaCredentials @ConditionalOnProperty (spring.datasource.schema-username) did not find property 'schema-username' (DataSourceInitializationConfiguration.InitializationSpecificCredentialsDataSourceInitializationConfiguration.DifferentCredentialsCondition)

   DataSourceInitializationConfiguration.SharedCredentialsDataSourceInitializationConfiguration:
      Did not match:
         - DataSource Initialization did not find configured properties spring.datasource.data-username, spring.datasource.schema-password, spring.datasource.schema[0], spring.datasource.data[0], spring.datasource.data, spring.datasource.schema-username, spring.datasource.data-password, spring.datasource.initialization-mode, spring.datasource.schema, spring.datasource.sql-script-encoding, spring.datasource.separator, spring.datasource.platform, spring.datasource.continue-on-error (DataSourceInitializationConfiguration.SharedCredentialsDataSourceInitializationConfiguration.DataSourceInitializationCondition)

   DataSourceJmxConfiguration.TomcatDataSourceJmxConfiguration:
      Did not match:
         - @ConditionalOnClass did not find required class 'org.apache.tomcat.jdbc.pool.DataSourceProxy' (OnClassCondition)

   DataSourcePoolMetadataProvidersConfiguration.CommonsDbcp2PoolDataSourceMetadataProviderConfiguration:
      Did not match:
         - @ConditionalOnClass did not find required class 'org.apache.commons.dbcp2.BasicDataSource' (OnClassCondition)

   DataSourcePoolMetadataProvidersConfiguration.OracleUcpPoolDataSourceMetadataProviderConfiguration:
      Did not match:
         - @ConditionalOnClass did not find required classes 'oracle.ucp.jdbc.PoolDataSource', 'oracle.jdbc.OracleConnection' (OnClassCondition)

   DataSourcePoolMetadataProvidersConfiguration.TomcatDataSourcePoolMetadataProviderConfiguration:
      Did not match:
         - @ConditionalOnClass did not find required class 'org.apache.tomcat.jdbc.pool.DataSource' (OnClassCondition)

   DdlAutoConfiguration#ddlApplicationRunner:
      Did not match:
         - @ConditionalOnBean (types: com.baomidou.mybatisplus.extension.ddl.IDdl; SearchStrategy: all) did not find any beans of type com.baomidou.mybatisplus.extension.ddl.IDdl (OnBeanCondition)

   DispatcherServletAutoConfiguration.DispatcherServletConfiguration#multipartResolver:
      Did not match:
         - @ConditionalOnBean (types: org.springframework.web.multipart.MultipartResolver; SearchStrategy: all) did not find any beans of type org.springframework.web.multipart.MultipartResolver (OnBeanCondition)

   DruidFilterConfiguration#commonsLogFilter:
      Did not match:
         - @ConditionalOnProperty (spring.datasource.druid.filter.commons-log.enabled) did not find property 'enabled' (OnPropertyCondition)

   DruidFilterConfiguration#configFilter:
      Did not match:
         - @ConditionalOnProperty (spring.datasource.druid.filter.config.enabled) did not find property 'enabled' (OnPropertyCondition)

   DruidFilterConfiguration#encodingConvertFilter:
      Did not match:
         - @ConditionalOnProperty (spring.datasource.druid.filter.encoding.enabled) did not find property 'enabled' (OnPropertyCondition)

   DruidFilterConfiguration#log4j2Filter:
      Did not match:
         - @ConditionalOnProperty (spring.datasource.druid.filter.log4j2.enabled) did not find property 'enabled' (OnPropertyCondition)

   DruidFilterConfiguration#log4jFilter:
      Did not match:
         - @ConditionalOnProperty (spring.datasource.druid.filter.log4j.enabled) did not find property 'enabled' (OnPropertyCondition)

   DruidFilterConfiguration#slf4jLogFilter:
      Did not match:
         - @ConditionalOnProperty (spring.datasource.druid.filter.slf4j.enabled) did not find property 'enabled' (OnPropertyCondition)

   DruidFilterConfiguration#statFilter:
      Did not match:
         - @ConditionalOnProperty (spring.datasource.druid.filter.stat.enabled) did not find property 'enabled' (OnPropertyCondition)

   DruidFilterConfiguration#wallConfig:
      Did not match:
         - @ConditionalOnProperty (spring.datasource.druid.filter.wall.enabled) did not find property 'enabled' (OnPropertyCondition)

   DruidFilterConfiguration#wallFilter:
      Did not match:
         - @ConditionalOnProperty (spring.datasource.druid.filter.wall.enabled) did not find property 'enabled' (OnPropertyCondition)

   DruidSpringAopConfiguration:
      Did not match:
         - @ConditionalOnProperty (spring.datasource.druid.aop-patterns) did not find property 'spring.datasource.druid.aop-patterns' (OnPropertyCondition)

   DruidStatViewServletConfiguration:
      Did not match:
         - @ConditionalOnProperty (spring.datasource.druid.stat-view-servlet.enabled=true) did not find property 'spring.datasource.druid.stat-view-servlet.enabled' (OnPropertyCondition)
      Matched:
         - @ConditionalOnWebApplication (required) found 'session' scope (OnWebApplicationCondition)

   DruidWebStatFilterConfiguration:
      Did not match:
         - @ConditionalOnProperty (spring.datasource.druid.web-stat-filter.enabled=true) did not find property 'spring.datasource.druid.web-stat-filter.enabled' (OnPropertyCondition)
      Matched:
         - @ConditionalOnWebApplication (required) found 'session' scope (OnWebApplicationCondition)

   EhCacheCacheConfiguration:
      Did not match:
         - @ConditionalOnClass did not find required class 'net.sf.ehcache.Cache' (OnClassCondition)

   ElasticsearchDataAutoConfiguration:
      Did not match:
         - @ConditionalOnClass did not find required class 'org.springframework.data.elasticsearch.core.ElasticsearchRestTemplate' (OnClassCondition)

   ElasticsearchRepositoriesAutoConfiguration:
      Did not match:
         - @ConditionalOnClass did not find required class 'org.elasticsearch.client.Client' (OnClassCondition)

   ElasticsearchRestClientAutoConfiguration:
      Did not match:
         - @ConditionalOnClass did not find required class 'org.elasticsearch.client.RestHighLevelClient' (OnClassCondition)

   EmbeddedLdapAutoConfiguration:
      Did not match:
         - @ConditionalOnClass did not find required class 'com.unboundid.ldap.listener.InMemoryDirectoryServer' (OnClassCondition)

   EmbeddedMongoAutoConfiguration:
      Did not match:
         - @ConditionalOnClass did not find required class 'com.mongodb.MongoClientSettings' (OnClassCondition)

   EmbeddedWebServerFactoryCustomizerAutoConfiguration.JettyWebServerFactoryCustomizerConfiguration:
      Did not match:
         - @ConditionalOnClass did not find required classes 'org.eclipse.jetty.server.Server', 'org.eclipse.jetty.util.Loader', 'org.eclipse.jetty.webapp.WebAppContext' (OnClassCondition)

   EmbeddedWebServerFactoryCustomizerAutoConfiguration.NettyWebServerFactoryCustomizerConfiguration:
      Did not match:
         - @ConditionalOnClass did not find required class 'reactor.netty.http.server.HttpServer' (OnClassCondition)

   EmbeddedWebServerFactoryCustomizerAutoConfiguration.UndertowWebServerFactoryCustomizerConfiguration:
      Did not match:
         - @ConditionalOnClass did not find required classes 'io.undertow.Undertow', 'org.xnio.SslClientAuthMode' (OnClassCondition)

   ErrorWebFluxAutoConfiguration:
      Did not match:
         - @ConditionalOnClass did not find required class 'org.springframework.web.reactive.config.WebFluxConfigurer' (OnClassCondition)

   FileStorageAutoConfiguration#fileRecorder:
      Did not match:
         - @ConditionalOnMissingBean (types: org.dromara.x.file.storage.core.recorder.FileRecorder; SearchStrategy: all) found beans of type 'org.dromara.x.file.storage.core.recorder.FileRecorder' inMemoryFileRecorder (OnBeanCondition)

   FlywayAutoConfiguration:
      Did not match:
         - @ConditionalOnClass did not find required class 'org.flywaydb.core.Flyway' (OnClassCondition)

   FreeMarkerAutoConfiguration:
      Did not match:
         - @ConditionalOnClass did not find required class 'freemarker.template.Configuration' (OnClassCondition)

   GenericCacheConfiguration:
      Did not match:
         - @ConditionalOnBean (types: org.springframework.cache.Cache; SearchStrategy: all) did not find any beans of type org.springframework.cache.Cache (OnBeanCondition)
      Matched:
         - Cache org.springframework.boot.autoconfigure.cache.GenericCacheConfiguration automatic cache type (CacheCondition)

   GroovyTemplateAutoConfiguration:
      Did not match:
         - @ConditionalOnClass did not find required class 'groovy.text.markup.MarkupTemplateEngine' (OnClassCondition)

   GsonHttpMessageConvertersConfiguration.GsonHttpMessageConverterConfiguration:
      Did not match:
         - AnyNestedCondition 0 matched 2 did not; NestedCondition on GsonHttpMessageConvertersConfiguration.PreferGsonOrJacksonAndJsonbUnavailableCondition.JacksonJsonbUnavailable NoneNestedConditions 1 matched 1 did not; NestedCondition on GsonHttpMessageConvertersConfiguration.JacksonAndJsonbUnavailableCondition.JsonbPreferred @ConditionalOnProperty (spring.mvc.converters.preferred-json-mapper=jsonb) did not find property 'spring.mvc.converters.preferred-json-mapper'; NestedCondition on GsonHttpMessageConvertersConfiguration.JacksonAndJsonbUnavailableCondition.JacksonAvailable @ConditionalOnBean (types: org.springframework.http.converter.json.MappingJackson2HttpMessageConverter; SearchStrategy: all) found bean 'mappingJackson2HttpMessageConverter'; NestedCondition on GsonHttpMessageConvertersConfiguration.PreferGsonOrJacksonAndJsonbUnavailableCondition.GsonPreferred @ConditionalOnProperty (spring.mvc.converters.preferred-json-mapper=gson) did not find property 'spring.mvc.converters.preferred-json-mapper' (GsonHttpMessageConvertersConfiguration.PreferGsonOrJacksonAndJsonbUnavailableCondition)

   H2ConsoleAutoConfiguration:
      Did not match:
         - @ConditionalOnClass did not find required class 'org.h2.server.web.WebServlet' (OnClassCondition)

   HazelcastAutoConfiguration:
      Did not match:
         - @ConditionalOnClass did not find required class 'com.hazelcast.core.HazelcastInstance' (OnClassCondition)

   HazelcastCacheConfiguration:
      Did not match:
         - @ConditionalOnClass did not find required class 'com.hazelcast.core.HazelcastInstance' (OnClassCondition)

   HazelcastJCacheCustomizationConfiguration:
      Did not match:
         - @ConditionalOnClass did not find required class 'com.hazelcast.core.HazelcastInstance' (OnClassCondition)

   HazelcastJpaDependencyAutoConfiguration:
      Did not match:
         - @ConditionalOnClass did not find required class 'com.hazelcast.core.HazelcastInstance' (OnClassCondition)

   HibernateJpaAutoConfiguration:
      Did not match:
         - @ConditionalOnClass did not find required class 'javax.persistence.EntityManager' (OnClassCondition)

   HttpHandlerAutoConfiguration:
      Did not match:
         - @ConditionalOnClass did not find required class 'org.springframework.web.reactive.DispatcherHandler' (OnClassCondition)

   HypermediaAutoConfiguration:
      Did not match:
         - @ConditionalOnClass did not find required class 'org.springframework.hateoas.EntityModel' (OnClassCondition)

   IdentifierGeneratorAutoConfiguration:
      Did not match:
         - @ConditionalOnClass did not find required class 'org.springframework.cloud.commons.util.InetUtils' (OnClassCondition)

   InfinispanCacheConfiguration:
      Did not match:
         - @ConditionalOnClass did not find required class 'org.infinispan.spring.embedded.provider.SpringEmbeddedCacheManager' (OnClassCondition)

   InfluxDbAutoConfiguration:
      Did not match:
         - @ConditionalOnClass did not find required class 'org.influxdb.InfluxDB' (OnClassCondition)

   IntegrationAutoConfiguration:
      Did not match:
         - @ConditionalOnClass did not find required class 'org.springframework.integration.config.EnableIntegration' (OnClassCondition)

   JacksonHttpMessageConvertersConfiguration.MappingJackson2XmlHttpMessageConverterConfiguration:
      Did not match:
         - @ConditionalOnClass did not find required class 'com.fasterxml.jackson.dataformat.xml.XmlMapper' (OnClassCondition)

   JdbcRepositoriesAutoConfiguration:
      Did not match:
         - @ConditionalOnClass did not find required class 'org.springframework.data.jdbc.repository.config.AbstractJdbcConfiguration' (OnClassCondition)

   JedisConnectionConfiguration:
      Did not match:
         - @ConditionalOnClass did not find required classes 'org.apache.commons.pool2.impl.GenericObjectPool', 'redis.clients.jedis.Jedis' (OnClassCondition)

   JerseyAutoConfiguration:
      Did not match:
         - @ConditionalOnClass did not find required class 'org.glassfish.jersey.server.spring.SpringComponentProvider' (OnClassCondition)

   JmsAutoConfiguration:
      Did not match:
         - @ConditionalOnClass did not find required class 'javax.jms.Message' (OnClassCondition)

   JmxAutoConfiguration:
      Did not match:
         - @ConditionalOnProperty (spring.jmx.enabled=true) did not find property 'enabled' (OnPropertyCondition)
      Matched:
         - @ConditionalOnClass found required class 'org.springframework.jmx.export.MBeanExporter' (OnClassCondition)

   JndiConnectionFactoryAutoConfiguration:
      Did not match:
         - @ConditionalOnClass did not find required class 'org.springframework.jms.core.JmsTemplate' (OnClassCondition)

   JndiDataSourceAutoConfiguration:
      Did not match:
         - @ConditionalOnProperty (spring.datasource.jndi-name) did not find property 'jndi-name' (OnPropertyCondition)
      Matched:
         - @ConditionalOnClass found required classes 'javax.sql.DataSource', 'org.springframework.jdbc.datasource.embedded.EmbeddedDatabaseType' (OnClassCondition)

   JooqAutoConfiguration:
      Did not match:
         - @ConditionalOnClass did not find required class 'org.jooq.DSLContext' (OnClassCondition)

   JpaRepositoriesAutoConfiguration:
      Did not match:
         - @ConditionalOnClass did not find required class 'org.springframework.data.jpa.repository.JpaRepository' (OnClassCondition)

   JsonbAutoConfiguration:
      Did not match:
         - @ConditionalOnClass did not find required class 'javax.json.bind.Jsonb' (OnClassCondition)

   JsonbHttpMessageConvertersConfiguration:
      Did not match:
         - @ConditionalOnClass did not find required class 'javax.json.bind.Jsonb' (OnClassCondition)

   JtaAutoConfiguration:
      Did not match:
         - @ConditionalOnClass did not find required class 'javax.transaction.Transaction' (OnClassCondition)

   KafkaAutoConfiguration:
      Did not match:
         - @ConditionalOnClass did not find required class 'org.springframework.kafka.core.KafkaTemplate' (OnClassCondition)

   Knife4jAutoConfiguration:
      Did not match:
         - @ConditionalOnProperty (knife4j.enable=true) did not find property 'knife4j.enable' (OnPropertyCondition)

   LdapAutoConfiguration:
      Did not match:
         - @ConditionalOnClass did not find required class 'org.springframework.ldap.core.ContextSource' (OnClassCondition)

   LdapRepositoriesAutoConfiguration:
      Did not match:
         - @ConditionalOnClass did not find required class 'org.springframework.data.ldap.repository.LdapRepository' (OnClassCondition)

   LiquibaseAutoConfiguration:
      Did not match:
         - @ConditionalOnClass did not find required class 'liquibase.change.DatabaseChange' (OnClassCondition)

   MailSenderJndiConfiguration:
      Did not match:
         - @ConditionalOnProperty (spring.mail.jndi-name) did not find property 'jndi-name' (OnPropertyCondition)
      Matched:
         - @ConditionalOnClass found required class 'javax.mail.Session' (OnClassCondition)

   MailSenderValidatorAutoConfiguration:
      Did not match:
         - @ConditionalOnProperty (spring.mail.test-connection) did not find property 'test-connection' (OnPropertyCondition)

   MessageSourceAutoConfiguration:
      Did not match:
         - ResourceBundle did not find bundle with basename messages (MessageSourceAutoConfiguration.ResourceBundleCondition)

   MongoAutoConfiguration:
      Did not match:
         - @ConditionalOnClass did not find required class 'com.mongodb.client.MongoClient' (OnClassCondition)

   MongoDataAutoConfiguration:
      Did not match:
         - @ConditionalOnClass did not find required class 'com.mongodb.client.MongoClient' (OnClassCondition)

   MongoReactiveAutoConfiguration:
      Did not match:
         - @ConditionalOnClass did not find required class 'com.mongodb.reactivestreams.client.MongoClient' (OnClassCondition)

   MongoReactiveDataAutoConfiguration:
      Did not match:
         - @ConditionalOnClass did not find required class 'com.mongodb.reactivestreams.client.MongoClient' (OnClassCondition)

   MongoReactiveRepositoriesAutoConfiguration:
      Did not match:
         - @ConditionalOnClass did not find required class 'com.mongodb.reactivestreams.client.MongoClient' (OnClassCondition)

   MongoRepositoriesAutoConfiguration:
      Did not match:
         - @ConditionalOnClass did not find required class 'com.mongodb.client.MongoClient' (OnClassCondition)

   MustacheAutoConfiguration:
      Did not match:
         - @ConditionalOnClass did not find required class 'com.samskivert.mustache.Mustache' (OnClassCondition)

   MybatisPlusAutoConfiguration.MapperScannerRegistrarNotFoundConfiguration:
      Did not match:
         - @ConditionalOnMissingBean (types: org.mybatis.spring.mapper.MapperFactoryBean,org.mybatis.spring.mapper.MapperScannerConfigurer; SearchStrategy: all) found beans of type 'org.mybatis.spring.mapper.MapperScannerConfigurer' cn.imhtb.live.AntLiveApplication#MapperScannerRegistrar#0 (OnBeanCondition)

   MybatisPlusInnerInterceptorAutoConfiguration:
      Did not match:
         - @ConditionalOnBean (types: com.baomidou.mybatisplus.extension.plugins.inner.InnerInterceptor; SearchStrategy: all) did not find any beans of type com.baomidou.mybatisplus.extension.plugins.inner.InnerInterceptor (OnBeanCondition)

   MybatisPlusLanguageDriverAutoConfiguration.FreeMarkerConfiguration:
      Did not match:
         - @ConditionalOnClass did not find required classes 'org.mybatis.scripting.freemarker.FreeMarkerLanguageDriver', 'org.mybatis.scripting.freemarker.FreeMarkerLanguageDriverConfig' (OnClassCondition)

   MybatisPlusLanguageDriverAutoConfiguration.LegacyFreeMarkerConfiguration:
      Did not match:
         - @ConditionalOnClass did not find required class 'org.mybatis.scripting.freemarker.FreeMarkerLanguageDriver' (OnClassCondition)

   MybatisPlusLanguageDriverAutoConfiguration.LegacyVelocityConfiguration:
      Did not match:
         - @ConditionalOnClass did not find required class 'org.mybatis.scripting.velocity.Driver' (OnClassCondition)

   MybatisPlusLanguageDriverAutoConfiguration.ThymeleafConfiguration:
      Did not match:
         - @ConditionalOnClass did not find required class 'org.mybatis.scripting.thymeleaf.ThymeleafLanguageDriver' (OnClassCondition)

   MybatisPlusLanguageDriverAutoConfiguration.VelocityConfiguration:
      Did not match:
         - @ConditionalOnClass did not find required classes 'org.mybatis.scripting.velocity.VelocityLanguageDriver', 'org.mybatis.scripting.velocity.VelocityLanguageDriverConfig' (OnClassCondition)

   Neo4jAutoConfiguration:
      Did not match:
         - @ConditionalOnClass did not find required class 'org.neo4j.driver.Driver' (OnClassCondition)

   Neo4jDataAutoConfiguration:
      Did not match:
         - @ConditionalOnClass did not find required class 'org.neo4j.driver.Driver' (OnClassCondition)

   Neo4jReactiveDataAutoConfiguration:
      Did not match:
         - @ConditionalOnClass did not find required class 'org.neo4j.driver.Driver' (OnClassCondition)

   Neo4jReactiveRepositoriesAutoConfiguration:
      Did not match:
         - @ConditionalOnClass did not find required class 'org.neo4j.driver.Driver' (OnClassCondition)

   Neo4jRepositoriesAutoConfiguration:
      Did not match:
         - @ConditionalOnClass did not find required class 'org.neo4j.driver.Driver' (OnClassCondition)

   NoOpCacheConfiguration:
      Did not match:
         - @ConditionalOnMissingBean (types: org.springframework.cache.CacheManager; SearchStrategy: all) found beans of type 'org.springframework.cache.CacheManager' cacheManager (OnBeanCondition)
      Matched:
         - Cache org.springframework.boot.autoconfigure.cache.NoOpCacheConfiguration automatic cache type (CacheCondition)

   OAuth2ClientAutoConfiguration:
      Did not match:
         - @ConditionalOnClass did not find required class 'org.springframework.security.oauth2.client.registration.ClientRegistration' (OnClassCondition)

   OAuth2ResourceServerAutoConfiguration:
      Did not match:
         - @ConditionalOnClass did not find required class 'org.springframework.security.oauth2.server.resource.BearerTokenAuthenticationToken' (OnClassCondition)

   ProjectInfoAutoConfiguration#buildProperties:
      Did not match:
         - @ConditionalOnResource did not find resource '${spring.info.build.location:classpath:META-INF/build-info.properties}' (OnResourceCondition)

   ProjectInfoAutoConfiguration#gitProperties:
      Did not match:
         - GitResource did not find git info at classpath:git.properties (ProjectInfoAutoConfiguration.GitResourceAvailableCondition)

   QuartzAutoConfiguration:
      Did not match:
         - @ConditionalOnClass did not find required class 'org.quartz.Scheduler' (OnClassCondition)

   R2dbcAutoConfiguration:
      Did not match:
         - @ConditionalOnClass did not find required class 'io.r2dbc.spi.ConnectionFactory' (OnClassCondition)

   R2dbcDataAutoConfiguration:
      Did not match:
         - @ConditionalOnClass did not find required class 'org.springframework.data.r2dbc.core.R2dbcEntityTemplate' (OnClassCondition)

   R2dbcInitializationConfiguration:
      Did not match:
         - @ConditionalOnClass did not find required classes 'io.r2dbc.spi.ConnectionFactory', 'org.springframework.r2dbc.connection.init.DatabasePopulator' (OnClassCondition)

   R2dbcRepositoriesAutoConfiguration:
      Did not match:
         - @ConditionalOnClass did not find required class 'io.r2dbc.spi.ConnectionFactory' (OnClassCondition)

   R2dbcTransactionManagerAutoConfiguration:
      Did not match:
         - @ConditionalOnClass did not find required class 'org.springframework.r2dbc.connection.R2dbcTransactionManager' (OnClassCondition)

   RSocketMessagingAutoConfiguration:
      Did not match:
         - @ConditionalOnClass did not find required class 'io.rsocket.RSocket' (OnClassCondition)

   RSocketRequesterAutoConfiguration:
      Did not match:
         - @ConditionalOnClass did not find required class 'io.rsocket.RSocket' (OnClassCondition)

   RSocketSecurityAutoConfiguration:
      Did not match:
         - @ConditionalOnClass did not find required class 'org.springframework.security.rsocket.core.SecuritySocketAcceptorInterceptor' (OnClassCondition)

   RSocketServerAutoConfiguration:
      Did not match:
         - @ConditionalOnClass did not find required class 'io.rsocket.core.RSocketServer' (OnClassCondition)

   RSocketStrategiesAutoConfiguration:
      Did not match:
         - @ConditionalOnClass did not find required class 'io.rsocket.RSocket' (OnClassCondition)

   RabbitAutoConfiguration:
      Did not match:
         - @ConditionalOnClass did not find required class 'com.rabbitmq.client.Channel' (OnClassCondition)

   ReactiveElasticsearchRepositoriesAutoConfiguration:
      Did not match:
         - @ConditionalOnClass did not find required class 'org.springframework.data.elasticsearch.client.reactive.ReactiveElasticsearchClient' (OnClassCondition)

   ReactiveElasticsearchRestClientAutoConfiguration:
      Did not match:
         - @ConditionalOnClass did not find required class 'reactor.netty.http.client.HttpClient' (OnClassCondition)

   ReactiveOAuth2ClientAutoConfiguration:
      Did not match:
         - @ConditionalOnClass did not find required class 'org.springframework.security.oauth2.client.registration.ClientRegistration' (OnClassCondition)

   ReactiveOAuth2ResourceServerAutoConfiguration:
      Did not match:
         - @ConditionalOnWebApplication did not find reactive web application classes (OnWebApplicationCondition)

   ReactiveSecurityAutoConfiguration:
      Did not match:
         - @ConditionalOnClass did not find required class 'org.springframework.web.reactive.config.WebFluxConfigurer' (OnClassCondition)

   ReactiveUserDetailsServiceAutoConfiguration:
      Did not match:
         - AnyNestedCondition 0 matched 2 did not; NestedCondition on ReactiveUserDetailsServiceAutoConfiguration.ReactiveUserDetailsServiceCondition.ReactiveWebApplicationCondition did not find reactive web application classes; NestedCondition on ReactiveUserDetailsServiceAutoConfiguration.ReactiveUserDetailsServiceCondition.RSocketSecurityEnabledCondition @ConditionalOnBean (types: org.springframework.messaging.rsocket.annotation.support.RSocketMessageHandler; SearchStrategy: all) did not find any beans of type org.springframework.messaging.rsocket.annotation.support.RSocketMessageHandler (ReactiveUserDetailsServiceAutoConfiguration.ReactiveUserDetailsServiceCondition)
      Matched:
         - @ConditionalOnClass found required class 'org.springframework.security.authentication.ReactiveAuthenticationManager' (OnClassCondition)

   ReactiveWebServerFactoryAutoConfiguration:
      Did not match:
         - @ConditionalOnWebApplication did not find reactive web application classes (OnWebApplicationCondition)

   RedisCacheConfiguration:
      Did not match:
         - @ConditionalOnMissingBean (types: org.springframework.cache.CacheManager; SearchStrategy: all) found beans of type 'org.springframework.cache.CacheManager' cacheManager (OnBeanCondition)
      Matched:
         - @ConditionalOnClass found required class 'org.springframework.data.redis.connection.RedisConnectionFactory' (OnClassCondition)
         - Cache org.springframework.boot.autoconfigure.cache.RedisCacheConfiguration automatic cache type (CacheCondition)

   RedissonCacheStatisticsAutoConfiguration:
      Did not match:
         - @ConditionalOnClass did not find required class 'org.springframework.boot.actuate.metrics.cache.CacheMeterBinderProvider' (OnClassCondition)

   RepositoryRestMvcAutoConfiguration:
      Did not match:
         - @ConditionalOnClass did not find required class 'org.springframework.data.rest.webmvc.config.RepositoryRestMvcConfiguration' (OnClassCondition)

   Saml2RelyingPartyAutoConfiguration:
      Did not match:
         - @ConditionalOnClass did not find required class 'org.springframework.security.saml2.provider.service.registration.RelyingPartyRegistrationRepository' (OnClassCondition)

   SecurityDataConfiguration:
      Did not match:
         - @ConditionalOnClass did not find required class 'org.springframework.security.data.repository.query.SecurityEvaluationContextExtension' (OnClassCondition)

   SendGridAutoConfiguration:
      Did not match:
         - @ConditionalOnClass did not find required class 'com.sendgrid.SendGrid' (OnClassCondition)

   ServletWebServerFactoryAutoConfiguration#forwardedHeaderFilter:
      Did not match:
         - @ConditionalOnProperty (server.forward-headers-strategy=framework) did not find property 'server.forward-headers-strategy' (OnPropertyCondition)

   ServletWebServerFactoryConfiguration.EmbeddedJetty:
      Did not match:
         - @ConditionalOnClass did not find required classes 'org.eclipse.jetty.server.Server', 'org.eclipse.jetty.util.Loader', 'org.eclipse.jetty.webapp.WebAppContext' (OnClassCondition)

   ServletWebServerFactoryConfiguration.EmbeddedUndertow:
      Did not match:
         - @ConditionalOnClass did not find required classes 'io.undertow.Undertow', 'org.xnio.SslClientAuthMode' (OnClassCondition)

   SessionAutoConfiguration:
      Did not match:
         - @ConditionalOnClass did not find required class 'org.springframework.session.Session' (OnClassCondition)

   SimpleCacheConfiguration:
      Did not match:
         - @ConditionalOnMissingBean (types: org.springframework.cache.CacheManager; SearchStrategy: all) found beans of type 'org.springframework.cache.CacheManager' cacheManager (OnBeanCondition)
      Matched:
         - Cache org.springframework.boot.autoconfigure.cache.SimpleCacheConfiguration automatic cache type (CacheCondition)

   SolrAutoConfiguration:
      Did not match:
         - @ConditionalOnClass did not find required class 'org.apache.solr.client.solrj.impl.CloudSolrClient' (OnClassCondition)

   SpringApplicationAdminJmxAutoConfiguration:
      Did not match:
         - @ConditionalOnProperty (spring.application.admin.enabled=true) did not find property 'enabled' (OnPropertyCondition)

   SpringBootWebSecurityConfiguration:
      Did not match:
         - AllNestedConditions 1 matched 1 did not; NestedCondition on DefaultWebSecurityCondition.Beans @ConditionalOnMissingBean (types: org.springframework.security.config.annotation.web.configuration.WebSecurityConfigurerAdapter,org.springframework.security.web.SecurityFilterChain; SearchStrategy: all) found beans of type 'org.springframework.security.config.annotation.web.configuration.WebSecurityConfigurerAdapter' securityConfig; NestedCondition on DefaultWebSecurityCondition.Classes @ConditionalOnClass found required classes 'org.springframework.security.web.SecurityFilterChain', 'org.springframework.security.config.annotation.web.builders.HttpSecurity' (DefaultWebSecurityCondition)
      Matched:
         - found 'session' scope (OnWebApplicationCondition)

   TaskSchedulingAutoConfiguration#taskScheduler:
      Did not match:
         - @ConditionalOnMissingBean (types: org.springframework.scheduling.annotation.SchedulingConfigurer,org.springframework.scheduling.TaskScheduler,java.util.concurrent.ScheduledExecutorService; SearchStrategy: all) found beans of type 'org.springframework.scheduling.TaskScheduler' defaultSockJsTaskScheduler (OnBeanCondition)

   ThymeleafAutoConfiguration:
      Did not match:
         - @ConditionalOnClass did not find required class 'org.thymeleaf.spring5.SpringTemplateEngine' (OnClassCondition)

   TransactionAutoConfiguration#transactionalOperator:
      Did not match:
         - @ConditionalOnSingleCandidate (types: org.springframework.transaction.ReactiveTransactionManager; SearchStrategy: all) did not find any beans (OnBeanCondition)

   TransactionAutoConfiguration.EnableTransactionManagementConfiguration.JdkDynamicAutoProxyConfiguration:
      Did not match:
         - @ConditionalOnProperty (spring.aop.proxy-target-class=false) did not find property 'proxy-target-class' (OnPropertyCondition)

   UserDetailsServiceAutoConfiguration:
      Did not match:
         - @ConditionalOnMissingBean (types: org.springframework.security.authentication.AuthenticationManager,org.springframework.security.authentication.AuthenticationProvider,org.springframework.security.core.userdetails.UserDetailsService,org.springframework.security.oauth2.jwt.JwtDecoder,org.springframework.security.oauth2.server.resource.introspection.OpaqueTokenIntrospector,org.springframework.security.oauth2.client.registration.ClientRegistrationRepository; SearchStrategy: all) found beans of type 'org.springframework.security.core.userdetails.UserDetailsService' userDetailsServiceImpl, setUserDetailsService (OnBeanCondition)
      Matched:
         - @ConditionalOnClass found required class 'org.springframework.security.authentication.AuthenticationManager' (OnClassCondition)

   WebClientAutoConfiguration:
      Did not match:
         - @ConditionalOnClass did not find required class 'org.springframework.web.reactive.function.client.WebClient' (OnClassCondition)

   WebFluxAutoConfiguration:
      Did not match:
         - @ConditionalOnClass did not find required class 'org.springframework.web.reactive.config.WebFluxConfigurer' (OnClassCondition)

   WebMvcAutoConfiguration#hiddenHttpMethodFilter:
      Did not match:
         - @ConditionalOnProperty (spring.mvc.hiddenmethod.filter.enabled) did not find property 'enabled' (OnPropertyCondition)

   WebMvcAutoConfiguration.ResourceChainCustomizerConfiguration:
      Did not match:
         - @ConditionalOnEnabledResourceChain did not find class org.webjars.WebJarAssetLocator (OnEnabledResourceChainCondition)

   WebMvcAutoConfiguration.WebMvcAutoConfigurationAdapter#beanNameViewResolver:
      Did not match:
         - @ConditionalOnMissingBean (types: org.springframework.web.servlet.view.BeanNameViewResolver; SearchStrategy: all) found beans of type 'org.springframework.web.servlet.view.BeanNameViewResolver' beanNameViewResolver (OnBeanCondition)

   WebSecurityEnablerConfiguration:
      Did not match:
         - @ConditionalOnMissingBean (names: springSecurityFilterChain; SearchStrategy: all) found beans named springSecurityFilterChain (OnBeanCondition)
      Matched:
         - @ConditionalOnClass found required class 'org.springframework.security.config.annotation.web.configuration.EnableWebSecurity' (OnClassCondition)
         - found 'session' scope (OnWebApplicationCondition)

   WebServiceTemplateAutoConfiguration:
      Did not match:
         - @ConditionalOnClass did not find required class 'org.springframework.ws.client.core.WebServiceTemplate' (OnClassCondition)

   WebServicesAutoConfiguration:
      Did not match:
         - @ConditionalOnClass did not find required class 'org.springframework.ws.transport.http.MessageDispatcherServlet' (OnClassCondition)

   WebSocketMessagingAutoConfiguration.WebSocketMessageConverterConfiguration:
      Did not match:
         - @ConditionalOnBean (types: org.springframework.web.socket.config.annotation.DelegatingWebSocketMessageBrokerConfiguration,com.fasterxml.jackson.databind.ObjectMapper; SearchStrategy: all) did not find any beans of type org.springframework.web.socket.config.annotation.DelegatingWebSocketMessageBrokerConfiguration (OnBeanCondition)
      Matched:
         - @ConditionalOnClass found required classes 'com.fasterxml.jackson.databind.ObjectMapper', 'org.springframework.messaging.simp.config.AbstractMessageBrokerConfiguration' (OnClassCondition)

   WebSocketReactiveAutoConfiguration:
      Did not match:
         - @ConditionalOnWebApplication did not find reactive web application classes (OnWebApplicationCondition)

   WebSocketServletAutoConfiguration.Jetty10WebSocketConfiguration:
      Did not match:
         - @ConditionalOnClass did not find required classes 'org.eclipse.jetty.websocket.javax.server.internal.JavaxWebSocketServerContainer', 'org.eclipse.jetty.websocket.server.JettyWebSocketServerContainer' (OnClassCondition)

   WebSocketServletAutoConfiguration.JettyWebSocketConfiguration:
      Did not match:
         - @ConditionalOnClass did not find required class 'org.eclipse.jetty.websocket.jsr356.server.deploy.WebSocketServerContainerInitializer' (OnClassCondition)

   WebSocketServletAutoConfiguration.UndertowWebSocketConfiguration:
      Did not match:
         - @ConditionalOnClass did not find required class 'io.undertow.websockets.jsr.Bootstrap' (OnClassCondition)

   XADataSourceAutoConfiguration:
      Did not match:
         - @ConditionalOnClass did not find required class 'javax.transaction.TransactionManager' (OnClassCondition)


Exclusions:
-----------

    None


Unconditional classes:
----------------------

    org.springframework.boot.autoconfigure.context.ConfigurationPropertiesAutoConfiguration

    org.springframework.boot.autoconfigure.context.PropertyPlaceholderAutoConfiguration

    org.springframework.boot.autoconfigure.context.LifecycleAutoConfiguration

    cn.hutool.extra.spring.SpringUtil

    org.springframework.boot.autoconfigure.availability.ApplicationAvailabilityAutoConfiguration

    org.springframework.boot.autoconfigure.info.ProjectInfoAutoConfiguration



[32m2026-04-26 08:36:06.373[0;39m [34mINFO [0;39m [33morg.springframework.scheduling.annotation.ScheduledAnnotationBeanPostProcessor[0;39m: No TaskScheduler/ScheduledExecutorService bean found for scheduled processing
[32m2026-04-26 08:36:06.380[0;39m [34mINFO [0;39m [33mcn.imhtb.live.AntLiveApplication[0;39m: Started AntLiveApplication in 10.028 seconds (JVM running for 10.972)
[32m2026-04-26 08:36:06.382[0;39m [39mDEBUG[0;39m [33morg.springframework.boot.availability.ApplicationAvailabilityBean[0;39m: Application availability state LivenessState changed to CORRECT
[32m2026-04-26 08:36:06.391[0;39m [39mDEBUG[0;39m [33morg.springframework.jdbc.core.JdbcTemplate[0;39m: Executing SQL statement [CREATE TABLE IF NOT EXISTS `tb_wallet` (`id` int NOT NULL AUTO_INCREMENT,`user_id` int NOT NULL,`balance` decimal(16,2) NOT NULL DEFAULT '0.00',`version` int NOT NULL DEFAULT '0',`sign` varchar(255) DEFAULT NULL,`status` int NOT NULL DEFAULT '0',`create_time` datetime NOT NULL DEFAULT CURRENT_TIMESTAMP,`update_time` datetime NOT NULL DEFAULT CURRENT_TIMESTAMP ON UPDATE CURRENT_TIMESTAMP,PRIMARY KEY (`id`),UNIQUE KEY `uk_tb_wallet_user_id` (`user_id`)) ENGINE=InnoDB DEFAULT CHARSET=utf8mb4]
[32m2026-04-26 08:36:06.432[0;39m [39mDEBUG[0;39m [33morg.springframework.jdbc.core.JdbcTemplate[0;39m: SQLWarning ignored: SQL state '42S01', error code '1050', message [Table 'tb_wallet' already exists]
[32m2026-04-26 08:36:06.434[0;39m [39mDEBUG[0;39m [33morg.springframework.jdbc.core.JdbcTemplate[0;39m: Executing SQL statement [CREATE TABLE IF NOT EXISTS `tb_wallet_log` (`id` int NOT NULL AUTO_INCREMENT,`wallet_id` int NOT NULL,`balance` decimal(16,2) NOT NULL,`fee` decimal(16,2) NOT NULL,`action_type` int NOT NULL,`source_uuid` varchar(64) DEFAULT NULL,`source_type` varchar(32) DEFAULT NULL,`create_time` datetime NOT NULL DEFAULT CURRENT_TIMESTAMP,`update_time` datetime NOT NULL DEFAULT CURRENT_TIMESTAMP ON UPDATE CURRENT_TIMESTAMP,PRIMARY KEY (`id`),UNIQUE KEY `uk_tb_wallet_log_source_uuid` (`source_uuid`),KEY `idx_tb_wallet_log_wallet_id` (`wallet_id`)) ENGINE=InnoDB DEFAULT CHARSET=utf8mb4]
[32m2026-04-26 08:36:06.440[0;39m [39mDEBUG[0;39m [33morg.springframework.jdbc.core.JdbcTemplate[0;39m: SQLWarning ignored: SQL state '42S01', error code '1050', message [Table 'tb_wallet_log' already exists]
[32m2026-04-26 08:36:06.444[0;39m [39mDEBUG[0;39m [33morg.springframework.jdbc.core.JdbcTemplate[0;39m: Executing prepared SQL query
[32m2026-04-26 08:36:06.444[0;39m [39mDEBUG[0;39m [33morg.springframework.jdbc.core.JdbcTemplate[0;39m: Executing prepared SQL statement [SELECT COUNT(*) FROM information_schema.COLUMNS WHERE TABLE_SCHEMA = DATABASE() AND TABLE_NAME = ? AND COLUMN_NAME = ?]
[32m2026-04-26 08:36:06.461[0;39m [39mDEBUG[0;39m [33morg.springframework.jdbc.core.JdbcTemplate[0;39m: Executing prepared SQL query
[32m2026-04-26 08:36:06.462[0;39m [39mDEBUG[0;39m [33morg.springframework.jdbc.core.JdbcTemplate[0;39m: Executing prepared SQL statement [SELECT COUNT(*) FROM information_schema.COLUMNS WHERE TABLE_SCHEMA = DATABASE() AND TABLE_NAME = ? AND COLUMN_NAME = ?]
[32m2026-04-26 08:36:06.464[0;39m [39mDEBUG[0;39m [33morg.springframework.jdbc.core.JdbcTemplate[0;39m: Executing prepared SQL query
[32m2026-04-26 08:36:06.465[0;39m [39mDEBUG[0;39m [33morg.springframework.jdbc.core.JdbcTemplate[0;39m: Executing prepared SQL statement [SELECT COUNT(*) FROM information_schema.STATISTICS WHERE TABLE_SCHEMA = DATABASE() AND TABLE_NAME = ? AND INDEX_NAME = ?]
[32m2026-04-26 08:36:06.468[0;39m [39mDEBUG[0;39m [33morg.springframework.jdbc.core.JdbcTemplate[0;39m: Executing prepared SQL query
[32m2026-04-26 08:36:06.468[0;39m [39mDEBUG[0;39m [33morg.springframework.jdbc.core.JdbcTemplate[0;39m: Executing prepared SQL statement [SELECT COUNT(*) FROM information_schema.STATISTICS WHERE TABLE_SCHEMA = DATABASE() AND TABLE_NAME = ? AND INDEX_NAME = ?]
[32m2026-04-26 08:36:06.470[0;39m [39mDEBUG[0;39m [33morg.springframework.boot.availability.ApplicationAvailabilityBean[0;39m: Application availability state ReadinessState changed to ACCEPTING_TRAFFIC
[32m2026-04-26 08:36:06.665[0;39m [34mINFO [0;39m [33mcn.imhtb.live.start.MinioStart[0;39m: minio init finished, config = MinioConfig(endpoint=http://localhost:9000, ip=localhost, port=9000, accessKey=minioadmin, secretKey=minioadmin, bucketName=live.file.bucket, relative=false)
